disbursement_id,application_id,prospect_id,disbursement_date,branch_id,ao_id,product,segment,disbursed_amount,interest_rate_pa,tenor_months
DSB0000001,APP0000001,PR0000001,2026-01-31,BR003,AO010,Kredit Payroll,Payroll,48500000,15.5,36
DSB0000002,APP0000002,PR0000011,2026-02-19,BR001,AO002,Kredit Payroll,Payroll,96500000,15.5,48
DSB0000003,APP0000003,PR0000017,2026-06-27,BR001,AO003,Kredit Konsumtif,Konsumtif,29000000,18.0,24
DSB0000004,APP0000004,PR0000021,2025-09-19,BR001,AO003,Kredit Produktif SME,SME,467500000,19.0,60
DSB0000005,APP0000005,PR0000028,2026-01-12,BR004,AO014,Kredit Payroll,Payroll,49000000,15.5,48
DSB0000006,APP0000006,PR0000045,2025-07-31,BR002,AO007,Kredit Konsumtif,Konsumtif,48000000,18.0,36
DSB0000007,APP0000008,PR0000050,2026-06-13,BR006,AO024,Kredit Mikro,Mikro,69500000,21.0,18
DSB0000008,APP0000009,PR0000062,2025-09-16,BR003,AO012,Kredit Konsumtif,Konsumtif,120000000,18.0,36
DSB0000009,APP0000010,PR0000067,2026-01-25,BR007,AO025,Kredit Konsumtif,Konsumtif,122500000,18.0,24
DSB0000010,APP0000011,PR0000078,2026-03-22,BR001,AO004,Kredit Payroll,Payroll,197500000,15.5,60
DSB0000011,APP0000013,PR0000083,2025-07-16,BR001,AO001,Kredit Produktif SME,SME,96000000,19.0,24
DSB0000012,APP0000014,PR0000086,2026-01-31,BR002,AO008,Kredit Produktif SME,SME,467500000,19.0,24
DSB0000013,APP0000016,PR0000095,2026-05-01,BR006,AO023,Kredit Produktif SME,SME,950000000,19.0,24
DSB0000014,APP0000018,PR0000106,2025-12-26,BR003,AO011,Kredit Konsumtif,Konsumtif,95000000,18.0,24
DSB0000015,APP0000019,PR0000118,2025-07-30,BR005,AO017,Kredit Produktif SME,SME,196500000,19.0,24
DSB0000016,APP0000020,PR0000130,2025-12-23,BR003,AO009,Kredit Produktif SME,SME,143500000,19.0,48
DSB0000017,APP0000022,PR0000137,2026-06-13,BR006,AO021,Kredit Produktif SME,SME,146000000,19.0,12
DSB0000018,APP0000023,PR0000142,2025-09-20,BR004,AO015,Kredit Payroll,Payroll,100000000,15.5,12
DSB0000019,APP0000026,PR0000155,2025-11-26,BR001,AO003,Kredit Konsumtif,Konsumtif,30000000,18.0,18
DSB0000020,APP0000027,PR0000158,2026-04-18,BR001,AO002,Kredit Konsumtif,Konsumtif,49500000,18.0,24
DSB0000021,APP0000028,PR0000160,2026-03-12,BR003,AO009,Kredit Produktif SME,SME,98500000,19.0,60
DSB0000022,APP0000029,PR0000161,2026-05-30,BR001,AO002,Kredit Konsumtif,Konsumtif,117500000,18.0,12
DSB0000023,APP0000030,PR0000183,2025-11-21,BR001,AO002,Kredit Mikro,Mikro,98000000,21.0,12
DSB0000024,APP0000033,PR0000186,2026-05-28,BR007,AO027,Kredit Mikro,Mikro,47000000,21.0,24
DSB0000025,APP0000034,PR0000189,2026-05-01,BR001,AO004,Kredit Konsumtif,Konsumtif,29500000,18.0,36
DSB0000026,APP0000035,PR0000193,2026-04-26,BR007,AO027,Kredit Konsumtif,Konsumtif,120000000,18.0,12
DSB0000027,APP0000039,PR0000215,2026-04-29,BR003,AO012,Kredit Konsumtif,Konsumtif,141500000,18.0,12
DSB0000028,APP0000040,PR0000231,2026-03-28,BR006,AO021,Kredit Konsumtif,Konsumtif,141000000,18.0,36
DSB0000029,APP0000041,PR0000234,2026-02-10,BR006,AO022,Kredit Payroll,Payroll,95000000,15.5,36
DSB0000030,APP0000044,PR0000255,2025-11-13,BR006,AO023,Kredit Mikro,Mikro,28000000,21.0,12
DSB0000031,APP0000045,PR0000256,2026-05-31,BR001,AO003,Kredit Mikro,Mikro,47000000,21.0,24
DSB0000032,APP0000046,PR0000260,2026-06-05,BR003,AO010,Kredit Produktif SME,SME,196000000,19.0,48
DSB0000033,APP0000047,PR0000270,2025-07-31,BR004,AO016,Kredit Konsumtif,Konsumtif,116500000,18.0,24
DSB0000034,APP0000048,PR0000271,2025-09-21,BR001,AO003,Kredit Payroll,Payroll,73000000,15.5,24
DSB0000035,APP0000052,PR0000291,2025-10-18,BR007,AO027,Kredit Mikro,Mikro,29000000,21.0,18
DSB0000036,APP0000053,PR0000307,2026-03-03,BR002,AO006,Kredit Konsumtif,Konsumtif,95000000,18.0,24
DSB0000037,APP0000055,PR0000328,2025-11-17,BR003,AO010,Kredit Mikro,Mikro,72500000,21.0,12
DSB0000038,APP0000057,PR0000332,2026-02-23,BR006,AO022,Kredit Konsumtif,Konsumtif,72500000,18.0,18
DSB0000039,APP0000059,PR0000344,2025-12-31,BR001,AO004,Kredit Mikro,Mikro,73500000,21.0,24
DSB0000040,APP0000060,PR0000353,2026-03-10,BR001,AO002,Kredit Konsumtif,Konsumtif,30000000,18.0,36
DSB0000041,APP0000061,PR0000355,2025-12-14,BR004,AO014,Kredit Payroll,Payroll,192000000,15.5,36
DSB0000042,APP0000062,PR0000359,2026-06-17,BR007,AO026,Kredit Mikro,Mikro,19500000,21.0,24
DSB0000043,APP0000063,PR0000363,2026-06-21,BR001,AO004,Kredit Payroll,Payroll,143000000,15.5,60
DSB0000044,APP0000064,PR0000369,2025-11-28,BR001,AO004,Kredit Mikro,Mikro,28000000,21.0,36
DSB0000045,APP0000065,PR0000374,2026-03-03,BR005,AO019,Kredit Produktif SME,SME,98000000,19.0,48
DSB0000046,APP0000066,PR0000375,2025-10-31,BR002,AO005,Kredit Payroll,Payroll,48500000,15.5,12
DSB0000047,APP0000068,PR0000389,2025-11-09,BR003,AO010,Kredit Payroll,Payroll,98000000,15.5,48
DSB0000048,APP0000069,PR0000390,2025-08-08,BR005,AO018,Kredit Payroll,Payroll,145500000,15.5,12
DSB0000049,APP0000070,PR0000400,2025-08-29,BR006,AO024,Kredit Konsumtif,Konsumtif,73500000,18.0,24
DSB0000050,APP0000072,PR0000405,2026-02-19,BR001,AO002,Kredit Konsumtif,Konsumtif,70000000,18.0,36
DSB0000051,APP0000074,PR0000429,2026-05-31,BR001,AO001,Kredit Mikro,Mikro,28000000,21.0,12
DSB0000052,APP0000075,PR0000434,2026-06-18,BR003,AO009,Kredit Mikro,Mikro,19500000,21.0,36
DSB0000053,APP0000077,PR0000445,2025-11-27,BR001,AO002,Kredit Payroll,Payroll,49500000,15.5,36
DSB0000054,APP0000078,PR0000449,2026-05-22,BR003,AO009,Kredit Konsumtif,Konsumtif,72500000,18.0,24
DSB0000055,APP0000079,PR0000453,2026-02-13,BR003,AO011,Kredit Payroll,Payroll,71000000,15.5,12
DSB0000056,APP0000080,PR0000468,2025-11-13,BR002,AO006,Kredit Mikro,Mikro,69500000,21.0,18
DSB0000057,APP0000081,PR0000481,2026-01-31,BR006,AO022,Kredit Konsumtif,Konsumtif,142000000,18.0,18
DSB0000058,APP0000082,PR0000482,2025-09-12,BR004,AO014,Kredit Konsumtif,Konsumtif,95000000,18.0,12
DSB0000059,APP0000084,PR0000484,2025-10-31,BR003,AO011,Kredit Mikro,Mikro,19000000,21.0,18
DSB0000060,APP0000086,PR0000498,2026-05-23,BR002,AO006,Kredit Produktif SME,SME,462500000,19.0,36
DSB0000061,APP0000087,PR0000517,2026-01-18,BR005,AO020,Kredit Payroll,Payroll,149000000,15.5,48
DSB0000062,APP0000091,PR0000529,2025-10-19,BR002,AO007,Kredit Payroll,Payroll,72500000,15.5,12
DSB0000063,APP0000092,PR0000536,2026-05-31,BR006,AO023,Kredit Payroll,Payroll,138500000,15.5,36
DSB0000064,APP0000093,PR0000538,2025-12-21,BR001,AO004,Kredit Payroll,Payroll,48500000,15.5,48
DSB0000065,APP0000095,PR0000547,2026-05-01,BR007,AO026,Kredit Payroll,Payroll,71000000,15.5,36
DSB0000066,APP0000096,PR0000552,2025-10-31,BR007,AO026,Kredit Mikro,Mikro,28500000,21.0,18
DSB0000067,APP0000097,PR0000563,2025-07-20,BR002,AO007,Kredit Mikro,Mikro,97000000,21.0,24
DSB0000068,APP0000098,PR0000564,2025-11-21,BR004,AO015,Kredit Mikro,Mikro,49000000,21.0,18
DSB0000069,APP0000099,PR0000566,2026-01-19,BR005,AO018,Kredit Konsumtif,Konsumtif,49500000,18.0,18
DSB0000070,APP0000102,PR0000574,2026-05-01,BR003,AO009,Kredit Payroll,Payroll,148000000,15.5,36
DSB0000071,APP0000103,PR0000576,2025-08-31,BR001,AO003,Kredit Mikro,Mikro,49000000,21.0,18
DSB0000072,APP0000104,PR0000582,2025-10-31,BR003,AO010,Kredit Produktif SME,SME,143500000,19.0,60
DSB0000073,APP0000106,PR0000593,2025-10-18,BR006,AO023,Kredit Konsumtif,Konsumtif,48500000,18.0,12
DSB0000074,APP0000107,PR0000598,2025-09-20,BR007,AO028,Kredit Payroll,Payroll,74000000,15.5,60
DSB0000075,APP0000108,PR0000601,2025-09-12,BR001,AO001,Kredit Payroll,Payroll,95500000,15.5,60
DSB0000076,APP0000109,PR0000604,2026-07-01,BR005,AO019,Kredit Konsumtif,Konsumtif,70000000,18.0,12
DSB0000077,APP0000110,PR0000605,2025-10-01,BR007,AO027,Kredit Konsumtif,Konsumtif,123000000,18.0,36
DSB0000078,APP0000112,PR0000613,2025-10-20,BR003,AO011,Kredit Produktif SME,SME,193500000,19.0,12
DSB0000079,APP0000113,PR0000627,2025-10-27,BR001,AO003,Kredit Payroll,Payroll,95000000,15.5,36
DSB0000080,APP0000114,PR0000634,2026-05-19,BR002,AO007,Kredit Payroll,Payroll,49500000,15.5,60
DSB0000081,APP0000115,PR0000639,2026-01-17,BR001,AO001,Kredit Konsumtif,Konsumtif,143500000,18.0,36
DSB0000082,APP0000117,PR0000645,2025-11-30,BR002,AO006,Kredit Konsumtif,Konsumtif,71500000,18.0,18
DSB0000083,APP0000118,PR0000648,2026-03-03,BR005,AO019,Kredit Payroll,Payroll,94000000,15.5,24
DSB0000084,APP0000119,PR0000661,2026-05-31,BR006,AO021,Kredit Konsumtif,Konsumtif,47500000,18.0,36
DSB0000085,APP0000121,PR0000668,2025-12-17,BR001,AO003,Kredit Mikro,Mikro,49000000,21.0,18
DSB0000086,APP0000122,PR0000680,2026-05-07,BR003,AO009,Kredit Konsumtif,Konsumtif,147000000,18.0,18
DSB0000087,APP0000125,PR0000690,2025-10-25,BR005,AO018,Kredit Konsumtif,Konsumtif,122000000,18.0,12
DSB0000088,APP0000126,PR0000691,2025-10-26,BR006,AO022,Kredit Produktif SME,SME,192000000,19.0,12
DSB0000089,APP0000127,PR0000701,2025-12-14,BR003,AO009,Kredit Mikro,Mikro,19500000,21.0,12
DSB0000090,APP0000128,PR0000706,2026-05-28,BR001,AO003,Kredit Konsumtif,Konsumtif,124500000,18.0,36
DSB0000091,APP0000130,PR0000712,2026-02-27,BR003,AO009,Kredit Konsumtif,Konsumtif,92500000,18.0,18
DSB0000092,APP0000131,PR0000713,2025-08-22,BR002,AO006,Kredit Mikro,Mikro,98500000,21.0,12
DSB0000093,APP0000133,PR0000726,2025-10-31,BR004,AO013,Kredit Payroll,Payroll,149500000,15.5,48
DSB0000094,APP0000134,PR0000731,2025-12-18,BR002,AO008,Kredit Konsumtif,Konsumtif,124000000,18.0,36
DSB0000095,APP0000135,PR0000733,2025-08-23,BR006,AO022,Kredit Mikro,Mikro,19000000,21.0,36
DSB0000096,APP0000138,PR0000753,2026-06-25,BR002,AO005,Kredit Payroll,Payroll,189500000,15.5,36
DSB0000097,APP0000139,PR0000759,2025-12-10,BR003,AO011,Kredit Mikro,Mikro,28000000,21.0,24
DSB0000098,APP0000140,PR0000761,2025-10-14,BR006,AO021,Kredit Produktif SME,SME,975000000,19.0,48
DSB0000099,APP0000145,PR0000778,2026-05-31,BR001,AO001,Kredit Konsumtif,Konsumtif,93500000,18.0,12
DSB0000100,APP0000146,PR0000787,2025-10-09,BR001,AO004,Kredit Mikro,Mikro,20000000,21.0,36
DSB0000101,APP0000147,PR0000790,2026-05-27,BR006,AO021,Kredit Payroll,Payroll,99000000,15.5,48
DSB0000102,APP0000149,PR0000793,2026-06-19,BR001,AO003,Kredit Mikro,Mikro,73000000,21.0,24
DSB0000103,APP0000151,PR0000799,2026-03-11,BR004,AO016,Kredit Mikro,Mikro,18500000,21.0,12
DSB0000104,APP0000152,PR0000800,2026-02-18,BR003,AO011,Kredit Produktif SME,SME,942500000,19.0,36
DSB0000105,APP0000154,PR0000809,2026-03-03,BR002,AO008,Kredit Konsumtif,Konsumtif,48000000,18.0,18
DSB0000106,APP0000155,PR0000813,2026-01-31,BR002,AO007,Kredit Konsumtif,Konsumtif,97500000,18.0,12
DSB0000107,APP0000156,PR0000814,2026-03-03,BR006,AO021,Kredit Konsumtif,Konsumtif,28000000,18.0,12
DSB0000108,APP0000158,PR0000821,2025-10-24,BR004,AO014,Kredit Produktif SME,SME,743000000,19.0,48
DSB0000109,APP0000159,PR0000822,2025-10-01,BR005,AO020,Kredit Payroll,Payroll,186000000,15.5,36
DSB0000110,APP0000160,PR0000827,2026-04-28,BR007,AO028,Kredit Produktif SME,SME,186500000,19.0,24
DSB0000111,APP0000161,PR0000835,2026-03-03,BR001,AO001,Kredit Konsumtif,Konsumtif,72000000,18.0,24
DSB0000112,APP0000162,PR0000844,2026-05-01,BR001,AO003,Kredit Mikro,Mikro,74500000,21.0,18
DSB0000113,APP0000163,PR0000846,2025-09-17,BR007,AO028,Kredit Payroll,Payroll,188500000,15.5,12
DSB0000114,APP0000164,PR0000849,2025-11-26,BR007,AO027,Kredit Payroll,Payroll,48500000,15.5,60
DSB0000115,APP0000165,PR0000858,2026-03-03,BR002,AO007,Kredit Payroll,Payroll,47000000,15.5,36
DSB0000116,APP0000166,PR0000864,2025-08-29,BR002,AO006,Kredit Payroll,Payroll,193500000,15.5,12
DSB0000117,APP0000172,PR0000885,2025-10-31,BR006,AO021,Kredit Payroll,Payroll,47500000,15.5,12
DSB0000118,APP0000173,PR0000886,2025-08-31,BR001,AO002,Kredit Mikro,Mikro,46500000,21.0,12
DSB0000119,APP0000174,PR0000889,2026-06-19,BR006,AO023,Kredit Mikro,Mikro,19500000,21.0,24
DSB0000120,APP0000175,PR0000894,2025-11-27,BR004,AO015,Kredit Mikro,Mikro,99000000,21.0,12
DSB0000121,APP0000176,PR0000900,2025-08-21,BR003,AO010,Kredit Konsumtif,Konsumtif,124500000,18.0,24
DSB0000122,APP0000177,PR0000901,2025-12-20,BR001,AO001,Kredit Produktif SME,SME,489000000,19.0,36
DSB0000123,APP0000179,PR0000907,2025-12-29,BR001,AO001,Kredit Payroll,Payroll,49000000,15.5,24
DSB0000124,APP0000181,PR0000914,2026-02-08,BR007,AO028,Kredit Konsumtif,Konsumtif,147500000,18.0,18
DSB0000125,APP0000183,PR0000929,2026-06-09,BR002,AO006,Kredit Produktif SME,SME,938500000,19.0,48
DSB0000126,APP0000184,PR0000932,2026-04-15,BR002,AO007,Kredit Produktif SME,SME,148000000,19.0,48
DSB0000127,APP0000185,PR0000936,2025-08-07,BR001,AO001,Kredit Konsumtif,Konsumtif,71500000,18.0,12
DSB0000128,APP0000190,PR0000960,2026-04-16,BR005,AO017,Kredit Mikro,Mikro,94000000,21.0,12
DSB0000129,APP0000191,PR0000961,2025-11-17,BR001,AO001,Kredit Payroll,Payroll,184500000,15.5,48
DSB0000130,APP0000192,PR0000962,2026-01-21,BR002,AO006,Kredit Konsumtif,Konsumtif,70500000,18.0,36
DSB0000131,APP0000193,PR0000965,2025-09-26,BR006,AO024,Kredit Produktif SME,SME,94500000,19.0,24
DSB0000132,APP0000197,PR0000977,2026-01-31,BR001,AO003,Kredit Mikro,Mikro,20000000,21.0,36
DSB0000133,APP0000199,PR0000989,2025-10-01,BR004,AO013,Kredit Produktif SME,SME,957000000,19.0,60
DSB0000134,APP0000203,PR0001010,2026-05-31,BR003,AO011,Kredit Mikro,Mikro,75000000,21.0,12
DSB0000135,APP0000204,PR0001014,2025-11-13,BR002,AO008,Kredit Payroll,Payroll,46000000,15.5,36
DSB0000136,APP0000206,PR0001020,2026-02-28,BR003,AO010,Kredit Konsumtif,Konsumtif,27500000,18.0,36
DSB0000137,APP0000207,PR0001021,2026-05-25,BR002,AO007,Kredit Konsumtif,Konsumtif,140500000,18.0,24
DSB0000138,APP0000209,PR0001026,2026-01-25,BR003,AO011,Kredit Produktif SME,SME,925000000,19.0,48
DSB0000139,APP0000210,PR0001035,2026-03-21,BR007,AO027,Kredit Mikro,Mikro,19000000,21.0,12
DSB0000140,APP0000211,PR0001041,2026-05-23,BR002,AO008,Kredit Konsumtif,Konsumtif,28500000,18.0,24
DSB0000141,APP0000212,PR0001042,2026-04-15,BR005,AO017,Kredit Payroll,Payroll,72500000,15.5,12
DSB0000142,APP0000213,PR0001047,2025-12-31,BR001,AO004,Kredit Payroll,Payroll,146000000,15.5,48
DSB0000143,APP0000214,PR0001050,2026-01-14,BR007,AO026,Kredit Payroll,Payroll,48000000,15.5,12
DSB0000144,APP0000215,PR0001051,2026-03-02,BR006,AO021,Kredit Konsumtif,Konsumtif,93000000,18.0,24
DSB0000145,APP0000217,PR0001055,2025-12-31,BR001,AO002,Kredit Mikro,Mikro,94000000,21.0,36
DSB0000146,APP0000218,PR0001063,2026-07-01,BR004,AO015,Kredit Produktif SME,SME,97500000,19.0,12
DSB0000147,APP0000221,PR0001073,2025-08-27,BR006,AO024,Kredit Produktif SME,SME,187500000,19.0,24
DSB0000148,APP0000222,PR0001077,2025-12-01,BR005,AO019,Kredit Payroll,Payroll,47500000,15.5,60
DSB0000149,APP0000223,PR0001078,2025-09-10,BR002,AO006,Kredit Konsumtif,Konsumtif,28000000,18.0,12
DSB0000150,APP0000224,PR0001081,2025-10-01,BR002,AO007,Kredit Produktif SME,SME,187000000,19.0,36
DSB0000151,APP0000225,PR0001082,2026-05-13,BR006,AO023,Kredit Konsumtif,Konsumtif,92500000,18.0,18
DSB0000152,APP0000226,PR0001084,2025-12-31,BR005,AO020,Kredit Konsumtif,Konsumtif,122000000,18.0,18
DSB0000153,APP0000227,PR0001087,2025-12-19,BR006,AO024,Kredit Konsumtif,Konsumtif,70500000,18.0,36
DSB0000154,APP0000228,PR0001094,2025-11-30,BR004,AO016,Kredit Payroll,Payroll,187500000,15.5,60
DSB0000155,APP0000229,PR0001100,2025-10-18,BR002,AO006,Kredit Payroll,Payroll,69000000,15.5,60
DSB0000156,APP0000230,PR0001102,2026-03-31,BR002,AO006,Kredit Konsumtif,Konsumtif,148000000,18.0,24
DSB0000157,APP0000232,PR0001105,2026-03-03,BR004,AO013,Kredit Mikro,Mikro,28000000,21.0,18
DSB0000158,APP0000233,PR0001110,2026-07-01,BR007,AO028,Kredit Payroll,Payroll,197500000,15.5,12
DSB0000159,APP0000234,PR0001111,2026-06-22,BR003,AO012,Kredit Payroll,Payroll,199000000,15.5,48
DSB0000160,APP0000235,PR0001124,2026-02-19,BR002,AO005,Kredit Konsumtif,Konsumtif,28000000,18.0,12
DSB0000161,APP0000237,PR0001147,2026-03-31,BR005,AO020,Kredit Konsumtif,Konsumtif,28000000,18.0,18
DSB0000162,APP0000238,PR0001151,2026-01-11,BR003,AO009,Kredit Mikro,Mikro,47000000,21.0,24
DSB0000163,APP0000239,PR0001152,2026-03-03,BR003,AO009,Kredit Payroll,Payroll,144500000,15.5,12
DSB0000164,APP0000241,PR0001154,2026-03-03,BR006,AO024,Kredit Payroll,Payroll,49500000,15.5,48
DSB0000165,APP0000242,PR0001159,2025-10-17,BR003,AO012,Kredit Payroll,Payroll,190500000,15.5,48
DSB0000166,APP0000245,PR0001171,2026-04-18,BR006,AO021,Kredit Payroll,Payroll,146500000,15.5,24
DSB0000167,APP0000248,PR0001186,2026-03-03,BR005,AO019,Kredit Konsumtif,Konsumtif,93500000,18.0,18
DSB0000168,APP0000249,PR0001188,2026-04-27,BR005,AO019,Kredit Payroll,Payroll,189000000,15.5,60
DSB0000169,APP0000250,PR0001191,2025-08-21,BR003,AO010,Kredit Mikro,Mikro,70000000,21.0,36
DSB0000170,APP0000251,PR0001192,2026-05-31,BR003,AO012,Kredit Konsumtif,Konsumtif,96500000,18.0,12
DSB0000171,APP0000253,PR0001194,2026-05-01,BR003,AO012,Kredit Produktif SME,SME,998000000,19.0,12
DSB0000172,APP0000254,PR0001197,2026-02-25,BR007,AO028,Kredit Konsumtif,Konsumtif,123500000,18.0,24
DSB0000173,APP0000256,PR0001218,2025-11-15,BR005,AO019,Kredit Mikro,Mikro,18500000,21.0,12
DSB0000174,APP0000257,PR0001221,2026-02-23,BR005,AO019,Kredit Mikro,Mikro,19500000,21.0,12
DSB0000175,APP0000259,PR0001232,2025-10-24,BR006,AO021,Kredit Konsumtif,Konsumtif,46500000,18.0,24
DSB0000176,APP0000265,PR0001262,2025-08-22,BR003,AO011,Kredit Konsumtif,Konsumtif,46500000,18.0,36
DSB0000177,APP0000267,PR0001270,2026-03-10,BR004,AO013,Kredit Mikro,Mikro,28000000,21.0,12
DSB0000178,APP0000268,PR0001289,2026-05-17,BR001,AO004,Kredit Konsumtif,Konsumtif,120000000,18.0,24
DSB0000179,APP0000269,PR0001290,2026-06-17,BR001,AO002,Kredit Konsumtif,Konsumtif,48000000,18.0,12
DSB0000180,APP0000270,PR0001293,2026-03-24,BR007,AO025,Kredit Mikro,Mikro,28500000,21.0,12
DSB0000181,APP0000274,PR0001308,2026-05-31,BR001,AO002,Kredit Payroll,Payroll,140000000,15.5,48
DSB0000182,APP0000275,PR0001309,2025-09-29,BR004,AO014,Kredit Konsumtif,Konsumtif,124500000,18.0,24
DSB0000183,APP0000276,PR0001312,2025-07-31,BR002,AO006,Kredit Produktif SME,SME,185000000,19.0,48
DSB0000184,APP0000282,PR0001334,2026-04-26,BR002,AO007,Kredit Payroll,Payroll,197500000,15.5,36
DSB0000185,APP0000284,PR0001348,2026-02-22,BR005,AO019,Kredit Payroll,Payroll,148500000,15.5,12
DSB0000186,APP0000285,PR0001355,2026-03-11,BR007,AO025,Kredit Mikro,Mikro,28500000,21.0,24
DSB0000187,APP0000287,PR0001373,2026-01-30,BR006,AO024,Kredit Konsumtif,Konsumtif,118500000,18.0,18
DSB0000188,APP0000292,PR0001392,2026-03-28,BR006,AO022,Kredit Konsumtif,Konsumtif,122500000,18.0,36
DSB0000189,APP0000293,PR0001399,2026-05-15,BR001,AO002,Kredit Konsumtif,Konsumtif,147000000,18.0,12
DSB0000190,APP0000294,PR0001401,2026-06-20,BR001,AO004,Kredit Konsumtif,Konsumtif,70000000,18.0,18
DSB0000191,APP0000297,PR0001411,2026-03-31,BR001,AO001,Kredit Konsumtif,Konsumtif,72500000,18.0,12
DSB0000192,APP0000299,PR0001416,2025-12-01,BR004,AO013,Kredit Mikro,Mikro,70000000,21.0,36
DSB0000193,APP0000300,PR0001419,2026-01-31,BR001,AO003,Kredit Mikro,Mikro,30000000,21.0,24
DSB0000194,APP0000301,PR0001425,2026-02-23,BR006,AO022,Kredit Payroll,Payroll,46500000,15.5,36
DSB0000195,APP0000302,PR0001430,2025-09-18,BR004,AO013,Kredit Produktif SME,SME,726500000,19.0,60
DSB0000196,APP0000303,PR0001432,2026-03-23,BR006,AO022,Kredit Produktif SME,SME,99500000,19.0,60
DSB0000197,APP0000304,PR0001435,2026-05-31,BR005,AO019,Kredit Produktif SME,SME,147500000,19.0,36
DSB0000198,APP0000305,PR0001437,2026-03-19,BR004,AO013,Kredit Mikro,Mikro,71000000,21.0,24
DSB0000199,APP0000306,PR0001440,2026-06-20,BR003,AO010,Kredit Payroll,Payroll,149500000,15.5,48
DSB0000200,APP0000308,PR0001453,2026-05-31,BR005,AO019,Kredit Payroll,Payroll,95000000,15.5,24
DSB0000201,APP0000310,PR0001456,2025-08-18,BR001,AO001,Kredit Konsumtif,Konsumtif,29000000,18.0,36
DSB0000202,APP0000311,PR0001457,2026-04-25,BR006,AO022,Kredit Konsumtif,Konsumtif,92000000,18.0,12
DSB0000203,APP0000312,PR0001461,2026-06-18,BR001,AO003,Kredit Mikro,Mikro,95000000,21.0,36
DSB0000204,APP0000315,PR0001470,2025-12-15,BR001,AO003,Kredit Payroll,Payroll,69500000,15.5,24
DSB0000205,APP0000316,PR0001475,2026-04-19,BR003,AO011,Kredit Produktif SME,SME,280000000,19.0,36
DSB0000206,APP0000317,PR0001478,2026-05-25,BR005,AO019,Kredit Konsumtif,Konsumtif,47500000,18.0,24
DSB0000207,APP0000318,PR0001488,2026-03-03,BR002,AO005,Kredit Payroll,Payroll,186500000,15.5,12
DSB0000208,APP0000319,PR0001489,2026-03-21,BR001,AO003,Kredit Konsumtif,Konsumtif,143500000,18.0,18
DSB0000209,APP0000320,PR0001492,2026-02-19,BR007,AO027,Kredit Mikro,Mikro,47000000,21.0,24
DSB0000210,APP0000324,PR0001512,2026-05-26,BR002,AO008,Kredit Konsumtif,Konsumtif,125000000,18.0,24
DSB0000211,APP0000327,PR0001540,2026-06-23,BR005,AO017,Kredit Konsumtif,Konsumtif,99500000,18.0,18
DSB0000212,APP0000328,PR0001544,2025-12-31,BR001,AO004,Kredit Payroll,Payroll,188000000,15.5,48
DSB0000213,APP0000329,PR0001553,2025-08-26,BR001,AO002,Kredit Produktif SME,SME,148500000,19.0,24
DSB0000214,APP0000330,PR0001555,2025-10-01,BR006,AO022,Kredit Produktif SME,SME,710000000,19.0,48
DSB0000215,APP0000331,PR0001557,2026-05-20,BR005,AO018,Kredit Mikro,Mikro,75000000,21.0,24
DSB0000216,APP0000333,PR0001584,2026-02-21,BR001,AO004,Kredit Konsumtif,Konsumtif,29500000,18.0,36
DSB0000217,APP0000335,PR0001592,2026-03-27,BR001,AO002,Kredit Produktif SME,SME,150000000,19.0,12
DSB0000218,APP0000337,PR0001599,2026-02-20,BR004,AO014,Kredit Payroll,Payroll,49500000,15.5,60
DSB0000219,APP0000338,PR0001601,2026-05-15,BR004,AO014,Kredit Payroll,Payroll,47500000,15.5,24
DSB0000220,APP0000341,PR0001609,2025-12-13,BR003,AO010,Kredit Konsumtif,Konsumtif,141500000,18.0,36
DSB0000221,APP0000343,PR0001621,2026-05-26,BR004,AO014,Kredit Konsumtif,Konsumtif,47000000,18.0,18
DSB0000222,APP0000344,PR0001627,2026-03-05,BR002,AO008,Kredit Konsumtif,Konsumtif,99000000,18.0,24
DSB0000223,APP0000345,PR0001630,2026-04-30,BR001,AO002,Kredit Payroll,Payroll,72500000,15.5,36
DSB0000224,APP0000346,PR0001633,2026-03-14,BR002,AO006,Kredit Konsumtif,Konsumtif,123500000,18.0,18
DSB0000225,APP0000347,PR0001636,2026-07-01,BR003,AO010,Kredit Konsumtif,Konsumtif,115500000,18.0,12
DSB0000226,APP0000348,PR0001638,2025-11-15,BR001,AO003,Kredit Produktif SME,SME,958500000,19.0,36
DSB0000227,APP0000349,PR0001642,2026-05-01,BR005,AO020,Kredit Konsumtif,Konsumtif,144000000,18.0,12
DSB0000228,APP0000350,PR0001643,2025-07-13,BR003,AO010,Kredit Produktif SME,SME,937500000,19.0,12
DSB0000229,APP0000351,PR0001655,2025-11-13,BR005,AO018,Kredit Konsumtif,Konsumtif,49000000,18.0,24
DSB0000230,APP0000354,PR0001674,2025-10-21,BR005,AO017,Kredit Mikro,Mikro,93500000,21.0,36
DSB0000231,APP0000357,PR0001686,2025-12-31,BR001,AO003,Kredit Konsumtif,Konsumtif,124000000,18.0,12
DSB0000232,APP0000358,PR0001693,2026-06-10,BR003,AO010,Kredit Konsumtif,Konsumtif,48500000,18.0,18
DSB0000233,APP0000359,PR0001700,2025-12-26,BR007,AO026,Kredit Konsumtif,Konsumtif,49500000,18.0,24
DSB0000234,APP0000360,PR0001711,2025-10-13,BR001,AO001,Kredit Produktif SME,SME,287000000,19.0,48
DSB0000235,APP0000361,PR0001713,2025-10-29,BR001,AO003,Kredit Produktif SME,SME,286500000,19.0,48
DSB0000236,APP0000363,PR0001733,2025-09-30,BR001,AO001,Kredit Konsumtif,Konsumtif,46000000,18.0,24
DSB0000237,APP0000364,PR0001736,2026-03-29,BR006,AO023,Kredit Produktif SME,SME,983500000,19.0,48
DSB0000238,APP0000366,PR0001740,2026-04-15,BR003,AO012,Kredit Payroll,Payroll,196000000,15.5,36
DSB0000239,APP0000367,PR0001750,2025-12-28,BR001,AO001,Kredit Mikro,Mikro,73000000,21.0,24
DSB0000240,APP0000369,PR0001760,2025-07-22,BR003,AO010,Kredit Konsumtif,Konsumtif,49500000,18.0,18
DSB0000241,APP0000370,PR0001762,2026-03-21,BR001,AO001,Kredit Mikro,Mikro,47000000,21.0,36
DSB0000242,APP0000371,PR0001763,2025-11-19,BR006,AO021,Kredit Mikro,Mikro,48500000,21.0,18
DSB0000243,APP0000372,PR0001764,2025-10-14,BR002,AO006,Kredit Mikro,Mikro,20000000,21.0,24
DSB0000244,APP0000373,PR0001767,2026-02-18,BR001,AO001,Kredit Mikro,Mikro,94000000,21.0,24
DSB0000245,APP0000375,PR0001775,2026-03-23,BR001,AO002,Kredit Payroll,Payroll,49000000,15.5,12
DSB0000246,APP0000376,PR0001781,2025-10-21,BR002,AO008,Kredit Payroll,Payroll,146000000,15.5,24
DSB0000247,APP0000377,PR0001783,2025-10-13,BR007,AO028,Kredit Konsumtif,Konsumtif,146000000,18.0,24
DSB0000248,APP0000378,PR0001785,2025-11-12,BR006,AO021,Kredit Konsumtif,Konsumtif,75000000,18.0,18
DSB0000249,APP0000379,PR0001792,2026-06-28,BR002,AO008,Kredit Konsumtif,Konsumtif,150000000,18.0,18
DSB0000250,APP0000380,PR0001793,2025-12-26,BR007,AO027,Kredit Payroll,Payroll,186500000,15.5,12
DSB0000251,APP0000382,PR0001796,2025-08-31,BR002,AO005,Kredit Produktif SME,SME,100000000,19.0,24
DSB0000252,APP0000383,PR0001799,2025-10-09,BR001,AO004,Kredit Payroll,Payroll,72500000,15.5,12
DSB0000253,APP0000384,PR0001806,2026-01-31,BR005,AO020,Kredit Payroll,Payroll,146500000,15.5,24
DSB0000254,APP0000386,PR0001819,2025-11-16,BR005,AO020,Kredit Mikro,Mikro,97000000,21.0,18
DSB0000255,APP0000388,PR0001822,2026-01-31,BR002,AO005,Kredit Payroll,Payroll,92500000,15.5,48
DSB0000256,APP0000389,PR0001825,2026-07-01,BR004,AO014,Kredit Payroll,Payroll,48500000,15.5,60
DSB0000257,APP0000390,PR0001826,2026-05-15,BR005,AO020,Kredit Konsumtif,Konsumtif,46500000,18.0,12
DSB0000258,APP0000392,PR0001833,2025-11-12,BR003,AO011,Kredit Konsumtif,Konsumtif,96500000,18.0,36
DSB0000259,APP0000393,PR0001841,2026-04-14,BR006,AO022,Kredit Payroll,Payroll,96500000,15.5,36
DSB0000260,APP0000395,PR0001858,2026-05-27,BR006,AO023,Kredit Payroll,Payroll,70500000,15.5,24
DSB0000261,APP0000397,PR0001867,2025-10-23,BR001,AO004,Kredit Konsumtif,Konsumtif,30000000,18.0,12
DSB0000262,APP0000398,PR0001871,2026-01-16,BR001,AO003,Kredit Konsumtif,Konsumtif,71500000,18.0,36
DSB0000263,APP0000399,PR0001873,2026-06-15,BR002,AO007,Kredit Konsumtif,Konsumtif,28000000,18.0,18
DSB0000264,APP0000404,PR0001911,2025-07-18,BR002,AO007,Kredit Payroll,Payroll,99500000,15.5,36
DSB0000265,APP0000406,PR0001914,2026-03-31,BR005,AO019,Kredit Payroll,Payroll,73000000,15.5,48
DSB0000266,APP0000407,PR0001918,2026-06-16,BR001,AO002,Kredit Mikro,Mikro,29000000,21.0,36
DSB0000267,APP0000408,PR0001925,2026-01-31,BR006,AO024,Kredit Payroll,Payroll,195000000,15.5,36
DSB0000268,APP0000409,PR0001931,2026-05-31,BR001,AO001,Kredit Mikro,Mikro,94500000,21.0,36
DSB0000269,APP0000411,PR0001934,2025-10-21,BR003,AO011,Kredit Produktif SME,SME,991000000,19.0,12
DSB0000270,APP0000412,PR0001939,2025-12-25,BR005,AO020,Kredit Payroll,Payroll,198500000,15.5,36
DSB0000271,APP0000413,PR0001945,2026-05-01,BR007,AO027,Kredit Payroll,Payroll,197500000,15.5,12
DSB0000272,APP0000416,PR0001969,2025-07-19,BR003,AO010,Kredit Produktif SME,SME,486000000,19.0,36
DSB0000273,APP0000417,PR0001974,2026-03-12,BR002,AO007,Kredit Payroll,Payroll,71000000,15.5,24
DSB0000274,APP0000418,PR0001985,2025-07-20,BR007,AO025,Kredit Payroll,Payroll,74500000,15.5,60
DSB0000275,APP0000419,PR0001989,2026-03-03,BR004,AO013,Kredit Payroll,Payroll,48000000,15.5,48
DSB0000276,APP0000420,PR0001992,2025-12-24,BR006,AO023,Kredit Produktif SME,SME,98500000,19.0,48
DSB0000277,APP0000421,PR0001996,2026-05-31,BR001,AO002,Kredit Payroll,Payroll,49500000,15.5,36
DSB0000278,APP0000422,PR0002000,2026-04-18,BR006,AO024,Kredit Mikro,Mikro,28000000,21.0,18
DSB0000279,APP0000424,PR0002009,2026-05-01,BR004,AO013,Kredit Payroll,Payroll,143000000,15.5,48
DSB0000280,APP0000425,PR0002012,2025-10-09,BR005,AO017,Kredit Konsumtif,Konsumtif,148000000,18.0,18
DSB0000281,APP0000426,PR0002018,2026-04-29,BR001,AO002,Kredit Mikro,Mikro,18500000,21.0,12
DSB0000282,APP0000428,PR0002028,2026-03-27,BR005,AO019,Kredit Konsumtif,Konsumtif,28500000,18.0,24
DSB0000283,APP0000429,PR0002039,2025-08-28,BR002,AO007,Kredit Mikro,Mikro,46000000,21.0,24
DSB0000284,APP0000430,PR0002043,2026-01-17,BR007,AO028,Kredit Konsumtif,Konsumtif,73500000,18.0,24
DSB0000285,APP0000432,PR0002053,2025-09-07,BR006,AO023,Kredit Konsumtif,Konsumtif,28500000,18.0,12
DSB0000286,APP0000433,PR0002061,2025-11-13,BR007,AO026,Kredit Mikro,Mikro,28000000,21.0,36
DSB0000287,APP0000436,PR0002069,2025-12-15,BR003,AO011,Kredit Produktif SME,SME,186000000,19.0,36
DSB0000288,APP0000437,PR0002072,2026-05-17,BR003,AO009,Kredit Payroll,Payroll,49500000,15.5,12
DSB0000289,APP0000438,PR0002073,2026-05-01,BR006,AO022,Kredit Konsumtif,Konsumtif,143500000,18.0,12
DSB0000290,APP0000440,PR0002078,2026-05-11,BR005,AO020,Kredit Payroll,Payroll,98500000,15.5,48
DSB0000291,APP0000441,PR0002079,2026-06-10,BR004,AO013,Kredit Payroll,Payroll,143500000,15.5,60
DSB0000292,APP0000444,PR0002091,2026-06-26,BR003,AO010,Kredit Mikro,Mikro,47500000,21.0,24
DSB0000293,APP0000445,PR0002095,2025-08-21,BR003,AO010,Kredit Konsumtif,Konsumtif,50000000,18.0,24
DSB0000294,APP0000446,PR0002097,2026-06-06,BR005,AO019,Kredit Payroll,Payroll,184500000,15.5,24
DSB0000295,APP0000447,PR0002099,2025-10-17,BR002,AO005,Kredit Konsumtif,Konsumtif,146500000,18.0,24
DSB0000296,APP0000448,PR0002102,2025-12-11,BR001,AO003,Kredit Payroll,Payroll,195000000,15.5,24
DSB0000297,APP0000449,PR0002103,2025-10-01,BR003,AO011,Kredit Konsumtif,Konsumtif,70000000,18.0,24
DSB0000298,APP0000450,PR0002109,2026-06-30,BR004,AO014,Kredit Payroll,Payroll,147500000,15.5,12
DSB0000299,APP0000453,PR0002116,2025-07-10,BR007,AO026,Kredit Mikro,Mikro,71500000,21.0,18
DSB0000300,APP0000455,PR0002129,2026-04-24,BR002,AO007,Kredit Payroll,Payroll,47000000,15.5,24
DSB0000301,APP0000457,PR0002137,2026-04-10,BR001,AO004,Kredit Mikro,Mikro,49500000,21.0,36
DSB0000302,APP0000458,PR0002140,2025-10-31,BR001,AO004,Kredit Konsumtif,Konsumtif,141000000,18.0,36
DSB0000303,APP0000460,PR0002148,2026-02-11,BR002,AO006,Kredit Konsumtif,Konsumtif,73000000,18.0,36
DSB0000304,APP0000465,PR0002163,2025-08-26,BR005,AO020,Kredit Mikro,Mikro,74000000,21.0,24
DSB0000305,APP0000466,PR0002166,2026-04-15,BR005,AO017,Kredit Produktif SME,SME,145500000,19.0,24
DSB0000306,APP0000468,PR0002168,2026-06-09,BR003,AO011,Kredit Payroll,Payroll,97000000,15.5,36
DSB0000307,APP0000469,PR0002176,2026-05-19,BR001,AO002,Kredit Mikro,Mikro,19500000,21.0,18
DSB0000308,APP0000470,PR0002179,2025-08-31,BR001,AO004,Kredit Payroll,Payroll,188500000,15.5,48
DSB0000309,APP0000473,PR0002194,2025-12-24,BR002,AO006,Kredit Konsumtif,Konsumtif,144000000,18.0,36
DSB0000310,APP0000474,PR0002195,2025-09-22,BR005,AO020,Kredit Payroll,Payroll,147000000,15.5,60
DSB0000311,APP0000476,PR0002205,2025-12-18,BR006,AO022,Kredit Mikro,Mikro,18500000,21.0,36
DSB0000312,APP0000477,PR0002207,2025-09-23,BR002,AO006,Kredit Payroll,Payroll,93000000,15.5,60
DSB0000313,APP0000478,PR0002208,2026-03-12,BR007,AO025,Kredit Mikro,Mikro,69500000,21.0,24
DSB0000314,APP0000479,PR0002209,2026-01-28,BR006,AO023,Kredit Produktif SME,SME,932500000,19.0,48
DSB0000315,APP0000480,PR0002225,2026-04-14,BR004,AO013,Kredit Konsumtif,Konsumtif,73500000,18.0,12
DSB0000316,APP0000481,PR0002239,2025-12-08,BR001,AO002,Kredit Payroll,Payroll,145500000,15.5,36
DSB0000317,APP0000483,PR0002243,2025-08-21,BR004,AO013,Kredit Konsumtif,Konsumtif,46500000,18.0,12
DSB0000318,APP0000485,PR0002246,2026-02-23,BR006,AO023,Kredit Konsumtif,Konsumtif,139500000,18.0,24
DSB0000319,APP0000487,PR0002253,2025-10-14,BR003,AO012,Kredit Payroll,Payroll,46500000,15.5,36
DSB0000320,APP0000488,PR0002272,2025-08-20,BR007,AO026,Kredit Konsumtif,Konsumtif,48500000,18.0,12
DSB0000321,APP0000489,PR0002291,2026-02-18,BR001,AO004,Kredit Konsumtif,Konsumtif,98500000,18.0,12
DSB0000322,APP0000491,PR0002307,2026-04-18,BR007,AO028,Kredit Produktif SME,SME,949000000,19.0,48
DSB0000323,APP0000492,PR0002308,2025-11-12,BR003,AO009,Kredit Konsumtif,Konsumtif,49500000,18.0,18
DSB0000324,APP0000493,PR0002311,2026-03-03,BR007,AO027,Kredit Konsumtif,Konsumtif,148500000,18.0,24
DSB0000325,APP0000494,PR0002321,2025-11-30,BR004,AO014,Kredit Konsumtif,Konsumtif,99500000,18.0,36
DSB0000326,APP0000495,PR0002324,2025-12-13,BR005,AO019,Kredit Produktif SME,SME,94500000,19.0,36
DSB0000327,APP0000496,PR0002326,2025-11-09,BR001,AO003,Kredit Produktif SME,SME,94500000,19.0,60
DSB0000328,APP0000497,PR0002328,2026-07-01,BR006,AO021,Kredit Konsumtif,Konsumtif,95500000,18.0,24
DSB0000329,APP0000498,PR0002338,2025-08-31,BR001,AO003,Kredit Produktif SME,SME,977000000,19.0,60
DSB0000330,APP0000499,PR0002339,2025-12-08,BR007,AO026,Kredit Produktif SME,SME,186000000,19.0,48
DSB0000331,APP0000500,PR0002340,2025-10-18,BR005,AO017,Kredit Konsumtif,Konsumtif,96000000,18.0,18
DSB0000332,APP0000501,PR0002349,2026-02-16,BR001,AO001,Kredit Mikro,Mikro,18500000,21.0,12
DSB0000333,APP0000503,PR0002352,2026-07-01,BR001,AO003,Kredit Konsumtif,Konsumtif,123000000,18.0,36
DSB0000334,APP0000504,PR0002358,2025-10-01,BR003,AO011,Kredit Konsumtif,Konsumtif,149000000,18.0,24
DSB0000335,APP0000506,PR0002372,2026-03-30,BR001,AO004,Kredit Konsumtif,Konsumtif,141500000,18.0,18
DSB0000336,APP0000508,PR0002388,2026-01-24,BR004,AO015,Kredit Payroll,Payroll,94500000,15.5,36
DSB0000337,APP0000509,PR0002389,2025-07-22,BR004,AO014,Kredit Produktif SME,SME,963000000,19.0,48
DSB0000338,APP0000511,PR0002400,2026-03-19,BR002,AO007,Kredit Payroll,Payroll,97500000,15.5,36
DSB0000339,APP0000512,PR0002401,2025-10-14,BR006,AO022,Kredit Mikro,Mikro,98000000,21.0,36
DSB0000340,APP0000513,PR0002404,2025-10-11,BR002,AO006,Kredit Konsumtif,Konsumtif,48000000,18.0,12
DSB0000341,APP0000515,PR0002409,2026-04-24,BR007,AO028,Kredit Payroll,Payroll,73500000,15.5,12
DSB0000342,APP0000516,PR0002416,2026-01-16,BR001,AO001,Kredit Konsumtif,Konsumtif,70500000,18.0,36
DSB0000343,APP0000518,PR0002425,2026-05-01,BR003,AO012,Kredit Produktif SME,SME,720000000,19.0,48
DSB0000344,APP0000521,PR0002438,2026-01-29,BR005,AO018,Kredit Payroll,Payroll,49500000,15.5,24
DSB0000345,APP0000523,PR0002442,2026-05-01,BR007,AO025,Kredit Payroll,Payroll,147500000,15.5,24
DSB0000346,APP0000524,PR0002443,2026-05-16,BR001,AO003,Kredit Mikro,Mikro,48000000,21.0,12
DSB0000347,APP0000525,PR0002453,2025-10-16,BR003,AO009,Kredit Produktif SME,SME,141500000,19.0,36
DSB0000348,APP0000526,PR0002458,2025-10-31,BR002,AO006,Kredit Produktif SME,SME,966500000,19.0,36
DSB0000349,APP0000527,PR0002460,2025-08-31,BR001,AO001,Kredit Mikro,Mikro,29000000,21.0,12
DSB0000350,APP0000528,PR0002466,2025-07-31,BR002,AO005,Kredit Produktif SME,SME,948500000,19.0,36
DSB0000351,APP0000531,PR0002477,2025-08-31,BR001,AO004,Kredit Payroll,Payroll,95000000,15.5,36
DSB0000352,APP0000535,PR0002483,2025-10-07,BR003,AO010,Kredit Konsumtif,Konsumtif,93500000,18.0,12
DSB0000353,APP0000536,PR0002488,2025-12-01,BR005,AO018,Kredit Payroll,Payroll,195500000,15.5,48
DSB0000354,APP0000537,PR0002492,2025-12-01,BR006,AO021,Kredit Konsumtif,Konsumtif,143000000,18.0,12
DSB0000355,APP0000543,PR0002506,2025-10-01,BR001,AO002,Kredit Mikro,Mikro,98500000,21.0,12
DSB0000356,APP0000544,PR0002510,2026-06-10,BR004,AO015,Kredit Payroll,Payroll,190000000,15.5,12
DSB0000357,APP0000548,PR0002525,2025-10-31,BR001,AO003,Kredit Payroll,Payroll,70000000,15.5,36
DSB0000358,APP0000551,PR0002541,2026-06-29,BR006,AO023,Kredit Konsumtif,Konsumtif,96500000,18.0,12
DSB0000359,APP0000552,PR0002543,2026-04-27,BR003,AO009,Kredit Mikro,Mikro,92000000,21.0,24
DSB0000360,APP0000553,PR0002558,2025-07-29,BR003,AO010,Kredit Payroll,Payroll,48000000,15.5,12
DSB0000361,APP0000554,PR0002573,2025-12-01,BR002,AO005,Kredit Mikro,Mikro,96500000,21.0,24
DSB0000362,APP0000555,PR0002576,2025-10-10,BR002,AO006,Kredit Konsumtif,Konsumtif,70000000,18.0,24
DSB0000363,APP0000557,PR0002589,2026-05-31,BR005,AO019,Kredit Payroll,Payroll,143500000,15.5,60
DSB0000364,APP0000559,PR0002594,2025-10-14,BR005,AO019,Kredit Mikro,Mikro,47000000,21.0,24
DSB0000365,APP0000560,PR0002597,2026-06-30,BR001,AO003,Kredit Mikro,Mikro,29500000,21.0,12
DSB0000366,APP0000561,PR0002599,2025-08-29,BR006,AO022,Kredit Produktif SME,SME,97500000,19.0,48
DSB0000367,APP0000562,PR0002603,2026-03-29,BR005,AO018,Kredit Konsumtif,Konsumtif,143000000,18.0,18
DSB0000368,APP0000564,PR0002609,2025-09-19,BR002,AO005,Kredit Produktif SME,SME,972500000,19.0,36
DSB0000369,APP0000566,PR0002613,2026-03-03,BR005,AO020,Kredit Payroll,Payroll,138000000,15.5,36
DSB0000370,APP0000567,PR0002617,2026-06-09,BR002,AO005,Kredit Mikro,Mikro,49500000,21.0,24
DSB0000371,APP0000568,PR0002621,2025-07-20,BR003,AO011,Kredit Produktif SME,SME,147000000,19.0,36
DSB0000372,APP0000570,PR0002627,2025-12-15,BR001,AO003,Kredit Mikro,Mikro,19000000,21.0,24
DSB0000373,APP0000572,PR0002633,2026-05-25,BR006,AO024,Kredit Payroll,Payroll,196000000,15.5,24
DSB0000374,APP0000573,PR0002634,2026-02-22,BR004,AO015,Kredit Konsumtif,Konsumtif,119500000,18.0,18
DSB0000375,APP0000574,PR0002637,2025-07-16,BR005,AO020,Kredit Produktif SME,SME,481500000,19.0,12
DSB0000376,APP0000575,PR0002649,2026-01-14,BR003,AO009,Kredit Produktif SME,SME,478500000,19.0,12
DSB0000377,APP0000576,PR0002652,2026-03-03,BR001,AO001,Kredit Konsumtif,Konsumtif,49500000,18.0,18
DSB0000378,APP0000578,PR0002655,2025-08-16,BR001,AO001,Kredit Konsumtif,Konsumtif,47500000,18.0,18
DSB0000379,APP0000582,PR0002682,2025-11-25,BR007,AO028,Kredit Mikro,Mikro,49500000,21.0,36
DSB0000380,APP0000583,PR0002688,2026-03-03,BR005,AO020,Kredit Konsumtif,Konsumtif,120000000,18.0,24
DSB0000381,APP0000584,PR0002690,2026-01-29,BR005,AO018,Kredit Payroll,Payroll,139500000,15.5,36
DSB0000382,APP0000588,PR0002698,2025-10-18,BR004,AO013,Kredit Konsumtif,Konsumtif,30000000,18.0,24
DSB0000383,APP0000591,PR0002708,2026-03-03,BR001,AO001,Kredit Payroll,Payroll,149000000,15.5,24
DSB0000384,APP0000594,PR0002722,2026-06-28,BR005,AO018,Kredit Mikro,Mikro,74000000,21.0,12
DSB0000385,APP0000595,PR0002723,2025-11-27,BR001,AO004,Kredit Konsumtif,Konsumtif,115500000,18.0,18
DSB0000386,APP0000596,PR0002728,2025-08-31,BR003,AO011,Kredit Payroll,Payroll,140000000,15.5,60
DSB0000387,APP0000597,PR0002735,2026-06-22,BR004,AO014,Kredit Payroll,Payroll,71000000,15.5,60
DSB0000388,APP0000598,PR0002749,2026-03-02,BR001,AO004,Kredit Mikro,Mikro,94500000,21.0,36
DSB0000389,APP0000601,PR0002774,2025-09-28,BR002,AO008,Kredit Produktif SME,SME,463000000,19.0,24
DSB0000390,APP0000603,PR0002788,2026-01-29,BR006,AO023,Kredit Mikro,Mikro,94000000,21.0,36
DSB0000391,APP0000606,PR0002801,2026-01-16,BR005,AO020,Kredit Produktif SME,SME,294500000,19.0,48
DSB0000392,APP0000607,PR0002803,2026-06-11,BR001,AO003,Kredit Mikro,Mikro,19000000,21.0,12
DSB0000393,APP0000608,PR0002812,2025-07-31,BR004,AO014,Kredit Payroll,Payroll,99500000,15.5,36
DSB0000394,APP0000609,PR0002816,2026-07-01,BR003,AO009,Kredit Payroll,Payroll,47000000,15.5,36
DSB0000395,APP0000614,PR0002844,2026-04-09,BR001,AO001,Kredit Konsumtif,Konsumtif,122500000,18.0,36
DSB0000396,APP0000618,PR0002879,2026-05-31,BR004,AO016,Kredit Mikro,Mikro,97000000,21.0,18
DSB0000397,APP0000619,PR0002881,2025-07-10,BR003,AO011,Kredit Mikro,Mikro,29500000,21.0,12
DSB0000398,APP0000620,PR0002887,2026-07-01,BR002,AO008,Kredit Payroll,Payroll,186500000,15.5,12
DSB0000399,APP0000621,PR0002893,2025-12-18,BR001,AO001,Kredit Payroll,Payroll,99000000,15.5,60
DSB0000400,APP0000626,PR0002922,2025-07-13,BR006,AO022,Kredit Konsumtif,Konsumtif,150000000,18.0,12
DSB0000401,APP0000627,PR0002935,2026-03-09,BR001,AO001,Kredit Konsumtif,Konsumtif,149500000,18.0,24
DSB0000402,APP0000628,PR0002942,2026-05-31,BR002,AO007,Kredit Mikro,Mikro,72000000,21.0,18
DSB0000403,APP0000629,PR0002947,2026-06-23,BR003,AO009,Kredit Produktif SME,SME,194500000,19.0,12
DSB0000404,APP0000631,PR0002956,2026-06-28,BR006,AO021,Kredit Payroll,Payroll,47500000,15.5,12
DSB0000405,APP0000632,PR0002959,2026-03-20,BR001,AO001,Kredit Konsumtif,Konsumtif,117000000,18.0,18
DSB0000406,APP0000637,PR0002974,2026-04-28,BR007,AO026,Kredit Payroll,Payroll,48500000,15.5,48
DSB0000407,APP0000638,PR0002976,2025-11-22,BR006,AO022,Kredit Konsumtif,Konsumtif,145500000,18.0,12
DSB0000408,APP0000639,PR0002983,2025-12-26,BR003,AO009,Kredit Konsumtif,Konsumtif,115500000,18.0,36
DSB0000409,APP0000640,PR0002987,2026-03-14,BR004,AO013,Kredit Produktif SME,SME,94500000,19.0,60
DSB0000410,APP0000641,PR0002991,2026-04-11,BR007,AO028,Kredit Konsumtif,Konsumtif,28500000,18.0,36
DSB0000411,APP0000642,PR0003011,2026-03-03,BR007,AO025,Kredit Payroll,Payroll,147500000,15.5,36
DSB0000412,APP0000647,PR0003020,2025-07-31,BR002,AO006,Kredit Konsumtif,Konsumtif,27500000,18.0,12
DSB0000413,APP0000648,PR0003021,2026-03-21,BR002,AO008,Kredit Mikro,Mikro,93500000,21.0,18
DSB0000414,APP0000651,PR0003034,2025-11-24,BR004,AO014,Kredit Mikro,Mikro,71000000,21.0,18
DSB0000415,APP0000652,PR0003035,2025-12-31,BR003,AO009,Kredit Produktif SME,SME,144500000,19.0,48
DSB0000416,APP0000653,PR0003036,2026-03-03,BR006,AO024,Kredit Konsumtif,Konsumtif,47500000,18.0,36
DSB0000417,APP0000655,PR0003069,2026-06-26,BR006,AO023,Kredit Produktif SME,SME,97000000,19.0,60
DSB0000418,APP0000656,PR0003073,2026-03-17,BR002,AO006,Kredit Mikro,Mikro,28000000,21.0,12
DSB0000419,APP0000657,PR0003088,2025-07-10,BR002,AO005,Kredit Konsumtif,Konsumtif,74500000,18.0,12
DSB0000420,APP0000658,PR0003091,2025-09-18,BR002,AO005,Kredit Konsumtif,Konsumtif,74500000,18.0,12
DSB0000421,APP0000660,PR0003099,2026-01-31,BR003,AO012,Kredit Payroll,Payroll,94500000,15.5,24
DSB0000422,APP0000664,PR0003113,2026-01-20,BR001,AO003,Kredit Konsumtif,Konsumtif,69500000,18.0,12
DSB0000423,APP0000665,PR0003114,2025-12-25,BR007,AO028,Kredit Payroll,Payroll,198500000,15.5,36
DSB0000424,APP0000666,PR0003115,2025-07-20,BR005,AO018,Kredit Produktif SME,SME,287500000,19.0,36
DSB0000425,APP0000667,PR0003119,2026-05-14,BR007,AO027,Kredit Konsumtif,Konsumtif,119000000,18.0,12
DSB0000426,APP0000668,PR0003127,2025-10-01,BR006,AO023,Kredit Konsumtif,Konsumtif,116500000,18.0,36
DSB0000427,APP0000669,PR0003128,2026-02-23,BR002,AO007,Kredit Konsumtif,Konsumtif,50000000,18.0,36
DSB0000428,APP0000670,PR0003130,2025-09-20,BR001,AO002,Kredit Konsumtif,Konsumtif,98500000,18.0,36
DSB0000429,APP0000672,PR0003138,2026-02-07,BR006,AO021,Kredit Konsumtif,Konsumtif,93000000,18.0,12
DSB0000430,APP0000674,PR0003150,2026-04-14,BR002,AO008,Kredit Payroll,Payroll,72000000,15.5,60
DSB0000431,APP0000675,PR0003152,2025-10-29,BR005,AO019,Kredit Mikro,Mikro,96000000,21.0,24
DSB0000432,APP0000677,PR0003167,2026-04-11,BR001,AO002,Kredit Konsumtif,Konsumtif,122000000,18.0,12
DSB0000433,APP0000678,PR0003173,2025-12-19,BR001,AO003,Kredit Produktif SME,SME,968500000,19.0,48
DSB0000434,APP0000679,PR0003175,2025-09-18,BR002,AO008,Kredit Payroll,Payroll,99000000,15.5,24
DSB0000435,APP0000680,PR0003177,2025-12-13,BR001,AO002,Kredit Konsumtif,Konsumtif,98500000,18.0,18
DSB0000436,APP0000683,PR0003194,2026-07-01,BR002,AO008,Kredit Payroll,Payroll,47000000,15.5,24
DSB0000437,APP0000686,PR0003204,2026-07-01,BR004,AO013,Kredit Mikro,Mikro,75000000,21.0,24
DSB0000438,APP0000687,PR0003205,2026-03-03,BR005,AO018,Kredit Konsumtif,Konsumtif,27500000,18.0,36
DSB0000439,APP0000688,PR0003206,2026-02-19,BR007,AO028,Kredit Konsumtif,Konsumtif,95500000,18.0,24
DSB0000440,APP0000689,PR0003209,2025-07-22,BR004,AO016,Kredit Payroll,Payroll,99500000,15.5,36
DSB0000441,APP0000690,PR0003216,2025-08-31,BR001,AO002,Kredit Konsumtif,Konsumtif,28500000,18.0,18
DSB0000442,APP0000695,PR0003232,2026-02-07,BR003,AO010,Kredit Payroll,Payroll,187500000,15.5,24
DSB0000443,APP0000696,PR0003235,2026-01-27,BR001,AO001,Kredit Produktif SME,SME,140000000,19.0,60
DSB0000444,APP0000702,PR0003267,2025-12-31,BR002,AO005,Kredit Payroll,Payroll,73000000,15.5,48
DSB0000445,APP0000703,PR0003272,2026-06-29,BR006,AO024,Kredit Produktif SME,SME,138500000,19.0,60
DSB0000446,APP0000704,PR0003276,2025-08-13,BR007,AO025,Kredit Produktif SME,SME,145500000,19.0,60
DSB0000447,APP0000706,PR0003283,2026-01-20,BR001,AO003,Kredit Mikro,Mikro,30000000,21.0,18
DSB0000448,APP0000707,PR0003286,2025-07-31,BR003,AO010,Kredit Konsumtif,Konsumtif,140500000,18.0,18
DSB0000449,APP0000708,PR0003289,2025-12-01,BR007,AO027,Kredit Payroll,Payroll,72000000,15.5,12
DSB0000450,APP0000709,PR0003290,2025-12-24,BR003,AO011,Kredit Konsumtif,Konsumtif,97500000,18.0,24
DSB0000451,APP0000710,PR0003291,2026-01-22,BR005,AO018,Kredit Mikro,Mikro,19000000,21.0,36
DSB0000452,APP0000711,PR0003305,2026-02-13,BR001,AO001,Kredit Konsumtif,Konsumtif,146500000,18.0,12
DSB0000453,APP0000712,PR0003310,2025-12-10,BR001,AO001,Kredit Mikro,Mikro,92500000,21.0,24
DSB0000454,APP0000713,PR0003317,2025-08-30,BR003,AO010,Kredit Mikro,Mikro,19500000,21.0,24
DSB0000455,APP0000714,PR0003319,2026-05-11,BR003,AO011,Kredit Payroll,Payroll,199500000,15.5,48
DSB0000456,APP0000716,PR0003325,2026-01-21,BR006,AO022,Kredit Produktif SME,SME,928000000,19.0,24
DSB0000457,APP0000717,PR0003332,2026-05-31,BR002,AO005,Kredit Konsumtif,Konsumtif,125000000,18.0,36
DSB0000458,APP0000718,PR0003333,2026-01-25,BR004,AO015,Kredit Produktif SME,SME,497000000,19.0,60
DSB0000459,APP0000720,PR0003345,2025-07-17,BR004,AO014,Kredit Mikro,Mikro,28500000,21.0,12
DSB0000460,APP0000724,PR0003379,2026-01-18,BR002,AO006,Kredit Produktif SME,SME,193500000,19.0,48
DSB0000461,APP0000725,PR0003380,2026-02-14,BR005,AO017,Kredit Produktif SME,SME,96000000,19.0,36
DSB0000462,APP0000726,PR0003388,2025-12-23,BR004,AO013,Kredit Konsumtif,Konsumtif,124000000,18.0,36
DSB0000463,APP0000728,PR0003406,2026-04-12,BR002,AO007,Kredit Mikro,Mikro,29500000,21.0,36
DSB0000464,APP0000729,PR0003415,2025-07-29,BR002,AO007,Kredit Konsumtif,Konsumtif,48000000,18.0,24
DSB0000465,APP0000730,PR0003419,2026-05-25,BR003,AO010,Kredit Payroll,Payroll,147000000,15.5,48
DSB0000466,APP0000732,PR0003424,2026-06-30,BR006,AO023,Kredit Konsumtif,Konsumtif,46500000,18.0,12
DSB0000467,APP0000735,PR0003445,2026-04-26,BR005,AO019,Kredit Payroll,Payroll,199500000,15.5,24
DSB0000468,APP0000736,PR0003449,2026-07-01,BR005,AO017,Kredit Konsumtif,Konsumtif,73000000,18.0,12
DSB0000469,APP0000739,PR0003465,2026-01-24,BR006,AO023,Kredit Konsumtif,Konsumtif,47000000,18.0,12
DSB0000470,APP0000740,PR0003468,2026-02-12,BR006,AO021,Kredit Produktif SME,SME,194000000,19.0,36
DSB0000471,APP0000742,PR0003475,2026-07-01,BR007,AO028,Kredit Konsumtif,Konsumtif,29500000,18.0,18
DSB0000472,APP0000743,PR0003481,2025-08-30,BR003,AO009,Kredit Payroll,Payroll,148500000,15.5,24
DSB0000473,APP0000744,PR0003491,2026-05-01,BR006,AO021,Kredit Konsumtif,Konsumtif,49500000,18.0,24
DSB0000474,APP0000745,PR0003493,2026-07-01,BR006,AO024,Kredit Payroll,Payroll,147500000,15.5,48
DSB0000475,APP0000747,PR0003505,2025-10-27,BR003,AO012,Kredit Mikro,Mikro,19500000,21.0,24
DSB0000476,APP0000751,PR0003534,2025-07-17,BR007,AO027,Kredit Produktif SME,SME,139500000,19.0,12
DSB0000477,APP0000756,PR0003549,2026-03-26,BR003,AO009,Kredit Produktif SME,SME,299000000,19.0,60
DSB0000478,APP0000759,PR0003559,2026-03-22,BR004,AO014,Kredit Konsumtif,Konsumtif,69000000,18.0,12
DSB0000479,APP0000760,PR0003563,2026-03-12,BR006,AO022,Kredit Produktif SME,SME,195500000,19.0,24
DSB0000480,APP0000762,PR0003568,2026-05-31,BR001,AO001,Kredit Konsumtif,Konsumtif,93500000,18.0,12
DSB0000481,APP0000764,PR0003570,2026-01-30,BR002,AO006,Kredit Mikro,Mikro,18500000,21.0,36
DSB0000482,APP0000765,PR0003572,2025-07-31,BR002,AO006,Kredit Konsumtif,Konsumtif,28500000,18.0,36
DSB0000483,APP0000766,PR0003576,2026-06-27,BR001,AO004,Kredit Mikro,Mikro,47000000,21.0,12
DSB0000484,APP0000767,PR0003580,2026-03-03,BR003,AO012,Kredit Produktif SME,SME,480000000,19.0,24
DSB0000485,APP0000769,PR0003582,2025-12-31,BR005,AO019,Kredit Mikro,Mikro,47500000,21.0,36
DSB0000486,APP0000770,PR0003584,2026-03-03,BR005,AO017,Kredit Payroll,Payroll,72500000,15.5,12
DSB0000487,APP0000771,PR0003589,2025-10-31,BR005,AO020,Kredit Konsumtif,Konsumtif,69500000,18.0,18
DSB0000488,APP0000773,PR0003611,2025-08-31,BR001,AO004,Kredit Mikro,Mikro,20000000,21.0,18
DSB0000489,APP0000777,PR0003626,2026-06-25,BR004,AO014,Kredit Mikro,Mikro,49500000,21.0,18
DSB0000490,APP0000778,PR0003628,2026-03-31,BR001,AO003,Kredit Mikro,Mikro,30000000,21.0,18
DSB0000491,APP0000784,PR0003655,2026-05-01,BR003,AO010,Kredit Payroll,Payroll,140500000,15.5,60
DSB0000492,APP0000785,PR0003656,2026-05-17,BR001,AO002,Kredit Payroll,Payroll,140500000,15.5,12
DSB0000493,APP0000786,PR0003658,2025-10-25,BR005,AO020,Kredit Produktif SME,SME,277500000,19.0,36
DSB0000494,APP0000789,PR0003685,2025-12-01,BR001,AO001,Kredit Payroll,Payroll,48500000,15.5,60
DSB0000495,APP0000790,PR0003690,2025-07-10,BR001,AO004,Kredit Konsumtif,Konsumtif,116500000,18.0,24
DSB0000496,APP0000792,PR0003710,2025-07-30,BR003,AO011,Kredit Konsumtif,Konsumtif,142500000,18.0,12
DSB0000497,APP0000793,PR0003711,2026-04-21,BR003,AO012,Kredit Payroll,Payroll,198500000,15.5,48
DSB0000498,APP0000794,PR0003713,2025-07-27,BR003,AO009,Kredit Payroll,Payroll,96000000,15.5,24
DSB0000499,APP0000796,PR0003721,2025-09-29,BR006,AO023,Kredit Mikro,Mikro,72000000,21.0,24
DSB0000500,APP0000797,PR0003722,2025-07-13,BR002,AO008,Kredit Konsumtif,Konsumtif,29000000,18.0,12
DSB0000501,APP0000798,PR0003723,2026-05-21,BR001,AO003,Kredit Produktif SME,SME,732500000,19.0,60
DSB0000502,APP0000799,PR0003735,2025-08-31,BR002,AO005,Kredit Mikro,Mikro,28000000,21.0,36
DSB0000503,APP0000800,PR0003740,2026-01-26,BR003,AO012,Kredit Mikro,Mikro,19500000,21.0,36
DSB0000504,APP0000801,PR0003745,2026-06-08,BR001,AO003,Kredit Mikro,Mikro,73500000,21.0,12
DSB0000505,APP0000803,PR0003750,2026-03-17,BR002,AO006,Kredit Mikro,Mikro,28000000,21.0,24
DSB0000506,APP0000804,PR0003752,2025-11-26,BR002,AO008,Kredit Konsumtif,Konsumtif,73500000,18.0,36
DSB0000507,APP0000809,PR0003781,2026-01-13,BR002,AO006,Kredit Konsumtif,Konsumtif,48500000,18.0,24
DSB0000508,APP0000810,PR0003783,2025-12-31,BR002,AO008,Kredit Payroll,Payroll,47500000,15.5,48
DSB0000509,APP0000811,PR0003784,2026-04-15,BR002,AO007,Kredit Konsumtif,Konsumtif,49500000,18.0,12
DSB0000510,APP0000812,PR0003798,2025-10-01,BR006,AO022,Kredit Mikro,Mikro,19000000,21.0,12
DSB0000511,APP0000813,PR0003800,2026-03-03,BR004,AO014,Kredit Konsumtif,Konsumtif,48000000,18.0,36
DSB0000512,APP0000815,PR0003804,2026-06-22,BR004,AO016,Kredit Konsumtif,Konsumtif,122000000,18.0,12
DSB0000513,APP0000816,PR0003809,2025-10-23,BR006,AO021,Kredit Konsumtif,Konsumtif,71500000,18.0,24
DSB0000514,APP0000818,PR0003822,2025-12-31,BR001,AO003,Kredit Konsumtif,Konsumtif,121500000,18.0,36
DSB0000515,APP0000820,PR0003839,2025-08-12,BR006,AO021,Kredit Payroll,Payroll,47500000,15.5,36
DSB0000516,APP0000821,PR0003843,2026-03-13,BR005,AO020,Kredit Konsumtif,Konsumtif,92000000,18.0,36
DSB0000517,APP0000822,PR0003858,2026-02-25,BR002,AO006,Kredit Konsumtif,Konsumtif,125000000,18.0,24
DSB0000518,APP0000823,PR0003863,2026-03-31,BR001,AO003,Kredit Payroll,Payroll,73500000,15.5,48
DSB0000519,APP0000824,PR0003867,2025-11-27,BR006,AO021,Kredit Konsumtif,Konsumtif,116000000,18.0,36
DSB0000520,APP0000825,PR0003868,2025-09-23,BR001,AO004,Kredit Konsumtif,Konsumtif,116500000,18.0,12
DSB0000521,APP0000827,PR0003873,2026-03-03,BR003,AO009,Kredit Payroll,Payroll,146500000,15.5,12
DSB0000522,APP0000829,PR0003891,2025-08-27,BR001,AO003,Kredit Payroll,Payroll,97000000,15.5,24
DSB0000523,APP0000830,PR0003892,2026-03-03,BR001,AO001,Kredit Konsumtif,Konsumtif,98500000,18.0,18
DSB0000524,APP0000832,PR0003895,2026-01-20,BR006,AO022,Kredit Produktif SME,SME,149500000,19.0,12
DSB0000525,APP0000833,PR0003896,2025-12-01,BR007,AO027,Kredit Konsumtif,Konsumtif,29000000,18.0,36
DSB0000526,APP0000836,PR0003922,2025-08-31,BR003,AO010,Kredit Mikro,Mikro,19500000,21.0,36
DSB0000527,APP0000837,PR0003923,2026-02-14,BR005,AO019,Kredit Konsumtif,Konsumtif,50000000,18.0,24
DSB0000528,APP0000839,PR0003937,2026-03-02,BR001,AO003,Kredit Payroll,Payroll,92500000,15.5,12
DSB0000529,APP0000840,PR0003942,2026-01-31,BR003,AO010,Kredit Konsumtif,Konsumtif,29500000,18.0,18
DSB0000530,APP0000841,PR0003945,2025-09-28,BR002,AO007,Kredit Produktif SME,SME,468500000,19.0,36
DSB0000531,APP0000846,PR0003955,2026-04-28,BR003,AO011,Kredit Produktif SME,SME,467000000,19.0,60
DSB0000532,APP0000849,PR0003975,2026-06-29,BR001,AO003,Kredit Produktif SME,SME,190000000,19.0,12
DSB0000533,APP0000850,PR0003982,2025-07-31,BR001,AO004,Kredit Mikro,Mikro,70000000,21.0,12
DSB0000534,APP0000852,PR0003988,2026-04-15,BR007,AO027,Kredit Payroll,Payroll,70000000,15.5,36
DSB0000535,APP0000854,PR0003999,2025-08-24,BR001,AO001,Kredit Mikro,Mikro,69500000,21.0,18
DSB0000536,APP0000855,PR0004004,2025-10-24,BR002,AO008,Kredit Konsumtif,Konsumtif,121500000,18.0,24
DSB0000537,APP0000857,PR0004009,2025-10-21,BR003,AO012,Kredit Payroll,Payroll,47500000,15.5,60
DSB0000538,APP0000859,PR0004015,2025-09-29,BR005,AO019,Kredit Produktif SME,SME,143000000,19.0,60
DSB0000539,APP0000860,PR0004016,2025-09-26,BR006,AO021,Kredit Konsumtif,Konsumtif,72000000,18.0,24
DSB0000540,APP0000861,PR0004019,2025-12-31,BR003,AO012,Kredit Mikro,Mikro,99500000,21.0,12
DSB0000541,APP0000862,PR0004023,2025-11-21,BR003,AO012,Kredit Payroll,Payroll,97500000,15.5,60
DSB0000542,APP0000863,PR0004028,2025-11-29,BR003,AO010,Kredit Konsumtif,Konsumtif,142500000,18.0,12
DSB0000543,APP0000866,PR0004041,2025-10-27,BR001,AO003,Kredit Konsumtif,Konsumtif,100000000,18.0,36
DSB0000544,APP0000871,PR0004074,2026-04-27,BR007,AO027,Kredit Mikro,Mikro,19500000,21.0,36
DSB0000545,APP0000872,PR0004077,2025-12-31,BR001,AO003,Kredit Mikro,Mikro,69500000,21.0,24
DSB0000546,APP0000873,PR0004080,2025-07-26,BR005,AO018,Kredit Mikro,Mikro,96000000,21.0,12
DSB0000547,APP0000875,PR0004088,2026-04-21,BR001,AO004,Kredit Payroll,Payroll,47500000,15.5,60
DSB0000548,APP0000876,PR0004090,2025-09-17,BR005,AO017,Kredit Payroll,Payroll,95000000,15.5,36
DSB0000549,APP0000878,PR0004093,2025-10-14,BR002,AO008,Kredit Payroll,Payroll,139000000,15.5,12
DSB0000550,APP0000879,PR0004098,2025-09-22,BR006,AO022,Kredit Konsumtif,Konsumtif,72000000,18.0,12
DSB0000551,APP0000881,PR0004111,2026-03-27,BR001,AO003,Kredit Payroll,Payroll,48000000,15.5,60
DSB0000552,APP0000882,PR0004115,2026-06-16,BR001,AO004,Kredit Konsumtif,Konsumtif,95500000,18.0,18
DSB0000553,APP0000883,PR0004121,2026-01-09,BR006,AO021,Kredit Mikro,Mikro,18500000,21.0,24
DSB0000554,APP0000885,PR0004128,2026-02-16,BR005,AO018,Kredit Konsumtif,Konsumtif,49000000,18.0,24
DSB0000555,APP0000886,PR0004144,2026-04-25,BR005,AO020,Kredit Konsumtif,Konsumtif,123500000,18.0,24
DSB0000556,APP0000888,PR0004157,2025-10-30,BR003,AO012,Kredit Mikro,Mikro,19500000,21.0,12
DSB0000557,APP0000889,PR0004162,2026-01-31,BR004,AO016,Kredit Konsumtif,Konsumtif,115000000,18.0,12
DSB0000558,APP0000890,PR0004163,2025-08-31,BR005,AO020,Kredit Produktif SME,SME,97500000,19.0,12
DSB0000559,APP0000892,PR0004167,2026-03-15,BR002,AO008,Kredit Payroll,Payroll,94000000,15.5,24
DSB0000560,APP0000893,PR0004168,2026-06-27,BR002,AO007,Kredit Payroll,Payroll,70500000,15.5,24
DSB0000561,APP0000894,PR0004174,2025-07-27,BR003,AO010,Kredit Produktif SME,SME,99500000,19.0,48
DSB0000562,APP0000895,PR0004176,2025-07-24,BR001,AO004,Kredit Konsumtif,Konsumtif,116000000,18.0,24
DSB0000563,APP0000896,PR0004178,2025-07-19,BR003,AO010,Kredit Payroll,Payroll,196000000,15.5,48
DSB0000564,APP0000898,PR0004187,2025-08-18,BR002,AO006,Kredit Payroll,Payroll,74500000,15.5,48
DSB0000565,APP0000899,PR0004189,2025-12-13,BR007,AO026,Kredit Produktif SME,SME,191500000,19.0,60
DSB0000566,APP0000900,PR0004195,2026-06-26,BR005,AO019,Kredit Produktif SME,SME,746000000,19.0,12
DSB0000567,APP0000901,PR0004208,2026-06-10,BR005,AO018,Kredit Konsumtif,Konsumtif,69500000,18.0,24
DSB0000568,APP0000902,PR0004209,2026-04-28,BR004,AO014,Kredit Konsumtif,Konsumtif,142500000,18.0,12
DSB0000569,APP0000903,PR0004211,2025-10-17,BR003,AO011,Kredit Mikro,Mikro,50000000,21.0,18
DSB0000570,APP0000904,PR0004221,2025-09-19,BR007,AO025,Kredit Mikro,Mikro,20000000,21.0,18
DSB0000571,APP0000905,PR0004230,2025-07-25,BR002,AO006,Kredit Mikro,Mikro,28500000,21.0,12
DSB0000572,APP0000911,PR0004245,2026-01-15,BR001,AO002,Kredit Payroll,Payroll,194000000,15.5,60
DSB0000573,APP0000915,PR0004259,2026-04-26,BR002,AO008,Kredit Payroll,Payroll,70500000,15.5,12
DSB0000574,APP0000916,PR0004262,2026-02-27,BR004,AO014,Kredit Payroll,Payroll,195500000,15.5,24
DSB0000575,APP0000917,PR0004263,2026-02-15,BR002,AO008,Kredit Mikro,Mikro,69000000,21.0,24
DSB0000576,APP0000918,PR0004264,2026-06-14,BR007,AO028,Kredit Payroll,Payroll,97500000,15.5,24
DSB0000577,APP0000919,PR0004268,2026-05-16,BR003,AO010,Kredit Konsumtif,Konsumtif,121500000,18.0,18
DSB0000578,APP0000921,PR0004278,2026-04-08,BR005,AO018,Kredit Konsumtif,Konsumtif,49500000,18.0,36
DSB0000579,APP0000922,PR0004286,2026-01-18,BR001,AO001,Kredit Konsumtif,Konsumtif,46500000,18.0,18
DSB0000580,APP0000923,PR0004287,2025-11-22,BR003,AO010,Kredit Mikro,Mikro,29500000,21.0,18
DSB0000581,APP0000925,PR0004303,2025-09-30,BR006,AO021,Kredit Payroll,Payroll,196500000,15.5,36
DSB0000582,APP0000927,PR0004310,2026-03-03,BR005,AO020,Kredit Konsumtif,Konsumtif,49500000,18.0,18
DSB0000583,APP0000928,PR0004311,2026-01-08,BR003,AO010,Kredit Payroll,Payroll,144000000,15.5,12
DSB0000584,APP0000930,PR0004334,2026-01-11,BR001,AO001,Kredit Produktif SME,SME,184500000,19.0,12
DSB0000585,APP0000931,PR0004336,2026-03-03,BR005,AO018,Kredit Konsumtif,Konsumtif,118500000,18.0,18
DSB0000586,APP0000932,PR0004339,2026-01-13,BR007,AO026,Kredit Payroll,Payroll,191000000,15.5,24
DSB0000587,APP0000934,PR0004342,2026-03-08,BR006,AO021,Kredit Konsumtif,Konsumtif,92500000,18.0,18
DSB0000588,APP0000936,PR0004346,2026-06-10,BR005,AO019,Kredit Mikro,Mikro,28500000,21.0,18
DSB0000589,APP0000937,PR0004347,2025-10-19,BR006,AO021,Kredit Konsumtif,Konsumtif,29000000,18.0,18
DSB0000590,APP0000939,PR0004351,2026-02-19,BR003,AO012,Kredit Mikro,Mikro,19500000,21.0,18
DSB0000591,APP0000942,PR0004367,2025-11-20,BR003,AO009,Kredit Produktif SME,SME,749500000,19.0,48
DSB0000592,APP0000947,PR0004386,2025-07-20,BR007,AO028,Kredit Payroll,Payroll,70500000,15.5,36
DSB0000593,APP0000948,PR0004390,2025-07-13,BR005,AO020,Kredit Payroll,Payroll,140500000,15.5,24
DSB0000594,APP0000949,PR0004393,2026-05-20,BR002,AO008,Kredit Payroll,Payroll,144500000,15.5,36
DSB0000595,APP0000952,PR0004398,2025-10-01,BR001,AO001,Kredit Konsumtif,Konsumtif,93000000,18.0,12
DSB0000596,APP0000953,PR0004401,2026-01-31,BR002,AO006,Kredit Konsumtif,Konsumtif,115500000,18.0,36
DSB0000597,APP0000955,PR0004409,2026-01-31,BR003,AO010,Kredit Konsumtif,Konsumtif,74500000,18.0,12
DSB0000598,APP0000958,PR0004424,2025-10-10,BR007,AO026,Kredit Konsumtif,Konsumtif,97000000,18.0,18
DSB0000599,APP0000959,PR0004425,2025-12-19,BR005,AO018,Kredit Produktif SME,SME,94000000,19.0,36
DSB0000600,APP0000960,PR0004426,2025-07-17,BR002,AO005,Kredit Konsumtif,Konsumtif,141500000,18.0,12
DSB0000601,APP0000962,PR0004435,2026-02-10,BR006,AO022,Kredit Mikro,Mikro,18500000,21.0,18
DSB0000602,APP0000963,PR0004444,2025-11-19,BR005,AO020,Kredit Mikro,Mikro,99500000,21.0,18
DSB0000603,APP0000965,PR0004459,2026-04-07,BR006,AO022,Kredit Payroll,Payroll,94000000,15.5,24
DSB0000604,APP0000966,PR0004460,2026-01-30,BR003,AO010,Kredit Konsumtif,Konsumtif,149500000,18.0,24
DSB0000605,APP0000967,PR0004479,2026-05-15,BR002,AO008,Kredit Produktif SME,SME,191000000,19.0,12
DSB0000606,APP0000968,PR0004483,2025-12-31,BR003,AO009,Kredit Payroll,Payroll,195000000,15.5,36
DSB0000607,APP0000971,PR0004491,2026-01-28,BR006,AO024,Kredit Payroll,Payroll,195000000,15.5,12
DSB0000608,APP0000972,PR0004494,2025-12-21,BR001,AO001,Kredit Konsumtif,Konsumtif,72500000,18.0,24
DSB0000609,APP0000975,PR0004510,2026-02-22,BR003,AO010,Kredit Konsumtif,Konsumtif,119500000,18.0,18
DSB0000610,APP0000977,PR0004522,2025-10-17,BR002,AO008,Kredit Konsumtif,Konsumtif,95500000,18.0,18
DSB0000611,APP0000978,PR0004526,2026-01-29,BR001,AO001,Kredit Payroll,Payroll,94500000,15.5,12
DSB0000612,APP0000979,PR0004528,2025-09-30,BR002,AO007,Kredit Konsumtif,Konsumtif,28500000,18.0,24
DSB0000613,APP0000980,PR0004529,2026-02-12,BR001,AO003,Kredit Mikro,Mikro,69500000,21.0,18
DSB0000614,APP0000981,PR0004537,2025-08-31,BR002,AO008,Kredit Payroll,Payroll,145500000,15.5,36
DSB0000615,APP0000982,PR0004539,2026-07-01,BR002,AO006,Kredit Payroll,Payroll,96500000,15.5,12
DSB0000616,APP0000983,PR0004549,2026-01-13,BR003,AO010,Kredit Konsumtif,Konsumtif,147000000,18.0,18
DSB0000617,APP0000984,PR0004558,2025-12-17,BR004,AO015,Kredit Konsumtif,Konsumtif,123500000,18.0,24
DSB0000618,APP0000988,PR0004565,2026-03-03,BR003,AO011,Kredit Produktif SME,SME,468500000,19.0,24
DSB0000619,APP0000989,PR0004567,2026-03-08,BR001,AO003,Kredit Konsumtif,Konsumtif,49500000,18.0,24
DSB0000620,APP0000990,PR0004569,2026-05-28,BR003,AO011,Kredit Payroll,Payroll,71500000,15.5,24
DSB0000621,APP0000993,PR0004579,2026-03-12,BR006,AO022,Kredit Payroll,Payroll,143000000,15.5,60
DSB0000622,APP0000995,PR0004590,2025-07-22,BR007,AO025,Kredit Konsumtif,Konsumtif,116500000,18.0,24
DSB0000623,APP0000996,PR0004593,2026-03-31,BR004,AO014,Kredit Produktif SME,SME,921000000,19.0,12
DSB0000624,APP0000997,PR0004594,2026-06-16,BR007,AO028,Kredit Konsumtif,Konsumtif,70000000,18.0,24
DSB0000625,APP0000998,PR0004595,2025-10-10,BR003,AO011,Kredit Payroll,Payroll,95500000,15.5,36
DSB0000626,APP0001002,PR0004617,2025-09-21,BR001,AO002,Kredit Payroll,Payroll,143000000,15.5,12
DSB0000627,APP0001003,PR0004618,2026-05-31,BR005,AO018,Kredit Payroll,Payroll,144000000,15.5,36
DSB0000628,APP0001005,PR0004621,2025-10-01,BR001,AO004,Kredit Konsumtif,Konsumtif,30000000,18.0,24
DSB0000629,APP0001006,PR0004622,2026-01-31,BR004,AO014,Kredit Payroll,Payroll,92000000,15.5,24
DSB0000630,APP0001007,PR0004633,2025-08-11,BR004,AO015,Kredit Mikro,Mikro,19000000,21.0,18
DSB0000631,APP0001008,PR0004636,2026-06-22,BR002,AO008,Kredit Mikro,Mikro,93500000,21.0,24
DSB0000632,APP0001009,PR0004639,2026-01-27,BR006,AO022,Kredit Produktif SME,SME,497500000,19.0,12
DSB0000633,APP0001010,PR0004644,2026-02-27,BR005,AO017,Kredit Payroll,Payroll,71000000,15.5,48
DSB0000634,APP0001011,PR0004645,2026-01-14,BR006,AO021,Kredit Mikro,Mikro,20000000,21.0,36
DSB0000635,APP0001012,PR0004648,2025-08-23,BR001,AO003,Kredit Konsumtif,Konsumtif,47500000,18.0,24
DSB0000636,APP0001013,PR0004650,2025-10-31,BR002,AO006,Kredit Konsumtif,Konsumtif,48500000,18.0,36
DSB0000637,APP0001016,PR0004664,2026-04-29,BR003,AO009,Kredit Payroll,Payroll,99000000,15.5,48
DSB0000638,APP0001017,PR0004666,2025-08-20,BR003,AO009,Kredit Konsumtif,Konsumtif,48000000,18.0,12
DSB0000639,APP0001018,PR0004667,2026-06-24,BR003,AO009,Kredit Mikro,Mikro,99000000,21.0,18
DSB0000640,APP0001019,PR0004675,2026-03-31,BR002,AO008,Kredit Konsumtif,Konsumtif,29000000,18.0,36
DSB0000641,APP0001020,PR0004676,2025-08-17,BR001,AO003,Kredit Payroll,Payroll,93000000,15.5,60
DSB0000642,APP0001024,PR0004691,2026-02-13,BR004,AO013,Kredit Produktif SME,SME,200000000,19.0,36
DSB0000643,APP0001025,PR0004693,2025-12-18,BR001,AO002,Kredit Payroll,Payroll,198000000,15.5,36
DSB0000644,APP0001026,PR0004701,2026-03-28,BR002,AO008,Kredit Produktif SME,SME,497500000,19.0,60
DSB0000645,APP0001027,PR0004710,2026-01-16,BR006,AO023,Kredit Konsumtif,Konsumtif,146000000,18.0,18
DSB0000646,APP0001029,PR0004712,2025-10-20,BR004,AO016,Kredit Konsumtif,Konsumtif,98000000,18.0,36
DSB0000647,APP0001030,PR0004717,2026-03-26,BR001,AO004,Kredit Payroll,Payroll,185000000,15.5,48
DSB0000648,APP0001032,PR0004723,2026-02-12,BR003,AO009,Kredit Produktif SME,SME,93000000,19.0,24
DSB0000649,APP0001033,PR0004727,2026-06-09,BR001,AO002,Kredit Payroll,Payroll,71500000,15.5,12
DSB0000650,APP0001039,PR0004743,2026-03-03,BR005,AO017,Kredit Konsumtif,Konsumtif,95500000,18.0,36
DSB0000651,APP0001040,PR0004746,2025-11-14,BR001,AO004,Kredit Mikro,Mikro,29500000,21.0,36
DSB0000652,APP0001041,PR0004753,2026-03-28,BR003,AO011,Kredit Mikro,Mikro,46000000,21.0,12
DSB0000653,APP0001042,PR0004757,2026-05-09,BR005,AO018,Kredit Konsumtif,Konsumtif,72000000,18.0,18
DSB0000654,APP0001044,PR0004775,2026-01-28,BR003,AO011,Kredit Mikro,Mikro,71500000,21.0,12
DSB0000655,APP0001045,PR0004776,2025-09-14,BR002,AO008,Kredit Mikro,Mikro,73500000,21.0,36
DSB0000656,APP0001046,PR0004780,2025-12-17,BR006,AO021,Kredit Mikro,Mikro,95500000,21.0,24
DSB0000657,APP0001047,PR0004783,2025-10-18,BR004,AO013,Kredit Konsumtif,Konsumtif,146500000,18.0,18
DSB0000658,APP0001048,PR0004786,2025-07-19,BR004,AO015,Kredit Konsumtif,Konsumtif,71500000,18.0,36
DSB0000659,APP0001053,PR0004801,2026-02-12,BR001,AO004,Kredit Produktif SME,SME,715500000,19.0,24
DSB0000660,APP0001054,PR0004805,2026-03-31,BR007,AO027,Kredit Produktif SME,SME,474500000,19.0,60
DSB0000661,APP0001055,PR0004807,2025-09-09,BR004,AO013,Kredit Mikro,Mikro,28500000,21.0,12
DSB0000662,APP0001056,PR0004811,2026-03-31,BR007,AO028,Kredit Konsumtif,Konsumtif,121000000,18.0,36
DSB0000663,APP0001058,PR0004813,2026-02-15,BR005,AO018,Kredit Konsumtif,Konsumtif,141500000,18.0,24
DSB0000664,APP0001059,PR0004816,2026-01-11,BR006,AO024,Kredit Payroll,Payroll,50000000,15.5,60
DSB0000665,APP0001060,PR0004817,2025-08-23,BR003,AO012,Kredit Payroll,Payroll,94000000,15.5,24
DSB0000666,APP0001062,PR0004820,2026-01-31,BR001,AO001,Kredit Produktif SME,SME,986000000,19.0,24
DSB0000667,APP0001064,PR0004833,2026-03-02,BR001,AO004,Kredit Konsumtif,Konsumtif,29500000,18.0,12
DSB0000668,APP0001065,PR0004835,2026-03-26,BR002,AO007,Kredit Mikro,Mikro,20000000,21.0,36
DSB0000669,APP0001067,PR0004838,2025-12-27,BR001,AO002,Kredit Mikro,Mikro,74000000,21.0,24
DSB0000670,APP0001068,PR0004841,2025-09-16,BR001,AO001,Kredit Konsumtif,Konsumtif,47500000,18.0,18
DSB0000671,APP0001070,PR0004847,2025-08-26,BR001,AO003,Kredit Payroll,Payroll,72000000,15.5,24
DSB0000672,APP0001071,PR0004850,2026-03-21,BR006,AO021,Kredit Konsumtif,Konsumtif,69000000,18.0,12
DSB0000673,APP0001072,PR0004856,2026-06-28,BR002,AO007,Kredit Produktif SME,SME,486000000,19.0,12
DSB0000674,APP0001073,PR0004862,2025-08-14,BR002,AO007,Kredit Konsumtif,Konsumtif,46000000,18.0,12
DSB0000675,APP0001075,PR0004868,2025-10-31,BR002,AO006,Kredit Payroll,Payroll,146000000,15.5,60
DSB0000676,APP0001076,PR0004871,2025-09-28,BR001,AO004,Kredit Konsumtif,Konsumtif,115500000,18.0,12
DSB0000677,APP0001077,PR0004876,2025-10-20,BR006,AO021,Kredit Mikro,Mikro,49500000,21.0,36
DSB0000678,APP0001078,PR0004881,2025-08-31,BR002,AO006,Kredit Mikro,Mikro,93500000,21.0,18
DSB0000679,APP0001081,PR0004892,2025-08-31,BR001,AO001,Kredit Produktif SME,SME,748000000,19.0,48
DSB0000680,APP0001083,PR0004907,2026-03-19,BR001,AO003,Kredit Konsumtif,Konsumtif,96000000,18.0,12
DSB0000681,APP0001084,PR0004911,2026-05-31,BR007,AO027,Kredit Mikro,Mikro,19500000,21.0,18
DSB0000682,APP0001086,PR0004916,2025-10-31,BR003,AO010,Kredit Payroll,Payroll,149000000,15.5,60
DSB0000683,APP0001087,PR0004918,2025-10-31,BR003,AO009,Kredit Payroll,Payroll,197500000,15.5,48
DSB0000684,APP0001088,PR0004926,2026-01-28,BR005,AO018,Kredit Konsumtif,Konsumtif,48000000,18.0,18
DSB0000685,APP0001090,PR0004942,2025-08-17,BR006,AO024,Kredit Payroll,Payroll,48000000,15.5,48
DSB0000686,APP0001092,PR0004958,2025-08-11,BR006,AO021,Kredit Konsumtif,Konsumtif,124500000,18.0,24
DSB0000687,APP0001093,PR0004960,2025-10-01,BR002,AO008,Kredit Produktif SME,SME,694000000,19.0,36
DSB0000688,APP0001096,PR0004993,2026-02-09,BR001,AO001,Kredit Produktif SME,SME,148000000,19.0,36
DSB0000689,APP0001101,PR0005011,2025-12-19,BR003,AO009,Kredit Payroll,Payroll,48000000,15.5,12
DSB0000690,APP0001102,PR0005012,2025-11-14,BR005,AO020,Kredit Mikro,Mikro,29500000,21.0,24
DSB0000691,APP0001104,PR0005016,2025-12-30,BR007,AO025,Kredit Mikro,Mikro,71000000,21.0,18
DSB0000692,APP0001106,PR0005023,2026-04-27,BR001,AO004,Kredit Mikro,Mikro,98000000,21.0,18
DSB0000693,APP0001107,PR0005024,2025-11-14,BR007,AO026,Kredit Mikro,Mikro,19000000,21.0,24
DSB0000694,APP0001116,PR0005059,2026-01-13,BR005,AO020,Kredit Konsumtif,Konsumtif,47000000,18.0,36
DSB0000695,APP0001117,PR0005062,2025-12-01,BR002,AO007,Kredit Mikro,Mikro,20000000,21.0,36
DSB0000696,APP0001118,PR0005070,2025-07-30,BR007,AO027,Kredit Payroll,Payroll,93500000,15.5,60
DSB0000697,APP0001119,PR0005071,2025-07-31,BR006,AO021,Kredit Payroll,Payroll,185500000,15.5,36
DSB0000698,APP0001120,PR0005084,2026-01-31,BR001,AO003,Kredit Konsumtif,Konsumtif,69500000,18.0,24
DSB0000699,APP0001121,PR0005087,2025-12-22,BR003,AO009,Kredit Konsumtif,Konsumtif,93000000,18.0,12
DSB0000700,APP0001122,PR0005091,2026-05-18,BR003,AO012,Kredit Mikro,Mikro,29500000,21.0,24
DSB0000701,APP0001123,PR0005093,2026-03-30,BR005,AO018,Kredit Payroll,Payroll,99000000,15.5,12
DSB0000702,APP0001124,PR0005095,2025-11-22,BR002,AO007,Kredit Mikro,Mikro,48000000,21.0,12
DSB0000703,APP0001127,PR0005111,2026-03-01,BR003,AO012,Kredit Produktif SME,SME,198000000,19.0,12
DSB0000704,APP0001128,PR0005115,2025-12-28,BR002,AO006,Kredit Mikro,Mikro,19000000,21.0,18
DSB0000705,APP0001130,PR0005121,2026-03-31,BR001,AO004,Kredit Konsumtif,Konsumtif,99000000,18.0,36
DSB0000706,APP0001136,PR0005157,2026-03-31,BR002,AO007,Kredit Produktif SME,SME,747000000,19.0,36
DSB0000707,APP0001137,PR0005160,2025-12-31,BR003,AO012,Kredit Payroll,Payroll,71500000,15.5,24
DSB0000708,APP0001138,PR0005161,2026-04-14,BR003,AO010,Kredit Payroll,Payroll,69500000,15.5,48
DSB0000709,APP0001143,PR0005190,2026-04-24,BR003,AO012,Kredit Payroll,Payroll,197500000,15.5,12
DSB0000710,APP0001144,PR0005192,2025-10-01,BR001,AO004,Kredit Payroll,Payroll,69500000,15.5,24
DSB0000711,APP0001145,PR0005193,2026-07-01,BR001,AO004,Kredit Payroll,Payroll,198500000,15.5,60
DSB0000712,APP0001147,PR0005210,2025-11-21,BR001,AO002,Kredit Produktif SME,SME,96500000,19.0,48
DSB0000713,APP0001148,PR0005212,2025-10-10,BR007,AO025,Kredit Konsumtif,Konsumtif,69500000,18.0,12
DSB0000714,APP0001149,PR0005218,2025-12-23,BR001,AO003,Kredit Mikro,Mikro,28000000,21.0,36
DSB0000715,APP0001151,PR0005224,2025-08-31,BR007,AO026,Kredit Konsumtif,Konsumtif,94000000,18.0,24
DSB0000716,APP0001153,PR0005228,2025-08-31,BR001,AO001,Kredit Konsumtif,Konsumtif,29500000,18.0,24
DSB0000717,APP0001155,PR0005234,2025-11-26,BR005,AO017,Kredit Payroll,Payroll,192000000,15.5,48
DSB0000718,APP0001158,PR0005248,2025-11-25,BR005,AO018,Kredit Produktif SME,SME,187500000,19.0,24
DSB0000719,APP0001159,PR0005249,2026-01-31,BR001,AO001,Kredit Payroll,Payroll,144500000,15.5,36
DSB0000720,APP0001160,PR0005251,2025-08-08,BR002,AO005,Kredit Payroll,Payroll,186500000,15.5,24
DSB0000721,APP0001162,PR0005257,2025-11-23,BR001,AO001,Kredit Konsumtif,Konsumtif,141500000,18.0,12
DSB0000722,APP0001164,PR0005261,2025-11-20,BR001,AO004,Kredit Konsumtif,Konsumtif,69000000,18.0,36
DSB0000723,APP0001167,PR0005274,2026-03-31,BR001,AO003,Kredit Konsumtif,Konsumtif,149500000,18.0,12
DSB0000724,APP0001168,PR0005275,2026-03-03,BR001,AO001,Kredit Konsumtif,Konsumtif,49000000,18.0,12
DSB0000725,APP0001171,PR0005291,2025-09-16,BR006,AO022,Kredit Konsumtif,Konsumtif,119500000,18.0,36
DSB0000726,APP0001173,PR0005304,2025-07-22,BR005,AO020,Kredit Konsumtif,Konsumtif,146000000,18.0,24
DSB0000727,APP0001174,PR0005306,2025-11-23,BR001,AO001,Kredit Payroll,Payroll,97500000,15.5,12
DSB0000728,APP0001175,PR0005307,2026-04-30,BR007,AO026,Kredit Produktif SME,SME,962500000,19.0,36
DSB0000729,APP0001176,PR0005308,2026-02-24,BR001,AO004,Kredit Konsumtif,Konsumtif,93000000,18.0,36
DSB0000730,APP0001178,PR0005316,2025-09-19,BR005,AO018,Kredit Konsumtif,Konsumtif,94500000,18.0,36
DSB0000731,APP0001180,PR0005332,2025-12-11,BR005,AO019,Kredit Konsumtif,Konsumtif,118500000,18.0,12
DSB0000732,APP0001181,PR0005333,2026-03-29,BR007,AO026,Kredit Payroll,Payroll,49500000,15.5,24
DSB0000733,APP0001182,PR0005336,2025-08-19,BR007,AO027,Kredit Payroll,Payroll,94500000,15.5,24
DSB0000734,APP0001184,PR0005350,2026-04-29,BR005,AO018,Kredit Konsumtif,Konsumtif,72500000,18.0,36
DSB0000735,APP0001185,PR0005353,2025-12-23,BR005,AO019,Kredit Mikro,Mikro,18500000,21.0,24
DSB0000736,APP0001186,PR0005355,2025-10-31,BR003,AO011,Kredit Konsumtif,Konsumtif,49000000,18.0,24
DSB0000737,APP0001187,PR0005357,2025-12-01,BR004,AO016,Kredit Mikro,Mikro,69500000,21.0,24
DSB0000738,APP0001191,PR0005372,2026-02-16,BR002,AO008,Kredit Konsumtif,Konsumtif,29500000,18.0,24
DSB0000739,APP0001192,PR0005378,2026-03-31,BR005,AO020,Kredit Konsumtif,Konsumtif,120500000,18.0,36
DSB0000740,APP0001195,PR0005389,2025-07-31,BR006,AO024,Kredit Payroll,Payroll,139000000,15.5,60
DSB0000741,APP0001196,PR0005392,2026-02-15,BR005,AO018,Kredit Payroll,Payroll,185000000,15.5,36
DSB0000742,APP0001197,PR0005402,2026-03-29,BR006,AO023,Kredit Konsumtif,Konsumtif,145000000,18.0,36
DSB0000743,APP0001199,PR0005411,2026-02-08,BR003,AO012,Kredit Mikro,Mikro,19500000,21.0,12
DSB0000744,APP0001200,PR0005412,2026-05-01,BR004,AO014,Kredit Konsumtif,Konsumtif,29000000,18.0,24
DSB0000745,APP0001202,PR0005414,2026-03-15,BR006,AO024,Kredit Mikro,Mikro,18500000,21.0,36
DSB0000746,APP0001205,PR0005428,2026-05-31,BR006,AO023,Kredit Mikro,Mikro,70500000,21.0,18
DSB0000747,APP0001207,PR0005439,2025-07-23,BR001,AO001,Kredit Produktif SME,SME,149500000,19.0,12
DSB0000748,APP0001210,PR0005448,2025-10-01,BR001,AO003,Kredit Konsumtif,Konsumtif,48500000,18.0,36
DSB0000749,APP0001211,PR0005449,2026-02-14,BR003,AO010,Kredit Payroll,Payroll,93000000,15.5,36
DSB0000750,APP0001213,PR0005454,2025-12-23,BR005,AO017,Kredit Payroll,Payroll,48500000,15.5,60
DSB0000751,APP0001214,PR0005455,2026-01-14,BR003,AO010,Kredit Payroll,Payroll,139500000,15.5,48
DSB0000752,APP0001215,PR0005459,2026-03-05,BR002,AO008,Kredit Konsumtif,Konsumtif,29500000,18.0,12
DSB0000753,APP0001216,PR0005462,2025-08-31,BR006,AO021,Kredit Mikro,Mikro,18500000,21.0,18
DSB0000754,APP0001217,PR0005465,2026-05-24,BR006,AO023,Kredit Mikro,Mikro,19500000,21.0,12
DSB0000755,APP0001218,PR0005468,2025-12-31,BR002,AO006,Kredit Mikro,Mikro,97500000,21.0,18
DSB0000756,APP0001219,PR0005473,2026-03-03,BR004,AO013,Kredit Payroll,Payroll,47500000,15.5,48
DSB0000757,APP0001225,PR0005502,2026-02-20,BR003,AO012,Kredit Konsumtif,Konsumtif,96000000,18.0,12
DSB0000758,APP0001227,PR0005509,2025-08-08,BR003,AO012,Kredit Produktif SME,SME,727500000,19.0,24
DSB0000759,APP0001228,PR0005511,2025-12-28,BR006,AO021,Kredit Mikro,Mikro,28500000,21.0,24
DSB0000760,APP0001229,PR0005517,2026-03-14,BR005,AO019,Kredit Produktif SME,SME,474000000,19.0,24
DSB0000761,APP0001230,PR0005518,2025-12-21,BR006,AO024,Kredit Payroll,Payroll,70000000,15.5,24
DSB0000762,APP0001233,PR0005532,2025-09-29,BR002,AO008,Kredit Konsumtif,Konsumtif,46000000,18.0,18
DSB0000763,APP0001234,PR0005534,2025-12-25,BR003,AO009,Kredit Produktif SME,SME,296000000,19.0,36
DSB0000764,APP0001235,PR0005539,2026-01-21,BR004,AO015,Kredit Payroll,Payroll,145500000,15.5,60
DSB0000765,APP0001237,PR0005542,2026-02-17,BR002,AO005,Kredit Mikro,Mikro,29500000,21.0,18
DSB0000766,APP0001238,PR0005545,2025-10-14,BR005,AO020,Kredit Produktif SME,SME,149500000,19.0,24
DSB0000767,APP0001239,PR0005548,2025-12-31,BR006,AO023,Kredit Konsumtif,Konsumtif,28500000,18.0,36
DSB0000768,APP0001240,PR0005552,2026-02-28,BR006,AO021,Kredit Payroll,Payroll,72000000,15.5,12
DSB0000769,APP0001241,PR0005554,2026-01-27,BR003,AO010,Kredit Konsumtif,Konsumtif,74000000,18.0,24
DSB0000770,APP0001244,PR0005561,2025-08-09,BR003,AO010,Kredit Konsumtif,Konsumtif,147000000,18.0,36
DSB0000771,APP0001245,PR0005564,2025-12-01,BR005,AO017,Kredit Konsumtif,Konsumtif,97000000,18.0,24
DSB0000772,APP0001247,PR0005573,2026-06-29,BR002,AO007,Kredit Mikro,Mikro,70500000,21.0,36
DSB0000773,APP0001248,PR0005579,2025-09-20,BR003,AO012,Kredit Konsumtif,Konsumtif,142000000,18.0,12
DSB0000774,APP0001252,PR0005594,2026-03-15,BR007,AO027,Kredit Mikro,Mikro,29500000,21.0,18
DSB0000775,APP0001253,PR0005600,2025-07-31,BR002,AO007,Kredit Payroll,Payroll,100000000,15.5,12
DSB0000776,APP0001255,PR0005615,2025-07-27,BR004,AO014,Kredit Konsumtif,Konsumtif,118500000,18.0,36
DSB0000777,APP0001258,PR0005627,2026-02-17,BR001,AO003,Kredit Payroll,Payroll,189000000,15.5,60
DSB0000778,APP0001259,PR0005628,2025-12-01,BR003,AO012,Kredit Payroll,Payroll,98500000,15.5,60
DSB0000779,APP0001260,PR0005631,2026-01-21,BR001,AO003,Kredit Payroll,Payroll,47500000,15.5,12
DSB0000780,APP0001261,PR0005639,2025-07-30,BR004,AO015,Kredit Konsumtif,Konsumtif,150000000,18.0,12
DSB0000781,APP0001262,PR0005640,2026-02-26,BR003,AO011,Kredit Payroll,Payroll,195500000,15.5,24
DSB0000782,APP0001263,PR0005642,2026-05-18,BR001,AO004,Kredit Konsumtif,Konsumtif,74000000,18.0,12
DSB0000783,APP0001264,PR0005646,2026-01-31,BR001,AO004,Kredit Konsumtif,Konsumtif,29000000,18.0,18
DSB0000784,APP0001266,PR0005652,2026-05-28,BR004,AO015,Kredit Konsumtif,Konsumtif,72500000,18.0,18
DSB0000785,APP0001267,PR0005655,2026-03-25,BR001,AO002,Kredit Produktif SME,SME,98500000,19.0,12
DSB0000786,APP0001268,PR0005656,2025-12-31,BR005,AO017,Kredit Payroll,Payroll,190000000,15.5,24
DSB0000787,APP0001269,PR0005665,2025-11-25,BR007,AO026,Kredit Mikro,Mikro,71500000,21.0,12
DSB0000788,APP0001271,PR0005676,2025-10-11,BR003,AO010,Kredit Konsumtif,Konsumtif,46000000,18.0,24
DSB0000789,APP0001272,PR0005677,2026-05-24,BR002,AO006,Kredit Payroll,Payroll,192500000,15.5,48
DSB0000790,APP0001274,PR0005679,2026-03-24,BR001,AO001,Kredit Mikro,Mikro,28000000,21.0,18
DSB0000791,APP0001275,PR0005686,2025-09-21,BR001,AO004,Kredit Produktif SME,SME,285000000,19.0,48
DSB0000792,APP0001276,PR0005694,2025-10-31,BR004,AO015,Kredit Payroll,Payroll,95000000,15.5,24
DSB0000793,APP0001279,PR0005703,2025-07-21,BR007,AO027,Kredit Produktif SME,SME,479000000,19.0,12
DSB0000794,APP0001280,PR0005708,2026-02-27,BR006,AO021,Kredit Konsumtif,Konsumtif,124500000,18.0,18
DSB0000795,APP0001281,PR0005711,2025-12-31,BR006,AO023,Kredit Payroll,Payroll,199500000,15.5,12
DSB0000796,APP0001284,PR0005720,2026-02-08,BR004,AO013,Kredit Mikro,Mikro,98000000,21.0,12
DSB0000797,APP0001285,PR0005724,2025-07-20,BR002,AO008,Kredit Payroll,Payroll,47000000,15.5,60
DSB0000798,APP0001286,PR0005727,2026-04-10,BR002,AO006,Kredit Konsumtif,Konsumtif,74000000,18.0,12
DSB0000799,APP0001287,PR0005733,2026-04-30,BR005,AO020,Kredit Konsumtif,Konsumtif,49500000,18.0,24
DSB0000800,APP0001289,PR0005754,2026-01-27,BR003,AO010,Kredit Konsumtif,Konsumtif,46500000,18.0,12
DSB0000801,APP0001290,PR0005756,2026-06-30,BR001,AO003,Kredit Konsumtif,Konsumtif,28000000,18.0,18
DSB0000802,APP0001291,PR0005761,2025-10-22,BR003,AO012,Kredit Konsumtif,Konsumtif,29500000,18.0,36
DSB0000803,APP0001292,PR0005770,2026-03-24,BR002,AO008,Kredit Konsumtif,Konsumtif,46500000,18.0,18
DSB0000804,APP0001293,PR0005774,2026-03-27,BR003,AO010,Kredit Produktif SME,SME,194500000,19.0,48
DSB0000805,APP0001297,PR0005783,2026-01-31,BR004,AO016,Kredit Payroll,Payroll,190500000,15.5,24
DSB0000806,APP0001299,PR0005791,2026-01-31,BR002,AO008,Kredit Payroll,Payroll,74000000,15.5,12
DSB0000807,APP0001300,PR0005792,2026-06-14,BR001,AO002,Kredit Konsumtif,Konsumtif,49000000,18.0,24
DSB0000808,APP0001301,PR0005794,2025-08-23,BR004,AO015,Kredit Mikro,Mikro,46500000,21.0,12
DSB0000809,APP0001302,PR0005795,2026-05-01,BR001,AO002,Kredit Produktif SME,SME,474000000,19.0,48
DSB0000810,APP0001303,PR0005798,2026-03-31,BR002,AO007,Kredit Payroll,Payroll,47500000,15.5,24
DSB0000811,APP0001304,PR0005809,2026-03-22,BR006,AO021,Kredit Konsumtif,Konsumtif,124500000,18.0,18
DSB0000812,APP0001307,PR0005824,2026-01-17,BR004,AO014,Kredit Mikro,Mikro,93000000,21.0,18
DSB0000813,APP0001309,PR0005833,2025-09-11,BR002,AO006,Kredit Konsumtif,Konsumtif,122500000,18.0,36
DSB0000814,APP0001311,PR0005845,2025-08-11,BR005,AO019,Kredit Konsumtif,Konsumtif,74000000,18.0,24
DSB0000815,APP0001313,PR0005859,2025-08-28,BR001,AO004,Kredit Payroll,Payroll,69500000,15.5,12
DSB0000816,APP0001314,PR0005863,2026-05-31,BR001,AO003,Kredit Konsumtif,Konsumtif,123500000,18.0,18
DSB0000817,APP0001315,PR0005866,2026-05-20,BR002,AO006,Kredit Konsumtif,Konsumtif,73500000,18.0,12
DSB0000818,APP0001316,PR0005875,2026-01-26,BR006,AO021,Kredit Konsumtif,Konsumtif,97000000,18.0,36
DSB0000819,APP0001317,PR0005899,2025-12-01,BR003,AO009,Kredit Payroll,Payroll,97500000,15.5,48
DSB0000820,APP0001318,PR0005904,2026-07-01,BR003,AO011,Kredit Mikro,Mikro,94500000,21.0,12
DSB0000821,APP0001320,PR0005913,2026-01-26,BR003,AO010,Kredit Produktif SME,SME,713000000,19.0,36
DSB0000822,APP0001321,PR0005916,2025-10-20,BR004,AO014,Kredit Konsumtif,Konsumtif,71500000,18.0,18
DSB0000823,APP0001322,PR0005917,2025-08-28,BR006,AO022,Kredit Payroll,Payroll,196500000,15.5,12
DSB0000824,APP0001326,PR0005942,2025-11-17,BR001,AO001,Kredit Mikro,Mikro,29500000,21.0,36
DSB0000825,APP0001327,PR0005945,2025-08-17,BR007,AO026,Kredit Mikro,Mikro,20000000,21.0,36
DSB0000826,APP0001328,PR0005956,2026-03-15,BR006,AO022,Kredit Konsumtif,Konsumtif,117500000,18.0,18
DSB0000827,APP0001331,PR0005971,2025-10-15,BR006,AO021,Kredit Produktif SME,SME,473500000,19.0,60
DSB0000828,APP0001332,PR0005972,2025-11-09,BR001,AO001,Kredit Payroll,Payroll,100000000,15.5,36
DSB0000829,APP0001333,PR0005973,2026-04-22,BR001,AO004,Kredit Payroll,Payroll,100000000,15.5,48
DSB0000830,APP0001334,PR0005979,2026-03-03,BR001,AO002,Kredit Mikro,Mikro,48500000,21.0,24
DSB0000831,APP0001335,PR0005984,2026-03-03,BR001,AO003,Kredit Payroll,Payroll,146000000,15.5,48
DSB0000832,APP0001336,PR0005986,2026-03-03,BR001,AO004,Kredit Konsumtif,Konsumtif,29000000,18.0,12
DSB0000833,APP0001337,PR0005994,2025-07-31,BR002,AO006,Kredit Konsumtif,Konsumtif,49000000,18.0,36
DSB0000834,APP0001338,PR0005995,2025-08-23,BR001,AO001,Kredit Payroll,Payroll,74500000,15.5,48
DSB0000835,APP0001339,PR0005996,2026-06-11,BR002,AO006,Kredit Konsumtif,Konsumtif,49000000,18.0,36
DSB0000836,APP0001340,PR0005998,2026-06-14,BR002,AO008,Kredit Mikro,Mikro,69500000,21.0,24
DSB0000837,APP0001341,PR0006013,2025-10-19,BR003,AO009,Kredit Konsumtif,Konsumtif,145000000,18.0,36
DSB0000838,APP0001343,PR0006031,2026-05-31,BR001,AO001,Kredit Payroll,Payroll,94000000,15.5,48
DSB0000839,APP0001344,PR0006032,2026-03-18,BR006,AO021,Kredit Mikro,Mikro,98000000,21.0,36
DSB0000840,APP0001346,PR0006039,2026-02-24,BR001,AO003,Kredit Mikro,Mikro,47500000,21.0,36
DSB0000841,APP0001348,PR0006069,2026-03-19,BR001,AO002,Kredit Produktif SME,SME,283500000,19.0,36
DSB0000842,APP0001349,PR0006070,2026-02-10,BR005,AO018,Kredit Konsumtif,Konsumtif,147000000,18.0,36
DSB0000843,APP0001351,PR0006076,2026-02-16,BR004,AO014,Kredit Payroll,Payroll,47500000,15.5,12
DSB0000844,APP0001352,PR0006078,2026-01-31,BR006,AO023,Kredit Konsumtif,Konsumtif,47500000,18.0,36
DSB0000845,APP0001354,PR0006082,2025-12-20,BR001,AO003,Kredit Konsumtif,Konsumtif,145500000,18.0,18
DSB0000846,APP0001355,PR0006088,2025-11-25,BR007,AO028,Kredit Produktif SME,SME,96500000,19.0,60
DSB0000847,APP0001356,PR0006090,2026-06-25,BR003,AO009,Kredit Konsumtif,Konsumtif,148000000,18.0,36
DSB0000848,APP0001357,PR0006097,2025-10-27,BR002,AO006,Kredit Payroll,Payroll,71500000,15.5,24
DSB0000849,APP0001359,PR0006099,2025-08-31,BR001,AO001,Kredit Produktif SME,SME,922000000,19.0,24
DSB0000850,APP0001360,PR0006105,2025-10-19,BR001,AO003,Kredit Konsumtif,Konsumtif,99000000,18.0,12
DSB0000851,APP0001361,PR0006106,2026-03-03,BR004,AO016,Kredit Konsumtif,Konsumtif,116000000,18.0,24
DSB0000852,APP0001363,PR0006113,2025-10-27,BR003,AO012,Kredit Payroll,Payroll,71500000,15.5,60
DSB0000853,APP0001365,PR0006118,2025-08-31,BR005,AO018,Kredit Payroll,Payroll,47000000,15.5,60
DSB0000854,APP0001366,PR0006120,2026-01-13,BR002,AO006,Kredit Produktif SME,SME,284500000,19.0,60
DSB0000855,APP0001367,PR0006128,2026-03-24,BR001,AO001,Kredit Mikro,Mikro,47500000,21.0,18
DSB0000856,APP0001370,PR0006136,2026-06-12,BR003,AO011,Kredit Payroll,Payroll,94000000,15.5,12
DSB0000857,APP0001371,PR0006142,2025-12-23,BR003,AO012,Kredit Payroll,Payroll,93000000,15.5,24
DSB0000858,APP0001372,PR0006143,2025-12-01,BR006,AO023,Kredit Produktif SME,SME,285000000,19.0,48
DSB0000859,APP0001373,PR0006145,2026-02-16,BR006,AO024,Kredit Payroll,Payroll,70000000,15.5,36
DSB0000860,APP0001374,PR0006148,2025-07-31,BR005,AO019,Kredit Payroll,Payroll,50000000,15.5,48
DSB0000861,APP0001375,PR0006152,2025-10-31,BR004,AO015,Kredit Produktif SME,SME,477000000,19.0,24
DSB0000862,APP0001376,PR0006153,2026-01-16,BR006,AO023,Kredit Mikro,Mikro,49500000,21.0,36
DSB0000863,APP0001378,PR0006157,2026-03-31,BR005,AO019,Kredit Konsumtif,Konsumtif,93500000,18.0,24
DSB0000864,APP0001381,PR0006165,2026-05-01,BR007,AO028,Kredit Konsumtif,Konsumtif,75000000,18.0,36
DSB0000865,APP0001382,PR0006177,2025-12-11,BR001,AO004,Kredit Payroll,Payroll,190000000,15.5,60
DSB0000866,APP0001383,PR0006187,2025-12-31,BR001,AO004,Kredit Payroll,Payroll,193500000,15.5,60
DSB0000867,APP0001386,PR0006205,2026-04-30,BR001,AO003,Kredit Produktif SME,SME,149500000,19.0,36
DSB0000868,APP0001387,PR0006206,2025-08-13,BR002,AO006,Kredit Payroll,Payroll,97500000,15.5,12
DSB0000869,APP0001390,PR0006217,2025-09-12,BR007,AO028,Kredit Konsumtif,Konsumtif,47000000,18.0,12
DSB0000870,APP0001395,PR0006243,2025-10-24,BR002,AO005,Kredit Payroll,Payroll,95000000,15.5,48
DSB0000871,APP0001399,PR0006265,2026-03-17,BR004,AO016,Kredit Payroll,Payroll,198000000,15.5,48
DSB0000872,APP0001405,PR0006285,2025-08-12,BR005,AO020,Kredit Konsumtif,Konsumtif,93000000,18.0,18
DSB0000873,APP0001406,PR0006302,2026-03-31,BR002,AO006,Kredit Mikro,Mikro,69000000,21.0,24
DSB0000874,APP0001407,PR0006303,2026-04-21,BR003,AO011,Kredit Produktif SME,SME,935500000,19.0,48
DSB0000875,APP0001408,PR0006306,2026-05-31,BR005,AO018,Kredit Mikro,Mikro,18500000,21.0,12
DSB0000876,APP0001409,PR0006307,2025-12-13,BR004,AO015,Kredit Payroll,Payroll,145500000,15.5,36
DSB0000877,APP0001410,PR0006308,2026-05-29,BR002,AO007,Kredit Payroll,Payroll,139000000,15.5,12
DSB0000878,APP0001413,PR0006329,2025-07-20,BR006,AO021,Kredit Payroll,Payroll,70000000,15.5,12
DSB0000879,APP0001414,PR0006348,2026-02-22,BR007,AO028,Kredit Konsumtif,Konsumtif,120000000,18.0,18
DSB0000880,APP0001416,PR0006359,2025-07-31,BR002,AO005,Kredit Konsumtif,Konsumtif,148500000,18.0,12
DSB0000881,APP0001419,PR0006373,2026-05-01,BR006,AO024,Kredit Konsumtif,Konsumtif,49500000,18.0,12
DSB0000882,APP0001420,PR0006375,2026-01-16,BR003,AO012,Kredit Konsumtif,Konsumtif,74500000,18.0,12
DSB0000883,APP0001421,PR0006386,2025-12-01,BR001,AO004,Kredit Mikro,Mikro,69500000,21.0,36
DSB0000884,APP0001423,PR0006401,2025-08-31,BR002,AO008,Kredit Konsumtif,Konsumtif,73500000,18.0,36
DSB0000885,APP0001424,PR0006404,2026-01-31,BR003,AO011,Kredit Konsumtif,Konsumtif,115500000,18.0,12
DSB0000886,APP0001429,PR0006425,2025-12-29,BR005,AO018,Kredit Konsumtif,Konsumtif,72000000,18.0,24
DSB0000887,APP0001430,PR0006431,2025-11-24,BR001,AO003,Kredit Mikro,Mikro,75000000,21.0,24
DSB0000888,APP0001431,PR0006433,2025-09-16,BR003,AO011,Kredit Konsumtif,Konsumtif,74000000,18.0,24
DSB0000889,APP0001432,PR0006435,2026-03-17,BR007,AO025,Kredit Konsumtif,Konsumtif,69500000,18.0,24
DSB0000890,APP0001433,PR0006441,2025-10-26,BR005,AO019,Kredit Konsumtif,Konsumtif,99500000,18.0,12
DSB0000891,APP0001434,PR0006443,2026-03-30,BR006,AO022,Kredit Konsumtif,Konsumtif,140500000,18.0,36
DSB0000892,APP0001435,PR0006451,2025-10-01,BR005,AO019,Kredit Produktif SME,SME,709500000,19.0,12
DSB0000893,APP0001436,PR0006453,2025-08-31,BR001,AO001,Kredit Konsumtif,Konsumtif,119000000,18.0,36
DSB0000894,APP0001437,PR0006460,2025-08-31,BR005,AO019,Kredit Mikro,Mikro,18500000,21.0,18
DSB0000895,APP0001438,PR0006462,2026-06-25,BR002,AO007,Kredit Mikro,Mikro,47500000,21.0,12
DSB0000896,APP0001439,PR0006466,2026-04-18,BR001,AO004,Kredit Payroll,Payroll,49000000,15.5,48
DSB0000897,APP0001440,PR0006469,2025-07-31,BR006,AO022,Kredit Mikro,Mikro,100000000,21.0,24
DSB0000898,APP0001442,PR0006479,2025-10-25,BR007,AO028,Kredit Konsumtif,Konsumtif,28500000,18.0,24
DSB0000899,APP0001443,PR0006480,2025-09-21,BR002,AO006,Kredit Konsumtif,Konsumtif,69000000,18.0,18
DSB0000900,APP0001447,PR0006502,2025-11-29,BR002,AO008,Kredit Produktif SME,SME,712000000,19.0,60
DSB0000901,APP0001449,PR0006507,2025-12-31,BR003,AO012,Kredit Payroll,Payroll,189000000,15.5,24
DSB0000902,APP0001450,PR0006508,2025-09-12,BR002,AO006,Kredit Payroll,Payroll,46500000,15.5,36
DSB0000903,APP0001451,PR0006511,2025-08-25,BR006,AO021,Kredit Mikro,Mikro,19500000,21.0,36
DSB0000904,APP0001452,PR0006513,2026-05-18,BR007,AO026,Kredit Payroll,Payroll,149500000,15.5,24
DSB0000905,APP0001453,PR0006518,2025-10-18,BR006,AO022,Kredit Konsumtif,Konsumtif,92500000,18.0,36
DSB0000906,APP0001454,PR0006524,2025-12-31,BR001,AO001,Kredit Payroll,Payroll,99500000,15.5,24
DSB0000907,APP0001456,PR0006551,2025-08-31,BR002,AO008,Kredit Konsumtif,Konsumtif,69500000,18.0,18
DSB0000908,APP0001458,PR0006558,2025-12-31,BR004,AO016,Kredit Produktif SME,SME,142000000,19.0,12
DSB0000909,APP0001460,PR0006563,2025-10-10,BR006,AO021,Kredit Produktif SME,SME,138000000,19.0,36
DSB0000910,APP0001461,PR0006565,2025-10-28,BR006,AO021,Kredit Konsumtif,Konsumtif,75000000,18.0,24
DSB0000911,APP0001463,PR0006575,2025-09-19,BR003,AO010,Kredit Mikro,Mikro,99000000,21.0,18
DSB0000912,APP0001466,PR0006591,2025-10-09,BR003,AO011,Kredit Mikro,Mikro,28500000,21.0,36
DSB0000913,APP0001467,PR0006595,2026-01-31,BR005,AO019,Kredit Konsumtif,Konsumtif,120000000,18.0,24
DSB0000914,APP0001468,PR0006605,2025-11-19,BR007,AO027,Kredit Payroll,Payroll,189500000,15.5,36
DSB0000915,APP0001474,PR0006618,2026-04-23,BR006,AO023,Kredit Payroll,Payroll,189000000,15.5,24
DSB0000916,APP0001476,PR0006627,2026-02-22,BR005,AO020,Kredit Mikro,Mikro,70500000,21.0,18
DSB0000917,APP0001478,PR0006631,2026-02-08,BR001,AO002,Kredit Payroll,Payroll,74500000,15.5,24
DSB0000918,APP0001480,PR0006638,2026-05-20,BR003,AO012,Kredit Mikro,Mikro,29500000,21.0,18
DSB0000919,APP0001481,PR0006643,2026-05-31,BR002,AO006,Kredit Payroll,Payroll,139500000,15.5,60
DSB0000920,APP0001483,PR0006648,2026-02-07,BR005,AO020,Kredit Konsumtif,Konsumtif,72500000,18.0,18
DSB0000921,APP0001489,PR0006684,2025-12-23,BR003,AO009,Kredit Mikro,Mikro,48000000,21.0,24
DSB0000922,APP0001491,PR0006700,2025-10-25,BR005,AO018,Kredit Payroll,Payroll,94500000,15.5,24
DSB0000923,APP0001492,PR0006701,2025-11-21,BR002,AO008,Kredit Konsumtif,Konsumtif,49500000,18.0,18
DSB0000924,APP0001493,PR0006706,2025-07-13,BR007,AO028,Kredit Payroll,Payroll,69500000,15.5,24
DSB0000925,APP0001495,PR0006722,2026-01-24,BR004,AO013,Kredit Payroll,Payroll,71500000,15.5,12
DSB0000926,APP0001496,PR0006725,2025-12-31,BR007,AO026,Kredit Konsumtif,Konsumtif,93000000,18.0,12
DSB0000927,APP0001499,PR0006749,2026-02-14,BR007,AO027,Kredit Konsumtif,Konsumtif,71000000,18.0,24
DSB0000928,APP0001501,PR0006756,2025-11-15,BR004,AO013,Kredit Konsumtif,Konsumtif,141500000,18.0,24
DSB0000929,APP0001502,PR0006760,2026-05-23,BR006,AO022,Kredit Payroll,Payroll,148500000,15.5,36
DSB0000930,APP0001504,PR0006763,2026-06-21,BR003,AO009,Kredit Konsumtif,Konsumtif,27500000,18.0,18
DSB0000931,APP0001505,PR0006772,2025-09-24,BR002,AO006,Kredit Mikro,Mikro,69500000,21.0,36
DSB0000932,APP0001506,PR0006780,2026-06-26,BR004,AO013,Kredit Mikro,Mikro,70000000,21.0,24
DSB0000933,APP0001507,PR0006784,2025-08-24,BR004,AO014,Kredit Produktif SME,SME,723000000,19.0,36
DSB0000934,APP0001508,PR0006787,2025-10-01,BR007,AO027,Kredit Mikro,Mikro,19000000,21.0,12
DSB0000935,APP0001509,PR0006788,2026-02-16,BR001,AO004,Kredit Produktif SME,SME,200000000,19.0,24
DSB0000936,APP0001510,PR0006789,2025-09-19,BR006,AO021,Kredit Produktif SME,SME,727000000,19.0,24
DSB0000937,APP0001511,PR0006791,2026-01-31,BR002,AO006,Kredit Payroll,Payroll,138500000,15.5,60
DSB0000938,APP0001513,PR0006798,2025-08-25,BR002,AO006,Kredit Konsumtif,Konsumtif,28000000,18.0,12
DSB0000939,APP0001515,PR0006801,2026-06-29,BR003,AO009,Kredit Payroll,Payroll,49500000,15.5,60
DSB0000940,APP0001519,PR0006807,2025-12-14,BR005,AO018,Kredit Konsumtif,Konsumtif,72500000,18.0,36
DSB0000941,APP0001520,PR0006809,2025-07-23,BR001,AO003,Kredit Produktif SME,SME,93500000,19.0,24
DSB0000942,APP0001521,PR0006811,2026-05-22,BR003,AO010,Kredit Payroll,Payroll,199500000,15.5,24
DSB0000943,APP0001522,PR0006815,2025-10-01,BR003,AO011,Kredit Konsumtif,Konsumtif,29500000,18.0,24
DSB0000944,APP0001524,PR0006818,2025-12-18,BR003,AO011,Kredit Konsumtif,Konsumtif,122500000,18.0,24
DSB0000945,APP0001525,PR0006828,2026-02-23,BR004,AO016,Kredit Konsumtif,Konsumtif,74000000,18.0,24
DSB0000946,APP0001526,PR0006830,2025-08-31,BR002,AO006,Kredit Konsumtif,Konsumtif,71500000,18.0,36
DSB0000947,APP0001527,PR0006833,2025-07-28,BR002,AO006,Kredit Payroll,Payroll,146000000,15.5,36
DSB0000948,APP0001528,PR0006843,2026-03-01,BR002,AO008,Kredit Payroll,Payroll,72500000,15.5,48
DSB0000949,APP0001533,PR0006869,2025-12-21,BR003,AO010,Kredit Konsumtif,Konsumtif,70000000,18.0,36
DSB0000950,APP0001534,PR0006870,2025-09-10,BR003,AO012,Kredit Payroll,Payroll,73500000,15.5,12
DSB0000951,APP0001535,PR0006878,2026-04-08,BR003,AO009,Kredit Mikro,Mikro,28000000,21.0,24
DSB0000952,APP0001536,PR0006884,2025-12-27,BR003,AO010,Kredit Payroll,Payroll,145000000,15.5,12
DSB0000953,APP0001537,PR0006885,2025-12-24,BR003,AO010,Kredit Konsumtif,Konsumtif,46000000,18.0,18
DSB0000954,APP0001542,PR0006900,2025-07-19,BR002,AO008,Kredit Payroll,Payroll,196500000,15.5,36
DSB0000955,APP0001545,PR0006915,2025-09-28,BR001,AO002,Kredit Payroll,Payroll,199500000,15.5,36
DSB0000956,APP0001546,PR0006918,2025-10-25,BR005,AO018,Kredit Konsumtif,Konsumtif,46500000,18.0,12
DSB0000957,APP0001548,PR0006922,2025-08-07,BR002,AO007,Kredit Produktif SME,SME,995500000,19.0,60
DSB0000958,APP0001549,PR0006923,2025-12-27,BR002,AO006,Kredit Payroll,Payroll,98000000,15.5,48
DSB0000959,APP0001553,PR0006956,2025-07-29,BR001,AO001,Kredit Payroll,Payroll,95500000,15.5,48
DSB0000960,APP0001554,PR0006958,2026-04-24,BR004,AO014,Kredit Konsumtif,Konsumtif,147500000,18.0,12
DSB0000961,APP0001555,PR0006965,2025-10-01,BR001,AO001,Kredit Payroll,Payroll,71500000,15.5,12
DSB0000962,APP0001556,PR0006978,2025-10-31,BR005,AO018,Kredit Produktif SME,SME,295500000,19.0,48
DSB0000963,APP0001559,PR0006988,2026-02-17,BR007,AO025,Kredit Konsumtif,Konsumtif,71500000,18.0,24
DSB0000964,APP0001561,PR0006994,2026-03-01,BR005,AO018,Kredit Konsumtif,Konsumtif,96500000,18.0,12
DSB0000965,APP0001562,PR0006996,2026-02-28,BR004,AO015,Kredit Payroll,Payroll,49500000,15.5,48
DSB0000966,APP0001563,PR0006998,2025-08-09,BR006,AO022,Kredit Payroll,Payroll,141500000,15.5,36
DSB0000967,APP0001565,PR0007002,2026-05-14,BR003,AO010,Kredit Payroll,Payroll,70500000,15.5,36
DSB0000968,APP0001567,PR0007007,2025-08-15,BR006,AO021,Kredit Konsumtif,Konsumtif,93000000,18.0,18
DSB0000969,APP0001568,PR0007009,2026-07-01,BR006,AO023,Kredit Mikro,Mikro,19500000,21.0,24
DSB0000970,APP0001569,PR0007013,2026-05-22,BR003,AO009,Kredit Produktif SME,SME,99000000,19.0,12
DSB0000971,APP0001570,PR0007017,2025-08-27,BR006,AO023,Kredit Konsumtif,Konsumtif,74000000,18.0,18
DSB0000972,APP0001572,PR0007033,2025-10-01,BR005,AO017,Kredit Payroll,Payroll,97500000,15.5,60
DSB0000973,APP0001573,PR0007041,2025-10-01,BR004,AO013,Kredit Konsumtif,Konsumtif,47000000,18.0,18
DSB0000974,APP0001575,PR0007063,2025-10-20,BR002,AO007,Kredit Konsumtif,Konsumtif,147000000,18.0,18
DSB0000975,APP0001576,PR0007068,2026-01-25,BR003,AO010,Kredit Mikro,Mikro,72000000,21.0,18
DSB0000976,APP0001577,PR0007073,2025-08-31,BR001,AO003,Kredit Konsumtif,Konsumtif,143500000,18.0,12
DSB0000977,APP0001580,PR0007083,2026-03-28,BR002,AO005,Kredit Mikro,Mikro,96000000,21.0,18
DSB0000978,APP0001581,PR0007085,2025-09-13,BR007,AO028,Kredit Konsumtif,Konsumtif,28500000,18.0,24
DSB0000979,APP0001582,PR0007087,2025-07-22,BR006,AO021,Kredit Konsumtif,Konsumtif,119000000,18.0,24
DSB0000980,APP0001583,PR0007093,2025-10-22,BR003,AO009,Kredit Konsumtif,Konsumtif,46500000,18.0,24
DSB0000981,APP0001584,PR0007101,2026-02-22,BR006,AO021,Kredit Payroll,Payroll,73000000,15.5,48
DSB0000982,APP0001587,PR0007114,2025-10-16,BR003,AO011,Kredit Konsumtif,Konsumtif,96500000,18.0,12
DSB0000983,APP0001588,PR0007116,2026-05-01,BR005,AO019,Kredit Payroll,Payroll,49000000,15.5,12
DSB0000984,APP0001589,PR0007130,2026-05-01,BR007,AO026,Kredit Konsumtif,Konsumtif,72000000,18.0,12
DSB0000985,APP0001592,PR0007140,2025-09-30,BR004,AO016,Kredit Payroll,Payroll,94500000,15.5,48
DSB0000986,APP0001593,PR0007147,2026-07-01,BR003,AO010,Kredit Konsumtif,Konsumtif,49000000,18.0,36
DSB0000987,APP0001594,PR0007150,2025-10-24,BR006,AO023,Kredit Konsumtif,Konsumtif,121500000,18.0,18
DSB0000988,APP0001597,PR0007175,2025-10-31,BR001,AO004,Kredit Produktif SME,SME,95500000,19.0,24
DSB0000989,APP0001600,PR0007190,2025-12-31,BR007,AO026,Kredit Konsumtif,Konsumtif,93500000,18.0,18
DSB0000990,APP0001603,PR0007201,2025-11-11,BR001,AO001,Kredit Mikro,Mikro,96500000,21.0,12
DSB0000991,APP0001604,PR0007204,2026-03-29,BR004,AO016,Kredit Konsumtif,Konsumtif,124500000,18.0,24
DSB0000992,APP0001605,PR0007210,2025-07-31,BR001,AO004,Kredit Payroll,Payroll,71000000,15.5,24
DSB0000993,APP0001606,PR0007217,2025-09-25,BR007,AO025,Kredit Payroll,Payroll,196000000,15.5,60
DSB0000994,APP0001607,PR0007219,2026-03-31,BR001,AO004,Kredit Payroll,Payroll,195000000,15.5,36
DSB0000995,APP0001608,PR0007220,2025-10-16,BR007,AO026,Kredit Payroll,Payroll,148500000,15.5,60
DSB0000996,APP0001610,PR0007228,2025-09-20,BR005,AO019,Kredit Payroll,Payroll,147500000,15.5,36
DSB0000997,APP0001611,PR0007230,2025-07-25,BR004,AO014,Kredit Mikro,Mikro,19000000,21.0,24
DSB0000998,APP0001614,PR0007255,2025-12-10,BR003,AO009,Kredit Payroll,Payroll,97500000,15.5,60
DSB0000999,APP0001615,PR0007258,2025-12-01,BR005,AO020,Kredit Mikro,Mikro,28500000,21.0,36
DSB0001000,APP0001616,PR0007270,2025-10-18,BR005,AO019,Kredit Konsumtif,Konsumtif,74500000,18.0,36
DSB0001001,APP0001617,PR0007271,2026-05-01,BR002,AO007,Kredit Konsumtif,Konsumtif,49000000,18.0,36
DSB0001002,APP0001618,PR0007272,2025-12-26,BR006,AO022,Kredit Payroll,Payroll,141000000,15.5,12
DSB0001003,APP0001620,PR0007288,2026-01-10,BR006,AO021,Kredit Produktif SME,SME,710500000,19.0,60
DSB0001004,APP0001622,PR0007293,2026-01-10,BR006,AO024,Kredit Mikro,Mikro,29000000,21.0,18
DSB0001005,APP0001625,PR0007299,2026-03-22,BR007,AO027,Kredit Payroll,Payroll,49000000,15.5,24
DSB0001006,APP0001627,PR0007313,2025-11-24,BR002,AO008,Kredit Payroll,Payroll,73500000,15.5,36
DSB0001007,APP0001629,PR0007327,2026-06-23,BR003,AO010,Kredit Payroll,Payroll,141500000,15.5,48
DSB0001008,APP0001631,PR0007335,2026-06-13,BR001,AO002,Kredit Payroll,Payroll,70500000,15.5,12
DSB0001009,APP0001633,PR0007344,2026-05-01,BR007,AO027,Kredit Konsumtif,Konsumtif,98500000,18.0,12
DSB0001010,APP0001634,PR0007349,2025-09-20,BR003,AO010,Kredit Konsumtif,Konsumtif,123000000,18.0,36
DSB0001011,APP0001635,PR0007350,2025-08-30,BR005,AO018,Kredit Payroll,Payroll,74500000,15.5,24
DSB0001012,APP0001636,PR0007351,2026-01-07,BR005,AO018,Kredit Konsumtif,Konsumtif,122000000,18.0,12
DSB0001013,APP0001637,PR0007354,2026-01-06,BR007,AO025,Kredit Konsumtif,Konsumtif,47000000,18.0,18
DSB0001014,APP0001638,PR0007357,2025-10-01,BR006,AO021,Kredit Konsumtif,Konsumtif,122500000,18.0,12
DSB0001015,APP0001640,PR0007364,2025-12-29,BR001,AO003,Kredit Payroll,Payroll,94500000,15.5,24
DSB0001016,APP0001642,PR0007374,2026-06-29,BR005,AO018,Kredit Produktif SME,SME,93500000,19.0,60
DSB0001017,APP0001644,PR0007376,2025-08-27,BR002,AO006,Kredit Produktif SME,SME,97500000,19.0,24
DSB0001018,APP0001645,PR0007378,2025-11-13,BR002,AO005,Kredit Payroll,Payroll,92500000,15.5,12
DSB0001019,APP0001646,PR0007379,2026-03-17,BR007,AO026,Kredit Payroll,Payroll,93000000,15.5,24
DSB0001020,APP0001647,PR0007388,2026-04-29,BR001,AO003,Kredit Konsumtif,Konsumtif,146000000,18.0,12
DSB0001021,APP0001648,PR0007395,2025-12-13,BR003,AO010,Kredit Produktif SME,SME,100000000,19.0,12
DSB0001022,APP0001650,PR0007399,2026-06-13,BR001,AO003,Kredit Payroll,Payroll,72000000,15.5,48
DSB0001023,APP0001654,PR0007414,2025-10-01,BR001,AO004,Kredit Mikro,Mikro,93500000,21.0,18
DSB0001024,APP0001655,PR0007416,2025-12-01,BR005,AO017,Kredit Produktif SME,SME,92000000,19.0,48
DSB0001025,APP0001656,PR0007420,2026-03-24,BR002,AO006,Kredit Payroll,Payroll,50000000,15.5,12
DSB0001026,APP0001658,PR0007428,2026-03-21,BR007,AO025,Kredit Mikro,Mikro,29500000,21.0,18
DSB0001027,APP0001659,PR0007439,2025-11-26,BR005,AO019,Kredit Konsumtif,Konsumtif,29500000,18.0,12
DSB0001028,APP0001660,PR0007440,2026-03-03,BR006,AO024,Kredit Payroll,Payroll,70000000,15.5,24
DSB0001029,APP0001661,PR0007441,2026-06-19,BR003,AO009,Kredit Konsumtif,Konsumtif,120500000,18.0,18
DSB0001030,APP0001664,PR0007458,2026-01-16,BR002,AO008,Kredit Payroll,Payroll,69000000,15.5,36
DSB0001031,APP0001666,PR0007483,2025-10-01,BR007,AO028,Kredit Konsumtif,Konsumtif,99000000,18.0,36
DSB0001032,APP0001669,PR0007495,2026-05-31,BR003,AO012,Kredit Produktif SME,SME,188000000,19.0,48
DSB0001033,APP0001670,PR0007498,2025-12-14,BR003,AO010,Kredit Payroll,Payroll,147000000,15.5,36
DSB0001034,APP0001671,PR0007505,2026-05-15,BR006,AO021,Kredit Payroll,Payroll,95000000,15.5,36
DSB0001035,APP0001674,PR0007538,2025-08-31,BR006,AO021,Kredit Payroll,Payroll,186000000,15.5,12
DSB0001036,APP0001676,PR0007548,2025-09-29,BR002,AO007,Kredit Payroll,Payroll,46000000,15.5,48
DSB0001037,APP0001677,PR0007549,2026-04-22,BR007,AO025,Kredit Produktif SME,SME,740500000,19.0,12
DSB0001038,APP0001679,PR0007562,2026-06-15,BR001,AO001,Kredit Produktif SME,SME,701500000,19.0,48
DSB0001039,APP0001680,PR0007565,2025-12-01,BR001,AO001,Kredit Payroll,Payroll,71000000,15.5,60
DSB0001040,APP0001681,PR0007572,2026-01-18,BR007,AO027,Kredit Konsumtif,Konsumtif,49500000,18.0,24
DSB0001041,APP0001682,PR0007573,2025-09-29,BR001,AO003,Kredit Konsumtif,Konsumtif,150000000,18.0,12
DSB0001042,APP0001683,PR0007574,2025-12-09,BR002,AO008,Kredit Produktif SME,SME,93000000,19.0,36
DSB0001043,APP0001684,PR0007577,2026-06-25,BR002,AO007,Kredit Konsumtif,Konsumtif,70500000,18.0,24
DSB0001044,APP0001685,PR0007583,2025-10-01,BR005,AO017,Kredit Payroll,Payroll,48500000,15.5,24
DSB0001045,APP0001686,PR0007589,2025-07-31,BR007,AO027,Kredit Payroll,Payroll,94500000,15.5,60
DSB0001046,APP0001687,PR0007591,2026-05-24,BR001,AO001,Kredit Konsumtif,Konsumtif,46000000,18.0,36
DSB0001047,APP0001688,PR0007603,2026-02-21,BR005,AO019,Kredit Mikro,Mikro,96000000,21.0,24
DSB0001048,APP0001689,PR0007605,2026-07-01,BR001,AO003,Kredit Mikro,Mikro,70500000,21.0,12
DSB0001049,APP0001690,PR0007614,2025-08-12,BR006,AO022,Kredit Produktif SME,SME,279500000,19.0,12
DSB0001050,APP0001691,PR0007617,2026-01-19,BR003,AO012,Kredit Produktif SME,SME,740500000,19.0,36
DSB0001051,APP0001692,PR0007622,2026-03-31,BR007,AO027,Kredit Konsumtif,Konsumtif,48000000,18.0,36
DSB0001052,APP0001693,PR0007624,2026-01-31,BR002,AO008,Kredit Konsumtif,Konsumtif,144000000,18.0,12
DSB0001053,APP0001695,PR0007627,2026-04-23,BR003,AO012,Kredit Konsumtif,Konsumtif,143500000,18.0,24
DSB0001054,APP0001696,PR0007628,2026-01-21,BR001,AO004,Kredit Mikro,Mikro,74000000,21.0,18
DSB0001055,APP0001699,PR0007638,2026-01-26,BR002,AO007,Kredit Payroll,Payroll,100000000,15.5,12
DSB0001056,APP0001701,PR0007643,2026-01-31,BR005,AO020,Kredit Konsumtif,Konsumtif,98500000,18.0,24
DSB0001057,APP0001702,PR0007644,2025-09-24,BR005,AO018,Kredit Payroll,Payroll,191500000,15.5,36
DSB0001058,APP0001704,PR0007651,2025-12-01,BR004,AO014,Kredit Mikro,Mikro,69000000,21.0,36
DSB0001059,APP0001705,PR0007659,2025-08-31,BR001,AO004,Kredit Konsumtif,Konsumtif,49000000,18.0,36
DSB0001060,APP0001707,PR0007666,2025-08-31,BR001,AO004,Kredit Mikro,Mikro,50000000,21.0,24
DSB0001061,APP0001708,PR0007669,2026-04-14,BR001,AO004,Kredit Konsumtif,Konsumtif,92000000,18.0,24
DSB0001062,APP0001711,PR0007687,2026-05-31,BR003,AO011,Kredit Konsumtif,Konsumtif,98500000,18.0,24
DSB0001063,APP0001712,PR0007688,2025-10-01,BR007,AO027,Kredit Produktif SME,SME,296000000,19.0,24
DSB0001064,APP0001716,PR0007709,2025-08-30,BR007,AO025,Kredit Payroll,Payroll,148500000,15.5,60
DSB0001065,APP0001718,PR0007715,2025-10-09,BR006,AO024,Kredit Payroll,Payroll,188000000,15.5,60
DSB0001066,APP0001719,PR0007722,2025-11-22,BR002,AO006,Kredit Produktif SME,SME,476000000,19.0,36
DSB0001067,APP0001720,PR0007724,2026-04-09,BR001,AO003,Kredit Payroll,Payroll,141000000,15.5,36
DSB0001068,APP0001722,PR0007743,2025-09-24,BR002,AO007,Kredit Payroll,Payroll,73500000,15.5,24
DSB0001069,APP0001723,PR0007746,2025-08-17,BR002,AO006,Kredit Mikro,Mikro,28000000,21.0,12
DSB0001070,APP0001724,PR0007751,2026-07-01,BR003,AO010,Kredit Mikro,Mikro,97000000,21.0,36
DSB0001071,APP0001725,PR0007753,2025-12-01,BR003,AO009,Kredit Payroll,Payroll,47000000,15.5,24
DSB0001072,APP0001726,PR0007756,2025-11-20,BR001,AO003,Kredit Produktif SME,SME,940000000,19.0,24
DSB0001073,APP0001727,PR0007758,2026-02-25,BR006,AO021,Kredit Payroll,Payroll,97000000,15.5,12
DSB0001074,APP0001728,PR0007759,2026-02-21,BR003,AO011,Kredit Mikro,Mikro,28500000,21.0,18
DSB0001075,APP0001730,PR0007763,2026-05-01,BR006,AO021,Kredit Produktif SME,SME,186000000,19.0,24
DSB0001076,APP0001733,PR0007778,2026-06-16,BR006,AO024,Kredit Payroll,Payroll,194500000,15.5,24
DSB0001077,APP0001736,PR0007793,2026-05-19,BR007,AO027,Kredit Payroll,Payroll,49000000,15.5,48
DSB0001078,APP0001737,PR0007796,2025-10-12,BR003,AO011,Kredit Produktif SME,SME,495000000,19.0,36
DSB0001079,APP0001738,PR0007797,2026-04-21,BR001,AO002,Kredit Mikro,Mikro,19500000,21.0,36
DSB0001080,APP0001739,PR0007801,2026-03-23,BR002,AO006,Kredit Konsumtif,Konsumtif,49500000,18.0,12
DSB0001081,APP0001741,PR0007803,2026-06-24,BR006,AO022,Kredit Produktif SME,SME,711000000,19.0,36
DSB0001082,APP0001744,PR0007808,2026-06-26,BR004,AO016,Kredit Konsumtif,Konsumtif,47500000,18.0,24
DSB0001083,APP0001745,PR0007809,2025-09-18,BR006,AO021,Kredit Konsumtif,Konsumtif,29000000,18.0,24
DSB0001084,APP0001746,PR0007818,2025-09-13,BR007,AO026,Kredit Mikro,Mikro,70500000,21.0,36
DSB0001085,APP0001747,PR0007820,2025-12-25,BR001,AO003,Kredit Mikro,Mikro,18500000,21.0,36
DSB0001086,APP0001748,PR0007827,2026-03-09,BR005,AO019,Kredit Konsumtif,Konsumtif,146000000,18.0,12
DSB0001087,APP0001751,PR0007859,2025-12-21,BR001,AO004,Kredit Mikro,Mikro,30000000,21.0,12
DSB0001088,APP0001752,PR0007860,2025-10-31,BR004,AO013,Kredit Konsumtif,Konsumtif,123000000,18.0,18
DSB0001089,APP0001753,PR0007863,2026-03-14,BR002,AO008,Kredit Mikro,Mikro,20000000,21.0,18
DSB0001090,APP0001757,PR0007895,2025-11-29,BR001,AO001,Kredit Mikro,Mikro,18500000,21.0,18
DSB0001091,APP0001758,PR0007898,2026-05-31,BR002,AO005,Kredit Payroll,Payroll,99500000,15.5,36
DSB0001092,APP0001761,PR0007913,2025-10-17,BR006,AO024,Kredit Konsumtif,Konsumtif,69000000,18.0,36
DSB0001093,APP0001762,PR0007915,2025-12-07,BR003,AO011,Kredit Produktif SME,SME,483500000,19.0,12
DSB0001094,APP0001763,PR0007920,2026-01-31,BR004,AO013,Kredit Konsumtif,Konsumtif,29500000,18.0,36
DSB0001095,APP0001765,PR0007928,2025-08-31,BR003,AO009,Kredit Payroll,Payroll,185000000,15.5,36
DSB0001096,APP0001766,PR0007929,2025-08-31,BR001,AO004,Kredit Konsumtif,Konsumtif,47000000,18.0,18
DSB0001097,APP0001767,PR0007932,2025-08-15,BR003,AO011,Kredit Payroll,Payroll,70500000,15.5,60
DSB0001098,APP0001770,PR0007946,2026-05-16,BR001,AO002,Kredit Produktif SME,SME,299500000,19.0,24
DSB0001099,APP0001772,PR0007968,2026-03-31,BR007,AO027,Kredit Payroll,Payroll,48500000,15.5,12
DSB0001100,APP0001774,PR0007976,2026-03-30,BR002,AO006,Kredit Produktif SME,SME,463000000,19.0,48
DSB0001101,APP0001775,PR0007979,2026-03-31,BR001,AO004,Kredit Payroll,Payroll,96500000,15.5,48
DSB0001102,APP0001776,PR0007982,2025-11-11,BR001,AO002,Kredit Produktif SME,SME,975500000,19.0,24
DSB0001103,APP0001781,PR0008009,2026-02-22,BR003,AO011,Kredit Mikro,Mikro,92500000,21.0,24
DSB0001104,APP0001783,PR0008025,2026-03-31,BR002,AO006,Kredit Payroll,Payroll,188500000,15.5,12
DSB0001105,APP0001784,PR0008030,2025-09-25,BR002,AO005,Kredit Konsumtif,Konsumtif,49000000,18.0,18
DSB0001106,APP0001787,PR0008043,2026-03-27,BR007,AO027,Kredit Konsumtif,Konsumtif,121500000,18.0,24
DSB0001107,APP0001789,PR0008048,2025-11-16,BR004,AO013,Kredit Mikro,Mikro,74500000,21.0,18
DSB0001108,APP0001791,PR0008051,2025-09-25,BR004,AO013,Kredit Mikro,Mikro,73500000,21.0,12
DSB0001109,APP0001794,PR0008075,2025-12-31,BR001,AO004,Kredit Mikro,Mikro,93500000,21.0,24
DSB0001110,APP0001795,PR0008081,2026-03-02,BR001,AO002,Kredit Mikro,Mikro,20000000,21.0,18
DSB0001111,APP0001798,PR0008089,2026-01-30,BR004,AO014,Kredit Mikro,Mikro,47000000,21.0,12
DSB0001112,APP0001799,PR0008091,2025-10-01,BR002,AO006,Kredit Payroll,Payroll,93500000,15.5,48
DSB0001113,APP0001802,PR0008099,2026-01-20,BR003,AO011,Kredit Payroll,Payroll,93000000,15.5,60
DSB0001114,APP0001805,PR0008108,2026-05-31,BR003,AO011,Kredit Mikro,Mikro,69500000,21.0,18
DSB0001115,APP0001807,PR0008112,2025-10-01,BR005,AO018,Kredit Payroll,Payroll,49000000,15.5,12
DSB0001116,APP0001812,PR0008125,2025-08-31,BR007,AO027,Kredit Payroll,Payroll,94500000,15.5,48
DSB0001117,APP0001814,PR0008130,2026-03-24,BR006,AO021,Kredit Konsumtif,Konsumtif,95000000,18.0,36
DSB0001118,APP0001815,PR0008131,2026-01-17,BR002,AO007,Kredit Konsumtif,Konsumtif,138000000,18.0,12
DSB0001119,APP0001817,PR0008137,2025-12-01,BR007,AO028,Kredit Produktif SME,SME,946500000,19.0,36
DSB0001120,APP0001818,PR0008140,2026-05-13,BR003,AO010,Kredit Produktif SME,SME,924000000,19.0,48
DSB0001121,APP0001819,PR0008141,2026-06-20,BR007,AO028,Kredit Payroll,Payroll,197000000,15.5,60
DSB0001122,APP0001821,PR0008152,2026-05-01,BR007,AO028,Kredit Mikro,Mikro,19500000,21.0,12
DSB0001123,APP0001823,PR0008168,2026-05-01,BR007,AO026,Kredit Konsumtif,Konsumtif,94500000,18.0,18
DSB0001124,APP0001824,PR0008178,2025-08-31,BR006,AO024,Kredit Konsumtif,Konsumtif,29000000,18.0,18
DSB0001125,APP0001825,PR0008181,2026-06-23,BR002,AO008,Kredit Konsumtif,Konsumtif,118000000,18.0,24
DSB0001126,APP0001827,PR0008190,2025-11-21,BR002,AO006,Kredit Konsumtif,Konsumtif,73000000,18.0,36
DSB0001127,APP0001828,PR0008194,2025-07-18,BR002,AO006,Kredit Payroll,Payroll,50000000,15.5,12
DSB0001128,APP0001829,PR0008201,2025-12-23,BR005,AO020,Kredit Produktif SME,SME,200000000,19.0,36
DSB0001129,APP0001832,PR0008221,2026-04-16,BR001,AO003,Kredit Konsumtif,Konsumtif,73500000,18.0,36
DSB0001130,APP0001833,PR0008226,2026-01-26,BR001,AO003,Kredit Konsumtif,Konsumtif,142000000,18.0,36
DSB0001131,APP0001834,PR0008231,2026-03-31,BR002,AO008,Kredit Mikro,Mikro,73000000,21.0,24
DSB0001132,APP0001837,PR0008243,2026-04-23,BR001,AO004,Kredit Payroll,Payroll,73000000,15.5,36
DSB0001133,APP0001838,PR0008244,2026-03-29,BR007,AO026,Kredit Produktif SME,SME,716500000,19.0,24
DSB0001134,APP0001839,PR0008245,2026-01-18,BR002,AO005,Kredit Konsumtif,Konsumtif,47500000,18.0,36
DSB0001135,APP0001840,PR0008248,2026-05-27,BR003,AO009,Kredit Payroll,Payroll,148000000,15.5,12
DSB0001136,APP0001841,PR0008254,2026-03-22,BR006,AO022,Kredit Produktif SME,SME,147000000,19.0,24
DSB0001137,APP0001842,PR0008255,2026-03-02,BR002,AO005,Kredit Produktif SME,SME,472000000,19.0,60
DSB0001138,APP0001843,PR0008258,2025-09-14,BR002,AO008,Kredit Konsumtif,Konsumtif,28500000,18.0,36
DSB0001139,APP0001846,PR0008266,2025-11-24,BR004,AO014,Kredit Payroll,Payroll,185500000,15.5,36
DSB0001140,APP0001847,PR0008278,2025-07-23,BR005,AO020,Kredit Mikro,Mikro,49000000,21.0,18
DSB0001141,APP0001849,PR0008293,2025-12-12,BR003,AO010,Kredit Payroll,Payroll,99500000,15.5,60
DSB0001142,APP0001850,PR0008294,2025-12-31,BR007,AO028,Kredit Produktif SME,SME,138500000,19.0,48
DSB0001143,APP0001852,PR0008298,2025-08-22,BR004,AO015,Kredit Mikro,Mikro,28500000,21.0,36
DSB0001144,APP0001854,PR0008304,2026-05-19,BR005,AO020,Kredit Konsumtif,Konsumtif,48500000,18.0,24
DSB0001145,APP0001855,PR0008316,2026-03-31,BR003,AO012,Kredit Payroll,Payroll,192500000,15.5,48
DSB0001146,APP0001856,PR0008321,2025-12-01,BR001,AO001,Kredit Konsumtif,Konsumtif,122500000,18.0,12
DSB0001147,APP0001857,PR0008333,2026-02-14,BR007,AO027,Kredit Payroll,Payroll,73500000,15.5,24
DSB0001148,APP0001858,PR0008336,2026-03-30,BR007,AO027,Kredit Payroll,Payroll,192000000,15.5,24
DSB0001149,APP0001859,PR0008338,2026-05-14,BR003,AO010,Kredit Payroll,Payroll,93500000,15.5,60
DSB0001150,APP0001861,PR0008343,2025-07-13,BR004,AO016,Kredit Payroll,Payroll,186500000,15.5,24
DSB0001151,APP0001862,PR0008346,2025-12-01,BR004,AO015,Kredit Konsumtif,Konsumtif,117000000,18.0,12
DSB0001152,APP0001863,PR0008358,2026-03-27,BR006,AO023,Kredit Konsumtif,Konsumtif,146000000,18.0,12
DSB0001153,APP0001864,PR0008361,2026-06-26,BR004,AO015,Kredit Produktif SME,SME,731000000,19.0,24
DSB0001154,APP0001865,PR0008364,2026-03-27,BR002,AO006,Kredit Payroll,Payroll,49500000,15.5,48
DSB0001155,APP0001867,PR0008379,2025-10-01,BR005,AO017,Kredit Konsumtif,Konsumtif,46000000,18.0,24
DSB0001156,APP0001868,PR0008386,2026-06-20,BR001,AO004,Kredit Produktif SME,SME,193500000,19.0,48
DSB0001157,APP0001871,PR0008398,2025-12-31,BR001,AO004,Kredit Payroll,Payroll,49500000,15.5,12
DSB0001158,APP0001872,PR0008420,2025-09-11,BR001,AO001,Kredit Payroll,Payroll,148000000,15.5,60
DSB0001159,APP0001873,PR0008427,2025-10-30,BR001,AO001,Kredit Produktif SME,SME,149000000,19.0,24
DSB0001160,APP0001874,PR0008429,2025-10-01,BR006,AO023,Kredit Konsumtif,Konsumtif,29500000,18.0,12
DSB0001161,APP0001875,PR0008434,2026-02-20,BR006,AO022,Kredit Produktif SME,SME,96000000,19.0,60
DSB0001162,APP0001876,PR0008438,2026-03-25,BR006,AO021,Kredit Produktif SME,SME,978000000,19.0,60
DSB0001163,APP0001877,PR0008439,2026-03-25,BR007,AO025,Kredit Konsumtif,Konsumtif,29000000,18.0,12
DSB0001164,APP0001878,PR0008452,2025-11-18,BR001,AO003,Kredit Konsumtif,Konsumtif,48500000,18.0,24
DSB0001165,APP0001880,PR0008457,2025-08-21,BR003,AO010,Kredit Produktif SME,SME,497500000,19.0,60
DSB0001166,APP0001883,PR0008474,2026-01-04,BR005,AO017,Kredit Payroll,Payroll,138500000,15.5,12
DSB0001167,APP0001884,PR0008475,2026-06-21,BR002,AO008,Kredit Payroll,Payroll,98000000,15.5,24
DSB0001168,APP0001885,PR0008477,2026-02-19,BR001,AO002,Kredit Produktif SME,SME,99000000,19.0,60
DSB0001169,APP0001887,PR0008485,2025-07-31,BR003,AO009,Kredit Mikro,Mikro,48000000,21.0,24
DSB0001170,APP0001888,PR0008489,2025-10-25,BR002,AO006,Kredit Produktif SME,SME,192500000,19.0,36
DSB0001171,APP0001889,PR0008494,2025-12-31,BR005,AO019,Kredit Payroll,Payroll,48000000,15.5,36
DSB0001172,APP0001890,PR0008496,2025-12-01,BR006,AO024,Kredit Konsumtif,Konsumtif,120000000,18.0,36
DSB0001173,APP0001891,PR0008497,2025-10-26,BR007,AO025,Kredit Konsumtif,Konsumtif,50000000,18.0,24
DSB0001174,APP0001892,PR0008500,2026-03-31,BR003,AO011,Kredit Konsumtif,Konsumtif,29000000,18.0,12
DSB0001175,APP0001894,PR0008507,2025-12-25,BR001,AO002,Kredit Mikro,Mikro,19000000,21.0,18
DSB0001176,APP0001896,PR0008514,2025-07-17,BR003,AO010,Kredit Produktif SME,SME,186000000,19.0,12
DSB0001177,APP0001897,PR0008517,2025-11-26,BR007,AO027,Kredit Konsumtif,Konsumtif,49500000,18.0,12
DSB0001178,APP0001898,PR0008520,2026-03-22,BR004,AO013,Kredit Produktif SME,SME,95000000,19.0,60
DSB0001179,APP0001899,PR0008521,2025-11-13,BR002,AO006,Kredit Produktif SME,SME,92000000,19.0,12
DSB0001180,APP0001900,PR0008530,2025-09-20,BR004,AO014,Kredit Konsumtif,Konsumtif,141500000,18.0,24
DSB0001181,APP0001901,PR0008550,2025-12-31,BR001,AO004,Kredit Mikro,Mikro,73000000,21.0,12
DSB0001182,APP0001902,PR0008552,2025-08-25,BR007,AO025,Kredit Konsumtif,Konsumtif,117500000,18.0,18
DSB0001183,APP0001903,PR0008558,2026-06-26,BR002,AO007,Kredit Mikro,Mikro,30000000,21.0,18
DSB0001184,APP0001904,PR0008564,2025-11-30,BR001,AO003,Kredit Payroll,Payroll,71000000,15.5,12
DSB0001185,APP0001905,PR0008566,2025-11-22,BR001,AO001,Kredit Payroll,Payroll,142500000,15.5,60
DSB0001186,APP0001906,PR0008569,2026-03-31,BR001,AO003,Kredit Payroll,Payroll,143000000,15.5,12
DSB0001187,APP0001913,PR0008619,2026-06-11,BR001,AO003,Kredit Payroll,Payroll,94500000,15.5,24
DSB0001188,APP0001916,PR0008651,2026-01-25,BR001,AO003,Kredit Konsumtif,Konsumtif,96000000,18.0,36
DSB0001189,APP0001919,PR0008662,2025-07-11,BR001,AO002,Kredit Konsumtif,Konsumtif,119500000,18.0,12
DSB0001190,APP0001922,PR0008673,2026-05-31,BR001,AO002,Kredit Payroll,Payroll,49000000,15.5,24
DSB0001191,APP0001923,PR0008682,2025-07-20,BR002,AO008,Kredit Payroll,Payroll,187000000,15.5,12
DSB0001192,APP0001924,PR0008689,2026-05-31,BR005,AO018,Kredit Konsumtif,Konsumtif,47000000,18.0,12
DSB0001193,APP0001925,PR0008698,2025-08-30,BR007,AO028,Kredit Payroll,Payroll,147000000,15.5,60
DSB0001194,APP0001926,PR0008702,2025-10-14,BR003,AO009,Kredit Mikro,Mikro,29000000,21.0,24
DSB0001195,APP0001927,PR0008705,2026-06-11,BR001,AO004,Kredit Mikro,Mikro,28500000,21.0,24
DSB0001196,APP0001928,PR0008709,2026-06-15,BR005,AO020,Kredit Konsumtif,Konsumtif,72500000,18.0,18
DSB0001197,APP0001929,PR0008710,2025-10-31,BR001,AO002,Kredit Konsumtif,Konsumtif,124500000,18.0,12
DSB0001198,APP0001930,PR0008716,2025-11-18,BR004,AO016,Kredit Konsumtif,Konsumtif,47500000,18.0,12
DSB0001199,APP0001931,PR0008721,2025-07-21,BR002,AO007,Kredit Konsumtif,Konsumtif,28500000,18.0,18
DSB0001200,APP0001932,PR0008731,2026-02-24,BR006,AO021,Kredit Konsumtif,Konsumtif,27500000,18.0,24
DSB0001201,APP0001933,PR0008732,2025-11-24,BR006,AO021,Kredit Konsumtif,Konsumtif,48000000,18.0,18
DSB0001202,APP0001934,PR0008733,2026-05-27,BR005,AO019,Kredit Konsumtif,Konsumtif,119000000,18.0,36
DSB0001203,APP0001936,PR0008743,2026-03-11,BR006,AO024,Kredit Payroll,Payroll,49000000,15.5,48
DSB0001204,APP0001937,PR0008746,2026-03-30,BR001,AO001,Kredit Payroll,Payroll,96000000,15.5,36
DSB0001205,APP0001938,PR0008760,2026-06-19,BR003,AO011,Kredit Konsumtif,Konsumtif,69500000,18.0,36
DSB0001206,APP0001941,PR0008769,2025-08-30,BR005,AO019,Kredit Payroll,Payroll,147500000,15.5,60
DSB0001207,APP0001944,PR0008776,2025-12-27,BR006,AO021,Kredit Konsumtif,Konsumtif,117000000,18.0,24
DSB0001208,APP0001948,PR0008809,2025-11-24,BR001,AO001,Kredit Konsumtif,Konsumtif,73500000,18.0,24
DSB0001209,APP0001949,PR0008815,2026-03-30,BR001,AO004,Kredit Konsumtif,Konsumtif,146000000,18.0,24
DSB0001210,APP0001952,PR0008838,2025-09-27,BR007,AO026,Kredit Payroll,Payroll,185500000,15.5,24
DSB0001211,APP0001953,PR0008850,2026-04-25,BR004,AO013,Kredit Mikro,Mikro,28500000,21.0,18
DSB0001212,APP0001954,PR0008852,2025-07-30,BR001,AO002,Kredit Produktif SME,SME,961500000,19.0,24
DSB0001213,APP0001955,PR0008854,2025-12-01,BR006,AO024,Kredit Konsumtif,Konsumtif,72500000,18.0,24
DSB0001214,APP0001956,PR0008855,2026-02-06,BR003,AO011,Kredit Payroll,Payroll,145500000,15.5,24
DSB0001215,APP0001957,PR0008857,2025-07-23,BR003,AO012,Kredit Konsumtif,Konsumtif,73000000,18.0,36
DSB0001216,APP0001961,PR0008876,2026-03-03,BR003,AO012,Kredit Konsumtif,Konsumtif,48000000,18.0,12
DSB0001217,APP0001965,PR0008894,2026-03-13,BR001,AO004,Kredit Payroll,Payroll,139000000,15.5,24
DSB0001218,APP0001966,PR0008904,2025-09-29,BR003,AO009,Kredit Konsumtif,Konsumtif,47500000,18.0,36
DSB0001219,APP0001967,PR0008910,2025-08-31,BR003,AO010,Kredit Konsumtif,Konsumtif,71500000,18.0,18
DSB0001220,APP0001969,PR0008914,2025-09-18,BR006,AO024,Kredit Payroll,Payroll,69000000,15.5,24
DSB0001221,APP0001970,PR0008920,2026-06-30,BR002,AO006,Kredit Payroll,Payroll,46500000,15.5,36
DSB0001222,APP0001972,PR0008925,2026-07-01,BR005,AO018,Kredit Mikro,Mikro,93000000,21.0,12
DSB0001223,APP0001978,PR0008957,2026-05-16,BR005,AO020,Kredit Payroll,Payroll,146500000,15.5,36
DSB0001224,APP0001979,PR0008958,2025-08-31,BR005,AO017,Kredit Mikro,Mikro,28000000,21.0,12
DSB0001225,APP0001980,PR0008967,2025-10-11,BR005,AO018,Kredit Payroll,Payroll,143000000,15.5,60
DSB0001226,APP0001982,PR0008969,2026-05-14,BR005,AO017,Kredit Konsumtif,Konsumtif,97500000,18.0,18
DSB0001227,APP0001983,PR0008972,2025-12-31,BR007,AO028,Kredit Mikro,Mikro,48000000,21.0,12
DSB0001228,APP0001987,PR0008986,2025-12-22,BR007,AO026,Kredit Payroll,Payroll,73000000,15.5,24
DSB0001229,APP0001989,PR0008996,2026-01-14,BR005,AO019,Kredit Payroll,Payroll,73000000,15.5,12
DSB0001230,APP0001990,PR0009002,2025-12-31,BR007,AO026,Kredit Produktif SME,SME,974000000,19.0,24
DSB0001231,APP0001992,PR0009009,2025-08-08,BR001,AO002,Kredit Konsumtif,Konsumtif,49500000,18.0,36
DSB0001232,APP0001993,PR0009011,2026-03-31,BR003,AO012,Kredit Konsumtif,Konsumtif,49500000,18.0,12
DSB0001233,APP0001995,PR0009017,2025-10-01,BR001,AO003,Kredit Payroll,Payroll,147000000,15.5,12
DSB0001234,APP0001997,PR0009025,2026-05-01,BR001,AO001,Kredit Produktif SME,SME,142000000,19.0,36
DSB0001235,APP0002001,PR0009048,2025-09-12,BR007,AO025,Kredit Produktif SME,SME,147500000,19.0,60
DSB0001236,APP0002002,PR0009049,2025-08-16,BR005,AO020,Kredit Produktif SME,SME,475000000,19.0,48
DSB0001237,APP0002005,PR0009059,2026-03-17,BR001,AO003,Kredit Konsumtif,Konsumtif,121000000,18.0,12
DSB0001238,APP0002006,PR0009066,2025-08-28,BR001,AO002,Kredit Mikro,Mikro,71000000,21.0,12
DSB0001239,APP0002007,PR0009069,2025-10-29,BR006,AO023,Kredit Konsumtif,Konsumtif,29500000,18.0,24
DSB0001240,APP0002009,PR0009077,2026-05-01,BR006,AO024,Kredit Payroll,Payroll,73000000,15.5,36
DSB0001241,APP0002010,PR0009085,2025-10-23,BR006,AO023,Kredit Payroll,Payroll,95000000,15.5,36
DSB0001242,APP0002012,PR0009098,2026-05-31,BR001,AO001,Kredit Mikro,Mikro,28000000,21.0,18
DSB0001243,APP0002013,PR0009099,2026-04-13,BR007,AO025,Kredit Payroll,Payroll,73000000,15.5,24
DSB0001244,APP0002014,PR0009121,2025-11-28,BR007,AO028,Kredit Payroll,Payroll,194000000,15.5,36
DSB0001245,APP0002015,PR0009122,2026-06-15,BR001,AO002,Kredit Konsumtif,Konsumtif,119500000,18.0,12
DSB0001246,APP0002016,PR0009124,2025-12-27,BR005,AO018,Kredit Konsumtif,Konsumtif,69500000,18.0,12
DSB0001247,APP0002018,PR0009138,2025-12-17,BR002,AO006,Kredit Konsumtif,Konsumtif,139500000,18.0,24
DSB0001248,APP0002019,PR0009147,2025-09-18,BR001,AO001,Kredit Mikro,Mikro,19500000,21.0,24
DSB0001249,APP0002020,PR0009153,2026-05-17,BR004,AO013,Kredit Konsumtif,Konsumtif,92000000,18.0,12
DSB0001250,APP0002023,PR0009162,2025-07-27,BR005,AO020,Kredit Konsumtif,Konsumtif,71500000,18.0,12
DSB0001251,APP0002024,PR0009166,2025-07-10,BR003,AO009,Kredit Mikro,Mikro,47500000,21.0,36
DSB0001252,APP0002026,PR0009172,2026-03-03,BR002,AO008,Kredit Konsumtif,Konsumtif,93000000,18.0,36
DSB0001253,APP0002027,PR0009174,2025-08-26,BR007,AO026,Kredit Payroll,Payroll,93500000,15.5,24
DSB0001254,APP0002030,PR0009188,2025-11-29,BR007,AO026,Kredit Produktif SME,SME,96500000,19.0,48
DSB0001255,APP0002031,PR0009192,2026-03-16,BR001,AO003,Kredit Payroll,Payroll,145000000,15.5,24
DSB0001256,APP0002032,PR0009196,2025-08-31,BR005,AO018,Kredit Konsumtif,Konsumtif,27500000,18.0,36
DSB0001257,APP0002033,PR0009208,2026-06-15,BR003,AO010,Kredit Mikro,Mikro,48500000,21.0,18
DSB0001258,APP0002035,PR0009217,2025-11-15,BR004,AO016,Kredit Produktif SME,SME,295000000,19.0,48
DSB0001259,APP0002036,PR0009218,2025-10-31,BR001,AO003,Kredit Produktif SME,SME,187000000,19.0,60
DSB0001260,APP0002038,PR0009223,2026-01-26,BR004,AO013,Kredit Produktif SME,SME,139500000,19.0,36
DSB0001261,APP0002040,PR0009234,2026-05-24,BR005,AO017,Kredit Produktif SME,SME,956000000,19.0,12
DSB0001262,APP0002043,PR0009247,2025-07-15,BR005,AO020,Kredit Payroll,Payroll,95000000,15.5,12
DSB0001263,APP0002044,PR0009250,2026-06-16,BR002,AO005,Kredit Payroll,Payroll,139000000,15.5,48
DSB0001264,APP0002046,PR0009258,2026-03-16,BR003,AO012,Kredit Konsumtif,Konsumtif,95500000,18.0,24
DSB0001265,APP0002048,PR0009265,2026-04-24,BR005,AO020,Kredit Produktif SME,SME,470500000,19.0,24
DSB0001266,APP0002049,PR0009272,2026-04-25,BR002,AO008,Kredit Produktif SME,SME,147500000,19.0,48
DSB0001267,APP0002052,PR0009302,2026-03-23,BR006,AO021,Kredit Payroll,Payroll,94000000,15.5,12
DSB0001268,APP0002053,PR0009305,2025-09-15,BR002,AO007,Kredit Konsumtif,Konsumtif,138500000,18.0,36
DSB0001269,APP0002057,PR0009316,2026-01-26,BR004,AO013,Kredit Payroll,Payroll,94500000,15.5,24
DSB0001270,APP0002058,PR0009318,2026-02-22,BR002,AO005,Kredit Payroll,Payroll,50000000,15.5,12
DSB0001271,APP0002060,PR0009321,2026-04-23,BR001,AO001,Kredit Payroll,Payroll,73500000,15.5,48
DSB0001272,APP0002061,PR0009329,2026-06-30,BR006,AO024,Kredit Payroll,Payroll,188000000,15.5,12
DSB0001273,APP0002062,PR0009335,2025-08-30,BR001,AO003,Kredit Mikro,Mikro,47000000,21.0,12
DSB0001274,APP0002067,PR0009353,2026-01-31,BR006,AO022,Kredit Payroll,Payroll,190500000,15.5,48
DSB0001275,APP0002068,PR0009355,2026-03-31,BR003,AO011,Kredit Mikro,Mikro,19000000,21.0,36
DSB0001276,APP0002069,PR0009371,2025-11-16,BR001,AO002,Kredit Produktif SME,SME,707000000,19.0,60
DSB0001277,APP0002070,PR0009381,2026-01-31,BR001,AO004,Kredit Payroll,Payroll,97000000,15.5,48
DSB0001278,APP0002073,PR0009407,2025-12-01,BR003,AO010,Kredit Produktif SME,SME,280000000,19.0,36
DSB0001279,APP0002074,PR0009411,2025-12-31,BR003,AO012,Kredit Payroll,Payroll,188000000,15.5,12
DSB0001280,APP0002075,PR0009412,2026-02-14,BR001,AO002,Kredit Konsumtif,Konsumtif,138000000,18.0,12
DSB0001281,APP0002076,PR0009417,2026-06-24,BR003,AO009,Kredit Payroll,Payroll,71500000,15.5,48
DSB0001282,APP0002077,PR0009418,2026-06-24,BR007,AO026,Kredit Produktif SME,SME,972500000,19.0,12
DSB0001283,APP0002080,PR0009433,2026-05-17,BR002,AO008,Kredit Produktif SME,SME,472500000,19.0,60
DSB0001284,APP0002081,PR0009434,2026-06-17,BR003,AO009,Kredit Konsumtif,Konsumtif,28500000,18.0,36
DSB0001285,APP0002083,PR0009444,2025-11-27,BR003,AO012,Kredit Konsumtif,Konsumtif,46500000,18.0,18
DSB0001286,APP0002086,PR0009454,2025-12-31,BR003,AO010,Kredit Mikro,Mikro,28000000,21.0,36
DSB0001287,APP0002087,PR0009461,2026-06-09,BR003,AO011,Kredit Konsumtif,Konsumtif,48000000,18.0,12
DSB0001288,APP0002089,PR0009463,2025-09-18,BR003,AO012,Kredit Konsumtif,Konsumtif,93000000,18.0,12
DSB0001289,APP0002090,PR0009466,2025-08-20,BR007,AO028,Kredit Mikro,Mikro,19000000,21.0,36
DSB0001290,APP0002091,PR0009472,2025-10-31,BR007,AO028,Kredit Produktif SME,SME,292500000,19.0,12
DSB0001291,APP0002092,PR0009476,2025-09-19,BR002,AO005,Kredit Produktif SME,SME,188500000,19.0,12
DSB0001292,APP0002093,PR0009483,2025-12-11,BR002,AO008,Kredit Produktif SME,SME,198000000,19.0,12
DSB0001293,APP0002094,PR0009487,2025-09-26,BR002,AO005,Kredit Konsumtif,Konsumtif,119000000,18.0,24
DSB0001294,APP0002097,PR0009502,2026-07-01,BR005,AO018,Kredit Payroll,Payroll,95500000,15.5,48
DSB0001295,APP0002098,PR0009532,2026-01-23,BR002,AO006,Kredit Payroll,Payroll,99000000,15.5,48
DSB0001296,APP0002100,PR0009536,2026-01-24,BR006,AO023,Kredit Mikro,Mikro,73500000,21.0,36
DSB0001297,APP0002101,PR0009538,2026-05-26,BR002,AO008,Kredit Payroll,Payroll,46500000,15.5,48
DSB0001298,APP0002102,PR0009545,2026-06-20,BR006,AO021,Kredit Mikro,Mikro,29500000,21.0,18
DSB0001299,APP0002103,PR0009547,2025-11-19,BR006,AO022,Kredit Payroll,Payroll,186500000,15.5,48
DSB0001300,APP0002106,PR0009573,2025-08-31,BR003,AO010,Kredit Konsumtif,Konsumtif,96000000,18.0,12
DSB0001301,APP0002107,PR0009579,2026-01-31,BR005,AO019,Kredit Mikro,Mikro,28000000,21.0,12
DSB0001302,APP0002108,PR0009580,2026-01-12,BR002,AO006,Kredit Payroll,Payroll,100000000,15.5,12
DSB0001303,APP0002109,PR0009589,2025-11-12,BR001,AO004,Kredit Payroll,Payroll,188000000,15.5,12
DSB0001304,APP0002112,PR0009602,2025-10-12,BR005,AO020,Kredit Mikro,Mikro,20000000,21.0,18
DSB0001305,APP0002116,PR0009618,2025-12-01,BR003,AO009,Kredit Produktif SME,SME,195000000,19.0,36
DSB0001306,APP0002117,PR0009626,2026-05-20,BR004,AO014,Kredit Payroll,Payroll,93000000,15.5,36
DSB0001307,APP0002119,PR0009635,2026-02-26,BR006,AO022,Kredit Konsumtif,Konsumtif,27500000,18.0,36
DSB0001308,APP0002120,PR0009641,2026-07-01,BR003,AO011,Kredit Payroll,Payroll,144000000,15.5,36
DSB0001309,APP0002121,PR0009646,2025-12-01,BR007,AO025,Kredit Payroll,Payroll,190000000,15.5,12
DSB0001310,APP0002122,PR0009650,2025-10-15,BR001,AO004,Kredit Mikro,Mikro,48000000,21.0,12
DSB0001311,APP0002126,PR0009659,2026-06-28,BR007,AO028,Kredit Produktif SME,SME,99500000,19.0,24
DSB0001312,APP0002127,PR0009665,2025-12-31,BR001,AO003,Kredit Konsumtif,Konsumtif,143000000,18.0,18
DSB0001313,APP0002128,PR0009671,2026-03-10,BR001,AO003,Kredit Payroll,Payroll,142500000,15.5,36
DSB0001314,APP0002129,PR0009673,2026-03-03,BR002,AO008,Kredit Mikro,Mikro,73500000,21.0,36
DSB0001315,APP0002130,PR0009676,2025-10-01,BR006,AO021,Kredit Mikro,Mikro,94500000,21.0,12
DSB0001316,APP0002131,PR0009678,2026-02-27,BR006,AO023,Kredit Konsumtif,Konsumtif,99500000,18.0,24
DSB0001317,APP0002132,PR0009688,2025-07-31,BR007,AO028,Kredit Mikro,Mikro,28000000,21.0,12
DSB0001318,APP0002133,PR0009697,2025-07-28,BR003,AO011,Kredit Konsumtif,Konsumtif,138000000,18.0,12
DSB0001319,APP0002134,PR0009698,2026-03-10,BR002,AO005,Kredit Produktif SME,SME,981000000,19.0,48
DSB0001320,APP0002136,PR0009704,2026-03-30,BR007,AO027,Kredit Mikro,Mikro,48000000,21.0,12
DSB0001321,APP0002139,PR0009732,2026-03-17,BR003,AO012,Kredit Mikro,Mikro,20000000,21.0,36
DSB0001322,APP0002140,PR0009736,2026-03-29,BR002,AO008,Kredit Produktif SME,SME,741500000,19.0,60
DSB0001323,APP0002141,PR0009741,2026-03-11,BR003,AO009,Kredit Produktif SME,SME,140500000,19.0,48
DSB0001324,APP0002142,PR0009743,2025-11-21,BR003,AO011,Kredit Produktif SME,SME,983500000,19.0,12
DSB0001325,APP0002144,PR0009745,2025-09-20,BR005,AO018,Kredit Konsumtif,Konsumtif,27500000,18.0,36
DSB0001326,APP0002145,PR0009754,2025-10-26,BR005,AO019,Kredit Produktif SME,SME,140000000,19.0,36
DSB0001327,APP0002146,PR0009756,2025-08-16,BR005,AO019,Kredit Konsumtif,Konsumtif,46500000,18.0,18
DSB0001328,APP0002147,PR0009760,2026-02-09,BR003,AO010,Kredit Konsumtif,Konsumtif,29500000,18.0,24
DSB0001329,APP0002148,PR0009761,2026-01-26,BR007,AO027,Kredit Payroll,Payroll,190000000,15.5,12
DSB0001330,APP0002149,PR0009764,2026-05-18,BR003,AO010,Kredit Payroll,Payroll,46000000,15.5,12
DSB0001331,APP0002150,PR0009765,2025-07-30,BR002,AO005,Kredit Konsumtif,Konsumtif,139000000,18.0,18
DSB0001332,APP0002152,PR0009774,2026-05-31,BR006,AO022,Kredit Mikro,Mikro,73000000,21.0,12
DSB0001333,APP0002156,PR0009797,2026-02-15,BR002,AO007,Kredit Payroll,Payroll,46500000,15.5,24
DSB0001334,APP0002157,PR0009799,2025-12-21,BR001,AO003,Kredit Konsumtif,Konsumtif,29000000,18.0,18
DSB0001335,APP0002158,PR0009804,2026-03-28,BR006,AO021,Kredit Mikro,Mikro,20000000,21.0,12
DSB0001336,APP0002159,PR0009805,2026-05-01,BR005,AO017,Kredit Mikro,Mikro,20000000,21.0,24
DSB0001337,APP0002161,PR0009820,2025-08-29,BR005,AO017,Kredit Payroll,Payroll,70000000,15.5,24
DSB0001338,APP0002162,PR0009827,2025-12-31,BR007,AO026,Kredit Mikro,Mikro,48000000,21.0,18
DSB0001339,APP0002167,PR0009849,2025-10-31,BR001,AO002,Kredit Payroll,Payroll,71500000,15.5,24
DSB0001340,APP0002170,PR0009870,2025-07-09,BR002,AO007,Kredit Mikro,Mikro,29000000,21.0,18
DSB0001341,APP0002173,PR0009886,2026-04-12,BR006,AO022,Kredit Konsumtif,Konsumtif,29000000,18.0,18
DSB0001342,APP0002174,PR0009890,2025-08-10,BR005,AO018,Kredit Payroll,Payroll,142000000,15.5,24
DSB0001343,APP0002175,PR0009905,2026-05-31,BR001,AO001,Kredit Mikro,Mikro,49000000,21.0,12
DSB0001344,APP0002176,PR0009912,2026-06-27,BR007,AO025,Kredit Payroll,Payroll,93000000,15.5,60
DSB0001345,APP0002177,PR0009918,2026-04-10,BR006,AO021,Kredit Payroll,Payroll,143000000,15.5,24
DSB0001346,APP0002178,PR0009925,2026-03-26,BR001,AO003,Kredit Mikro,Mikro,19000000,21.0,36
DSB0001347,APP0002179,PR0009929,2026-06-18,BR007,AO028,Kredit Payroll,Payroll,94000000,15.5,36
DSB0001348,APP0002180,PR0009933,2025-07-12,BR002,AO006,Kredit Konsumtif,Konsumtif,28500000,18.0,12
DSB0001349,APP0002181,PR0009941,2025-07-14,BR007,AO028,Kredit Payroll,Payroll,70000000,15.5,36
DSB0001350,APP0002183,PR0009944,2025-12-24,BR004,AO015,Kredit Mikro,Mikro,20000000,21.0,18
DSB0001351,APP0002184,PR0009951,2025-08-31,BR005,AO018,Kredit Payroll,Payroll,94000000,15.5,60
DSB0001352,APP0002185,PR0009956,2026-02-24,BR001,AO003,Kredit Produktif SME,SME,493000000,19.0,48
DSB0001353,APP0002187,PR0009962,2025-11-13,BR006,AO024,Kredit Payroll,Payroll,199000000,15.5,48
DSB0001354,APP0002188,PR0009964,2025-09-22,BR002,AO007,Kredit Produktif SME,SME,927000000,19.0,24
DSB0001355,APP0002189,PR0009971,2026-05-10,BR002,AO007,Kredit Konsumtif,Konsumtif,143500000,18.0,18
DSB0001356,APP0002192,PR0009980,2025-08-28,BR003,AO010,Kredit Produktif SME,SME,189000000,19.0,24
DSB0001357,APP0002193,PR0009981,2026-07-01,BR005,AO020,Kredit Produktif SME,SME,693500000,19.0,48
DSB0001358,APP0002195,PR0009984,2025-11-10,BR006,AO022,Kredit Konsumtif,Konsumtif,29500000,18.0,36
DSB0001359,APP0002196,PR0009988,2025-12-31,BR001,AO004,Kredit Payroll,Payroll,139000000,15.5,12
DSB0001360,APP0002197,PR0009992,2025-12-31,BR004,AO013,Kredit Mikro,Mikro,20000000,21.0,36
DSB0001361,APP0002198,PR0009993,2025-10-19,BR002,AO005,Kredit Mikro,Mikro,69500000,21.0,18
DSB0001362,APP0002202,PR0010000,2025-12-12,BR007,AO028,Kredit Konsumtif,Konsumtif,47500000,18.0,36
DSB0001363,APP0002207,PR0010021,2025-11-22,BR001,AO004,Kredit Payroll,Payroll,48000000,15.5,36
DSB0001364,APP0002208,PR0010030,2025-10-08,BR006,AO023,Kredit Konsumtif,Konsumtif,28000000,18.0,24
DSB0001365,APP0002209,PR0010038,2026-03-10,BR006,AO021,Kredit Mikro,Mikro,72000000,21.0,36
DSB0001366,APP0002212,PR0010050,2025-07-22,BR002,AO005,Kredit Payroll,Payroll,47000000,15.5,36
DSB0001367,APP0002215,PR0010064,2025-08-17,BR005,AO018,Kredit Mikro,Mikro,48500000,21.0,24
DSB0001368,APP0002216,PR0010065,2026-05-08,BR003,AO010,Kredit Konsumtif,Konsumtif,69500000,18.0,18
DSB0001369,APP0002217,PR0010072,2025-12-17,BR001,AO001,Kredit Payroll,Payroll,149000000,15.5,60
DSB0001370,APP0002219,PR0010075,2025-09-25,BR001,AO001,Kredit Produktif SME,SME,196000000,19.0,48
DSB0001371,APP0002220,PR0010080,2025-10-31,BR004,AO014,Kredit Konsumtif,Konsumtif,100000000,18.0,12
DSB0001372,APP0002222,PR0010087,2026-02-16,BR006,AO023,Kredit Payroll,Payroll,147000000,15.5,12
DSB0001373,APP0002226,PR0010115,2026-05-30,BR005,AO018,Kredit Mikro,Mikro,28500000,21.0,12
DSB0001374,APP0002227,PR0010116,2025-08-31,BR006,AO024,Kredit Payroll,Payroll,72000000,15.5,36
DSB0001375,APP0002228,PR0010124,2025-12-01,BR004,AO014,Kredit Payroll,Payroll,49000000,15.5,48
DSB0001376,APP0002229,PR0010127,2026-04-19,BR002,AO007,Kredit Mikro,Mikro,47500000,21.0,36
DSB0001377,APP0002232,PR0010143,2026-06-12,BR001,AO002,Kredit Konsumtif,Konsumtif,93000000,18.0,18
DSB0001378,APP0002233,PR0010146,2026-01-14,BR003,AO011,Kredit Mikro,Mikro,70000000,21.0,18
DSB0001379,APP0002234,PR0010150,2025-07-28,BR001,AO004,Kredit Payroll,Payroll,70500000,15.5,12
DSB0001380,APP0002236,PR0010156,2025-12-01,BR003,AO012,Kredit Konsumtif,Konsumtif,119000000,18.0,12
DSB0001381,APP0002237,PR0010162,2026-04-18,BR006,AO022,Kredit Produktif SME,SME,495500000,19.0,48
DSB0001382,APP0002241,PR0010171,2026-03-14,BR006,AO021,Kredit Payroll,Payroll,95000000,15.5,48
DSB0001383,APP0002243,PR0010176,2025-12-15,BR002,AO005,Kredit Mikro,Mikro,28000000,21.0,36
DSB0001384,APP0002244,PR0010179,2025-10-10,BR002,AO007,Kredit Payroll,Payroll,190500000,15.5,48
DSB0001385,APP0002245,PR0010182,2025-12-01,BR001,AO001,Kredit Produktif SME,SME,98000000,19.0,12
DSB0001386,APP0002246,PR0010189,2025-12-31,BR005,AO018,Kredit Produktif SME,SME,94500000,19.0,60
DSB0001387,APP0002249,PR0010207,2025-11-26,BR005,AO018,Kredit Konsumtif,Konsumtif,46000000,18.0,24
DSB0001388,APP0002250,PR0010209,2025-11-29,BR001,AO003,Kredit Konsumtif,Konsumtif,98500000,18.0,12
DSB0001389,APP0002251,PR0010211,2026-05-01,BR001,AO002,Kredit Mikro,Mikro,50000000,21.0,18
DSB0001390,APP0002253,PR0010220,2025-07-31,BR001,AO003,Kredit Payroll,Payroll,147500000,15.5,36
DSB0001391,APP0002254,PR0010221,2026-01-29,BR003,AO009,Kredit Konsumtif,Konsumtif,72000000,18.0,12
DSB0001392,APP0002257,PR0010233,2026-03-03,BR005,AO019,Kredit Mikro,Mikro,47500000,21.0,24
DSB0001393,APP0002258,PR0010255,2026-01-29,BR006,AO021,Kredit Mikro,Mikro,19000000,21.0,24
DSB0001394,APP0002260,PR0010262,2026-06-18,BR005,AO019,Kredit Konsumtif,Konsumtif,145500000,18.0,36
DSB0001395,APP0002262,PR0010270,2025-10-27,BR006,AO022,Kredit Payroll,Payroll,75000000,15.5,12
DSB0001396,APP0002264,PR0010282,2025-10-13,BR001,AO004,Kredit Payroll,Payroll,184500000,15.5,36
DSB0001397,APP0002266,PR0010298,2025-10-26,BR005,AO020,Kredit Mikro,Mikro,28500000,21.0,36
DSB0001398,APP0002268,PR0010301,2025-12-07,BR005,AO017,Kredit Konsumtif,Konsumtif,99500000,18.0,36
DSB0001399,APP0002270,PR0010304,2026-07-01,BR001,AO004,Kredit Mikro,Mikro,48500000,21.0,36
DSB0001400,APP0002271,PR0010305,2025-10-21,BR003,AO009,Kredit Mikro,Mikro,27500000,21.0,12
DSB0001401,APP0002272,PR0010313,2026-02-25,BR001,AO003,Kredit Produktif SME,SME,692000000,19.0,60
DSB0001402,APP0002273,PR0010342,2025-10-21,BR006,AO022,Kredit Payroll,Payroll,144000000,15.5,36
DSB0001403,APP0002274,PR0010348,2026-01-26,BR006,AO021,Kredit Mikro,Mikro,20000000,21.0,24
DSB0001404,APP0002276,PR0010362,2026-05-31,BR005,AO020,Kredit Mikro,Mikro,72500000,21.0,36
DSB0001405,APP0002277,PR0010365,2026-01-30,BR003,AO009,Kredit Konsumtif,Konsumtif,49000000,18.0,36
DSB0001406,APP0002278,PR0010366,2025-12-31,BR003,AO011,Kredit Mikro,Mikro,28500000,21.0,24
DSB0001407,APP0002280,PR0010370,2026-07-01,BR005,AO018,Kredit Payroll,Payroll,94500000,15.5,48
DSB0001408,APP0002281,PR0010372,2025-12-22,BR001,AO002,Kredit Produktif SME,SME,474500000,19.0,60
DSB0001409,APP0002282,PR0010377,2026-01-28,BR002,AO008,Kredit Konsumtif,Konsumtif,28500000,18.0,18
DSB0001410,APP0002283,PR0010381,2026-01-30,BR006,AO023,Kredit Konsumtif,Konsumtif,48500000,18.0,12
DSB0001411,APP0002285,PR0010407,2026-01-18,BR006,AO023,Kredit Konsumtif,Konsumtif,117000000,18.0,24
DSB0001412,APP0002286,PR0010410,2025-07-29,BR005,AO019,Kredit Payroll,Payroll,199000000,15.5,60
DSB0001413,APP0002289,PR0010418,2026-04-20,BR001,AO002,Kredit Produktif SME,SME,744500000,19.0,24
DSB0001414,APP0002290,PR0010421,2025-08-16,BR003,AO011,Kredit Payroll,Payroll,187000000,15.5,24
DSB0001415,APP0002292,PR0010424,2025-11-14,BR002,AO008,Kredit Konsumtif,Konsumtif,49500000,18.0,12
DSB0001416,APP0002293,PR0010425,2025-12-01,BR002,AO005,Kredit Konsumtif,Konsumtif,29500000,18.0,18
DSB0001417,APP0002294,PR0010433,2026-03-18,BR006,AO023,Kredit Produktif SME,SME,194500000,19.0,36
DSB0001418,APP0002295,PR0010437,2025-10-30,BR001,AO003,Kredit Payroll,Payroll,191500000,15.5,12
DSB0001419,APP0002297,PR0010449,2025-10-01,BR003,AO012,Kredit Payroll,Payroll,49500000,15.5,24
DSB0001420,APP0002299,PR0010451,2025-10-31,BR001,AO003,Kredit Payroll,Payroll,46500000,15.5,60
DSB0001421,APP0002305,PR0010471,2026-05-01,BR007,AO027,Kredit Produktif SME,SME,139000000,19.0,12
DSB0001422,APP0002306,PR0010472,2025-08-31,BR002,AO006,Kredit Produktif SME,SME,143000000,19.0,12
DSB0001423,APP0002307,PR0010475,2025-11-25,BR007,AO027,Kredit Payroll,Payroll,142500000,15.5,60
DSB0001424,APP0002311,PR0010491,2026-03-03,BR007,AO026,Kredit Mikro,Mikro,70000000,21.0,24
DSB0001425,APP0002314,PR0010506,2026-03-02,BR001,AO002,Kredit Konsumtif,Konsumtif,99500000,18.0,36
DSB0001426,APP0002317,PR0010526,2026-05-15,BR001,AO002,Kredit Produktif SME,SME,299500000,19.0,24
DSB0001427,APP0002319,PR0010543,2025-07-27,BR001,AO001,Kredit Payroll,Payroll,188000000,15.5,24
DSB0001428,APP0002322,PR0010553,2026-02-24,BR002,AO008,Kredit Payroll,Payroll,146000000,15.5,12
DSB0001429,APP0002328,PR0010577,2026-04-14,BR005,AO020,Kredit Mikro,Mikro,74000000,21.0,24
DSB0001430,APP0002329,PR0010586,2025-12-17,BR002,AO005,Kredit Produktif SME,SME,186000000,19.0,24
DSB0001431,APP0002331,PR0010592,2026-05-10,BR003,AO012,Kredit Produktif SME,SME,465500000,19.0,12
DSB0001432,APP0002332,PR0010593,2026-06-24,BR007,AO027,Kredit Payroll,Payroll,192000000,15.5,36
DSB0001433,APP0002333,PR0010600,2025-12-31,BR007,AO027,Kredit Konsumtif,Konsumtif,49500000,18.0,36
DSB0001434,APP0002334,PR0010601,2025-12-28,BR001,AO001,Kredit Konsumtif,Konsumtif,95500000,18.0,24
DSB0001435,APP0002336,PR0010618,2025-11-20,BR006,AO023,Kredit Konsumtif,Konsumtif,95500000,18.0,12
DSB0001436,APP0002340,PR0010632,2026-07-01,BR001,AO004,Kredit Mikro,Mikro,28000000,21.0,36
DSB0001437,APP0002342,PR0010637,2026-06-30,BR001,AO002,Kredit Mikro,Mikro,74500000,21.0,36
DSB0001438,APP0002345,PR0010654,2025-08-25,BR005,AO020,Kredit Konsumtif,Konsumtif,28000000,18.0,36
DSB0001439,APP0002347,PR0010656,2026-02-18,BR001,AO003,Kredit Konsumtif,Konsumtif,116500000,18.0,12
DSB0001440,APP0002348,PR0010658,2025-07-28,BR005,AO018,Kredit Mikro,Mikro,98500000,21.0,24
DSB0001441,APP0002349,PR0010660,2026-01-17,BR002,AO006,Kredit Produktif SME,SME,94500000,19.0,36
DSB0001442,APP0002353,PR0010673,2025-11-21,BR007,AO028,Kredit Produktif SME,SME,490500000,19.0,60
DSB0001443,APP0002354,PR0010682,2025-12-01,BR006,AO021,Kredit Konsumtif,Konsumtif,46500000,18.0,24
DSB0001444,APP0002356,PR0010692,2025-12-23,BR006,AO022,Kredit Produktif SME,SME,484000000,19.0,12
DSB0001445,APP0002357,PR0010696,2026-03-31,BR001,AO001,Kredit Produktif SME,SME,95000000,19.0,24
DSB0001446,APP0002358,PR0010698,2025-07-27,BR007,AO025,Kredit Mikro,Mikro,49000000,21.0,18
DSB0001447,APP0002359,PR0010699,2026-03-21,BR006,AO022,Kredit Payroll,Payroll,194500000,15.5,60
DSB0001448,APP0002360,PR0010701,2025-08-29,BR006,AO022,Kredit Payroll,Payroll,195000000,15.5,60
DSB0001449,APP0002361,PR0010710,2026-03-10,BR004,AO015,Kredit Payroll,Payroll,139500000,15.5,48
DSB0001450,APP0002364,PR0010720,2025-12-31,BR007,AO025,Kredit Konsumtif,Konsumtif,97000000,18.0,36
DSB0001451,APP0002368,PR0010747,2025-10-14,BR001,AO004,Kredit Konsumtif,Konsumtif,72000000,18.0,36
DSB0001452,APP0002371,PR0010761,2026-02-23,BR004,AO013,Kredit Konsumtif,Konsumtif,73500000,18.0,36
DSB0001453,APP0002374,PR0010767,2025-11-16,BR005,AO018,Kredit Payroll,Payroll,75000000,15.5,36
DSB0001454,APP0002383,PR0010789,2025-07-24,BR005,AO017,Kredit Mikro,Mikro,73500000,21.0,12
DSB0001455,APP0002384,PR0010792,2025-12-31,BR001,AO004,Kredit Mikro,Mikro,46500000,21.0,36
DSB0001456,APP0002386,PR0010799,2025-10-22,BR007,AO025,Kredit Konsumtif,Konsumtif,92000000,18.0,12
DSB0001457,APP0002387,PR0010806,2026-01-28,BR006,AO022,Kredit Konsumtif,Konsumtif,69500000,18.0,12
DSB0001458,APP0002390,PR0010821,2026-01-31,BR005,AO018,Kredit Payroll,Payroll,198000000,15.5,60
DSB0001459,APP0002391,PR0010827,2026-06-10,BR006,AO021,Kredit Produktif SME,SME,139000000,19.0,36
DSB0001460,APP0002396,PR0010882,2026-03-20,BR002,AO005,Kredit Payroll,Payroll,98000000,15.5,24
DSB0001461,APP0002397,PR0010883,2025-10-14,BR003,AO010,Kredit Produktif SME,SME,192500000,19.0,24
DSB0001462,APP0002398,PR0010884,2026-05-31,BR001,AO002,Kredit Payroll,Payroll,47500000,15.5,48
DSB0001463,APP0002399,PR0010892,2025-09-23,BR001,AO003,Kredit Produktif SME,SME,473000000,19.0,48
DSB0001464,APP0002400,PR0010896,2026-05-29,BR002,AO005,Kredit Payroll,Payroll,70500000,15.5,24
DSB0001465,APP0002401,PR0010897,2026-01-31,BR005,AO018,Kredit Mikro,Mikro,29500000,21.0,36
DSB0001466,APP0002402,PR0010903,2026-05-31,BR002,AO006,Kredit Mikro,Mikro,47500000,21.0,24
DSB0001467,APP0002403,PR0010905,2026-02-07,BR004,AO013,Kredit Produktif SME,SME,988000000,19.0,12
DSB0001468,APP0002405,PR0010911,2026-06-23,BR003,AO011,Kredit Payroll,Payroll,71000000,15.5,60
DSB0001469,APP0002407,PR0010916,2026-06-16,BR005,AO017,Kredit Konsumtif,Konsumtif,92500000,18.0,12
DSB0001470,APP0002408,PR0010920,2026-04-23,BR003,AO010,Kredit Konsumtif,Konsumtif,97500000,18.0,24
DSB0001471,APP0002412,PR0010947,2026-06-23,BR001,AO001,Kredit Produktif SME,SME,197500000,19.0,12
DSB0001472,APP0002413,PR0010949,2025-07-17,BR007,AO026,Kredit Produktif SME,SME,487500000,19.0,12
DSB0001473,APP0002414,PR0010951,2025-07-31,BR001,AO002,Kredit Mikro,Mikro,46500000,21.0,18
DSB0001474,APP0002415,PR0010957,2025-08-20,BR007,AO027,Kredit Payroll,Payroll,93000000,15.5,60
DSB0001475,APP0002417,PR0010964,2026-01-31,BR002,AO007,Kredit Konsumtif,Konsumtif,49000000,18.0,12
DSB0001476,APP0002418,PR0010971,2025-09-28,BR002,AO005,Kredit Konsumtif,Konsumtif,47000000,18.0,36
DSB0001477,APP0002419,PR0010972,2025-08-30,BR001,AO004,Kredit Konsumtif,Konsumtif,119000000,18.0,18
DSB0001478,APP0002422,PR0010988,2025-11-21,BR001,AO003,Kredit Payroll,Payroll,93000000,15.5,60
DSB0001479,APP0002423,PR0010995,2026-01-30,BR006,AO022,Kredit Konsumtif,Konsumtif,92500000,18.0,24
DSB0001480,APP0002426,PR0011005,2026-06-22,BR005,AO018,Kredit Payroll,Payroll,197500000,15.5,24
DSB0001481,APP0002427,PR0011006,2026-01-16,BR006,AO024,Kredit Produktif SME,SME,198500000,19.0,12
DSB0001482,APP0002431,PR0011031,2026-04-13,BR006,AO021,Kredit Payroll,Payroll,74000000,15.5,60
DSB0001483,APP0002433,PR0011038,2026-06-16,BR003,AO012,Kredit Produktif SME,SME,485500000,19.0,60
DSB0001484,APP0002434,PR0011044,2026-02-16,BR004,AO016,Kredit Produktif SME,SME,976000000,19.0,48
DSB0001485,APP0002435,PR0011046,2026-06-20,BR003,AO012,Kredit Payroll,Payroll,69000000,15.5,60
DSB0001486,APP0002436,PR0011065,2026-03-03,BR005,AO018,Kredit Konsumtif,Konsumtif,116000000,18.0,36
DSB0001487,APP0002437,PR0011066,2026-06-17,BR007,AO027,Kredit Payroll,Payroll,93000000,15.5,24
DSB0001488,APP0002438,PR0011068,2025-08-31,BR001,AO001,Kredit Konsumtif,Konsumtif,46000000,18.0,18
DSB0001489,APP0002440,PR0011071,2026-03-03,BR004,AO014,Kredit Produktif SME,SME,148000000,19.0,12
DSB0001490,APP0002441,PR0011073,2025-12-31,BR004,AO014,Kredit Payroll,Payroll,193000000,15.5,36
DSB0001491,APP0002443,PR0011087,2025-11-13,BR006,AO022,Kredit Mikro,Mikro,69500000,21.0,18
DSB0001492,APP0002446,PR0011095,2026-01-31,BR001,AO001,Kredit Mikro,Mikro,29000000,21.0,12
DSB0001493,APP0002449,PR0011101,2025-10-09,BR001,AO004,Kredit Payroll,Payroll,149500000,15.5,24
DSB0001494,APP0002452,PR0011113,2025-10-30,BR002,AO005,Kredit Payroll,Payroll,146500000,15.5,48
DSB0001495,APP0002455,PR0011131,2026-05-29,BR002,AO006,Kredit Payroll,Payroll,193000000,15.5,48
DSB0001496,APP0002456,PR0011132,2025-10-22,BR003,AO010,Kredit Konsumtif,Konsumtif,48000000,18.0,36
DSB0001497,APP0002458,PR0011141,2026-01-31,BR001,AO001,Kredit Konsumtif,Konsumtif,121000000,18.0,18
DSB0001498,APP0002459,PR0011142,2025-10-16,BR002,AO006,Kredit Produktif SME,SME,197000000,19.0,24
DSB0001499,APP0002461,PR0011146,2025-12-31,BR007,AO028,Kredit Mikro,Mikro,71000000,21.0,24
DSB0001500,APP0002464,PR0011152,2025-12-13,BR006,AO024,Kredit Konsumtif,Konsumtif,48000000,18.0,18
DSB0001501,APP0002467,PR0011184,2026-05-01,BR003,AO012,Kredit Mikro,Mikro,93000000,21.0,18
DSB0001502,APP0002468,PR0011188,2025-10-17,BR006,AO021,Kredit Konsumtif,Konsumtif,27500000,18.0,12
DSB0001503,APP0002469,PR0011195,2026-01-22,BR006,AO022,Kredit Mikro,Mikro,28000000,21.0,12
DSB0001504,APP0002472,PR0011202,2026-03-03,BR002,AO007,Kredit Payroll,Payroll,74000000,15.5,12
DSB0001505,APP0002474,PR0011204,2026-01-23,BR001,AO001,Kredit Payroll,Payroll,138500000,15.5,12
DSB0001506,APP0002475,PR0011206,2026-01-22,BR006,AO021,Kredit Mikro,Mikro,19500000,21.0,24
DSB0001507,APP0002477,PR0011216,2026-05-30,BR006,AO022,Kredit Konsumtif,Konsumtif,29000000,18.0,24
DSB0001508,APP0002478,PR0011220,2026-01-23,BR007,AO026,Kredit Produktif SME,SME,489500000,19.0,12
DSB0001509,APP0002479,PR0011225,2025-08-13,BR007,AO028,Kredit Produktif SME,SME,184500000,19.0,36
DSB0001510,APP0002480,PR0011238,2026-06-26,BR005,AO020,Kredit Mikro,Mikro,50000000,21.0,18
DSB0001511,APP0002481,PR0011249,2026-03-03,BR001,AO002,Kredit Produktif SME,SME,93500000,19.0,12
DSB0001512,APP0002482,PR0011252,2025-09-26,BR007,AO028,Kredit Konsumtif,Konsumtif,116500000,18.0,36
DSB0001513,APP0002485,PR0011256,2026-03-22,BR003,AO010,Kredit Konsumtif,Konsumtif,125000000,18.0,36
DSB0001514,APP0002486,PR0011257,2026-03-11,BR003,AO010,Kredit Payroll,Payroll,148000000,15.5,12
DSB0001515,APP0002487,PR0011258,2026-05-28,BR005,AO018,Kredit Payroll,Payroll,143500000,15.5,24
DSB0001516,APP0002489,PR0011284,2025-12-31,BR005,AO018,Kredit Konsumtif,Konsumtif,97000000,18.0,12
DSB0001517,APP0002490,PR0011286,2025-09-05,BR007,AO027,Kredit Konsumtif,Konsumtif,73500000,18.0,12
DSB0001518,APP0002492,PR0011291,2025-08-25,BR002,AO007,Kredit Mikro,Mikro,99000000,21.0,36
DSB0001519,APP0002493,PR0011295,2026-05-01,BR002,AO008,Kredit Konsumtif,Konsumtif,98500000,18.0,36
DSB0001520,APP0002494,PR0011298,2026-06-17,BR002,AO005,Kredit Payroll,Payroll,198000000,15.5,60
DSB0001521,APP0002495,PR0011302,2026-05-31,BR001,AO001,Kredit Konsumtif,Konsumtif,149500000,18.0,18
DSB0001522,APP0002497,PR0011322,2025-08-23,BR006,AO024,Kredit Mikro,Mikro,29500000,21.0,36
DSB0001523,APP0002498,PR0011326,2026-07-01,BR001,AO002,Kredit Konsumtif,Konsumtif,145500000,18.0,12
DSB0001524,APP0002503,PR0011360,2026-02-13,BR002,AO006,Kredit Konsumtif,Konsumtif,95500000,18.0,12
DSB0001525,APP0002504,PR0011362,2026-04-27,BR007,AO025,Kredit Mikro,Mikro,18500000,21.0,36
DSB0001526,APP0002505,PR0011366,2025-07-28,BR006,AO023,Kredit Payroll,Payroll,73000000,15.5,48
DSB0001527,APP0002506,PR0011368,2025-09-24,BR005,AO020,Kredit Mikro,Mikro,19000000,21.0,36
DSB0001528,APP0002508,PR0011383,2025-12-01,BR002,AO006,Kredit Konsumtif,Konsumtif,49500000,18.0,36
DSB0001529,APP0002511,PR0011396,2025-09-23,BR004,AO016,Kredit Mikro,Mikro,98000000,21.0,18
DSB0001530,APP0002512,PR0011400,2025-08-26,BR001,AO003,Kredit Mikro,Mikro,73500000,21.0,12
DSB0001531,APP0002513,PR0011418,2026-02-19,BR002,AO005,Kredit Konsumtif,Konsumtif,28500000,18.0,12
DSB0001532,APP0002515,PR0011431,2026-04-19,BR007,AO027,Kredit Mikro,Mikro,49500000,21.0,24
DSB0001533,APP0002516,PR0011432,2026-02-21,BR003,AO012,Kredit Payroll,Payroll,74000000,15.5,24
DSB0001534,APP0002520,PR0011443,2026-05-27,BR006,AO023,Kredit Mikro,Mikro,48000000,21.0,36
DSB0001535,APP0002521,PR0011444,2026-05-01,BR005,AO018,Kredit Produktif SME,SME,146500000,19.0,48
DSB0001536,APP0002523,PR0011455,2026-06-13,BR002,AO007,Kredit Produktif SME,SME,478500000,19.0,36
DSB0001537,APP0002524,PR0011464,2026-03-28,BR001,AO002,Kredit Payroll,Payroll,71500000,15.5,24
DSB0001538,APP0002527,PR0011471,2026-05-01,BR001,AO002,Kredit Mikro,Mikro,96500000,21.0,18
DSB0001539,APP0002531,PR0011493,2025-07-27,BR006,AO022,Kredit Konsumtif,Konsumtif,74500000,18.0,24
DSB0001540,APP0002534,PR0011506,2025-07-15,BR007,AO027,Kredit Konsumtif,Konsumtif,28000000,18.0,24
DSB0001541,APP0002535,PR0011507,2025-10-01,BR005,AO020,Kredit Payroll,Payroll,141500000,15.5,60
DSB0001542,APP0002536,PR0011512,2025-10-31,BR001,AO004,Kredit Konsumtif,Konsumtif,49500000,18.0,24
DSB0001543,APP0002537,PR0011521,2026-01-14,BR007,AO028,Kredit Payroll,Payroll,184500000,15.5,36
DSB0001544,APP0002539,PR0011538,2025-11-22,BR004,AO016,Kredit Konsumtif,Konsumtif,28000000,18.0,24
DSB0001545,APP0002541,PR0011548,2025-11-15,BR003,AO010,Kredit Produktif SME,SME,140500000,19.0,36
DSB0001546,APP0002542,PR0011553,2026-02-24,BR003,AO012,Kredit Payroll,Payroll,200000000,15.5,60
DSB0001547,APP0002545,PR0011576,2025-12-31,BR002,AO006,Kredit Konsumtif,Konsumtif,138500000,18.0,24
DSB0001548,APP0002546,PR0011577,2025-11-20,BR006,AO021,Kredit Konsumtif,Konsumtif,28500000,18.0,18
DSB0001549,APP0002547,PR0011578,2025-12-27,BR005,AO017,Kredit Payroll,Payroll,139000000,15.5,24
DSB0001550,APP0002548,PR0011588,2025-11-21,BR005,AO018,Kredit Konsumtif,Konsumtif,147000000,18.0,36
DSB0001551,APP0002549,PR0011590,2026-04-12,BR002,AO008,Kredit Konsumtif,Konsumtif,147500000,18.0,18
DSB0001552,APP0002551,PR0011594,2025-12-22,BR005,AO019,Kredit Payroll,Payroll,74500000,15.5,12
DSB0001553,APP0002552,PR0011599,2025-07-25,BR007,AO026,Kredit Konsumtif,Konsumtif,28000000,18.0,24
DSB0001554,APP0002556,PR0011616,2026-01-15,BR007,AO025,Kredit Payroll,Payroll,98500000,15.5,12
DSB0001555,APP0002557,PR0011617,2026-05-31,BR002,AO006,Kredit Payroll,Payroll,48500000,15.5,24
DSB0001556,APP0002558,PR0011619,2025-11-14,BR003,AO011,Kredit Payroll,Payroll,49000000,15.5,36
DSB0001557,APP0002562,PR0011630,2025-10-31,BR001,AO001,Kredit Payroll,Payroll,49000000,15.5,24
DSB0001558,APP0002563,PR0011634,2025-08-26,BR006,AO023,Kredit Konsumtif,Konsumtif,118500000,18.0,12
DSB0001559,APP0002565,PR0011645,2025-07-29,BR002,AO006,Kredit Mikro,Mikro,18500000,21.0,12
DSB0001560,APP0002566,PR0011646,2025-08-31,BR001,AO002,Kredit Konsumtif,Konsumtif,95500000,18.0,18
DSB0001561,APP0002570,PR0011652,2025-09-23,BR002,AO007,Kredit Konsumtif,Konsumtif,72500000,18.0,18
DSB0001562,APP0002571,PR0011654,2026-02-22,BR007,AO026,Kredit Mikro,Mikro,29000000,21.0,24
DSB0001563,APP0002573,PR0011665,2026-01-17,BR007,AO027,Kredit Konsumtif,Konsumtif,149500000,18.0,36
DSB0001564,APP0002574,PR0011666,2025-11-22,BR006,AO021,Kredit Mikro,Mikro,19000000,21.0,18
DSB0001565,APP0002576,PR0011682,2026-06-26,BR004,AO016,Kredit Konsumtif,Konsumtif,48500000,18.0,36
DSB0001566,APP0002577,PR0011686,2026-06-19,BR003,AO012,Kredit Mikro,Mikro,29500000,21.0,18
DSB0001567,APP0002578,PR0011697,2025-07-19,BR002,AO006,Kredit Mikro,Mikro,29000000,21.0,12
DSB0001568,APP0002579,PR0011701,2026-07-01,BR006,AO024,Kredit Payroll,Payroll,70000000,15.5,48
DSB0001569,APP0002581,PR0011720,2026-02-26,BR006,AO021,Kredit Mikro,Mikro,28500000,21.0,36
DSB0001570,APP0002583,PR0011737,2026-03-31,BR002,AO006,Kredit Mikro,Mikro,70000000,21.0,24
DSB0001571,APP0002584,PR0011739,2025-09-21,BR001,AO002,Kredit Konsumtif,Konsumtif,49000000,18.0,24
DSB0001572,APP0002586,PR0011747,2026-01-31,BR001,AO004,Kredit Konsumtif,Konsumtif,143000000,18.0,18
DSB0001573,APP0002587,PR0011755,2026-01-25,BR006,AO023,Kredit Payroll,Payroll,49000000,15.5,48
DSB0001574,APP0002589,PR0011766,2025-07-12,BR002,AO007,Kredit Payroll,Payroll,189500000,15.5,36
DSB0001575,APP0002590,PR0011770,2026-01-30,BR005,AO017,Kredit Konsumtif,Konsumtif,141500000,18.0,24
DSB0001576,APP0002591,PR0011771,2025-07-17,BR002,AO008,Kredit Produktif SME,SME,466000000,19.0,12
DSB0001577,APP0002592,PR0011772,2026-05-22,BR004,AO014,Kredit Konsumtif,Konsumtif,116000000,18.0,18
DSB0001578,APP0002593,PR0011774,2025-09-29,BR005,AO019,Kredit Konsumtif,Konsumtif,74000000,18.0,18
DSB0001579,APP0002594,PR0011779,2025-08-29,BR001,AO001,Kredit Mikro,Mikro,95500000,21.0,12
DSB0001580,APP0002595,PR0011780,2026-01-12,BR003,AO012,Kredit Konsumtif,Konsumtif,139000000,18.0,12
DSB0001581,APP0002596,PR0011795,2025-10-20,BR004,AO015,Kredit Mikro,Mikro,19000000,21.0,24
DSB0001582,APP0002597,PR0011799,2026-03-13,BR005,AO019,Kredit Produktif SME,SME,200000000,19.0,48
DSB0001583,APP0002599,PR0011811,2026-03-17,BR005,AO018,Kredit Konsumtif,Konsumtif,49000000,18.0,24
DSB0001584,APP0002600,PR0011816,2026-07-01,BR005,AO020,Kredit Konsumtif,Konsumtif,149000000,18.0,24
DSB0001585,APP0002601,PR0011821,2025-10-01,BR003,AO010,Kredit Produktif SME,SME,196500000,19.0,24
DSB0001586,APP0002603,PR0011830,2026-02-24,BR001,AO003,Kredit Payroll,Payroll,72500000,15.5,12
DSB0001587,APP0002604,PR0011849,2026-03-21,BR005,AO017,Kredit Mikro,Mikro,49000000,21.0,12
DSB0001588,APP0002605,PR0011853,2025-09-27,BR001,AO003,Kredit Mikro,Mikro,100000000,21.0,12
DSB0001589,APP0002606,PR0011856,2026-05-01,BR003,AO011,Kredit Konsumtif,Konsumtif,143500000,18.0,18
DSB0001590,APP0002607,PR0011863,2026-07-01,BR007,AO028,Kredit Produktif SME,SME,699000000,19.0,60
DSB0001591,APP0002609,PR0011871,2025-09-30,BR005,AO019,Kredit Produktif SME,SME,196500000,19.0,12
DSB0001592,APP0002614,PR0011882,2025-10-12,BR006,AO022,Kredit Produktif SME,SME,951500000,19.0,60
DSB0001593,APP0002615,PR0011888,2025-10-22,BR006,AO022,Kredit Konsumtif,Konsumtif,48500000,18.0,36
DSB0001594,APP0002617,PR0011895,2026-05-01,BR003,AO010,Kredit Payroll,Payroll,141500000,15.5,48
DSB0001595,APP0002618,PR0011898,2026-01-14,BR001,AO002,Kredit Konsumtif,Konsumtif,74500000,18.0,18
DSB0001596,APP0002619,PR0011901,2026-01-18,BR004,AO015,Kredit Produktif SME,SME,286000000,19.0,12
DSB0001597,APP0002624,PR0011928,2025-12-13,BR005,AO019,Kredit Payroll,Payroll,138000000,15.5,36
DSB0001598,APP0002625,PR0011932,2026-04-17,BR003,AO009,Kredit Payroll,Payroll,143500000,15.5,36
DSB0001599,APP0002627,PR0011941,2026-05-12,BR002,AO008,Kredit Konsumtif,Konsumtif,144000000,18.0,36
DSB0001600,APP0002628,PR0011943,2026-02-17,BR003,AO012,Kredit Mikro,Mikro,93500000,21.0,18
DSB0001601,APP0002629,PR0011946,2026-02-17,BR002,AO008,Kredit Payroll,Payroll,138000000,15.5,24
DSB0001602,APP0002630,PR0011948,2025-10-11,BR001,AO003,Kredit Konsumtif,Konsumtif,70000000,18.0,24
DSB0001603,APP0002634,PR0011963,2025-11-18,BR005,AO018,Kredit Konsumtif,Konsumtif,146500000,18.0,24
DSB0001604,APP0002636,PR0011966,2026-05-31,BR001,AO001,Kredit Produktif SME,SME,977500000,19.0,24
DSB0001605,APP0002637,PR0011967,2026-05-01,BR004,AO015,Kredit Mikro,Mikro,69000000,21.0,36
DSB0001606,APP0002639,PR0011972,2025-10-17,BR001,AO004,Kredit Konsumtif,Konsumtif,73500000,18.0,24
DSB0001607,APP0002640,PR0011973,2026-04-19,BR005,AO019,Kredit Mikro,Mikro,28500000,21.0,18
DSB0001608,APP0002643,PR0012001,2025-10-31,BR001,AO003,Kredit Produktif SME,SME,146500000,19.0,24
DSB0001609,APP0002647,PR0012017,2025-12-01,BR002,AO005,Kredit Payroll,Payroll,149000000,15.5,12
DSB0001610,APP0002648,PR0012018,2026-01-31,BR001,AO002,Kredit Mikro,Mikro,93000000,21.0,24
DSB0001611,APP0002649,PR0012022,2026-03-03,BR004,AO014,Kredit Konsumtif,Konsumtif,94500000,18.0,12
DSB0001612,APP0002651,PR0012031,2026-03-16,BR003,AO009,Kredit Mikro,Mikro,18500000,21.0,36
DSB0001613,APP0002654,PR0012060,2026-05-01,BR006,AO023,Kredit Mikro,Mikro,46500000,21.0,18
DSB0001614,APP0002655,PR0012063,2025-12-18,BR002,AO006,Kredit Payroll,Payroll,50000000,15.5,12
DSB0001615,APP0002656,PR0012065,2026-05-01,BR002,AO008,Kredit Mikro,Mikro,70500000,21.0,24
DSB0001616,APP0002658,PR0012068,2026-05-27,BR007,AO025,Kredit Payroll,Payroll,150000000,15.5,48
DSB0001617,APP0002659,PR0012070,2026-01-15,BR001,AO001,Kredit Mikro,Mikro,94500000,21.0,18
DSB0001618,APP0002660,PR0012074,2026-03-23,BR001,AO003,Kredit Produktif SME,SME,294000000,19.0,36
DSB0001619,APP0002662,PR0012081,2026-04-14,BR007,AO027,Kredit Konsumtif,Konsumtif,47500000,18.0,12
DSB0001620,APP0002664,PR0012084,2026-05-22,BR006,AO024,Kredit Payroll,Payroll,144000000,15.5,24
DSB0001621,APP0002665,PR0012089,2026-04-17,BR001,AO001,Kredit Payroll,Payroll,192000000,15.5,12
DSB0001622,APP0002666,PR0012090,2025-07-18,BR006,AO022,Kredit Konsumtif,Konsumtif,71500000,18.0,18
DSB0001623,APP0002667,PR0012092,2026-05-11,BR001,AO004,Kredit Produktif SME,SME,190000000,19.0,12
DSB0001624,APP0002668,PR0012094,2025-09-13,BR006,AO022,Kredit Konsumtif,Konsumtif,46500000,18.0,12
DSB0001625,APP0002669,PR0012107,2025-11-08,BR006,AO023,Kredit Payroll,Payroll,73000000,15.5,24
DSB0001626,APP0002670,PR0012108,2026-01-23,BR006,AO022,Kredit Payroll,Payroll,49000000,15.5,36
DSB0001627,APP0002671,PR0012109,2026-01-16,BR001,AO003,Kredit Konsumtif,Konsumtif,98500000,18.0,18
DSB0001628,APP0002673,PR0012115,2026-05-18,BR005,AO019,Kredit Konsumtif,Konsumtif,47000000,18.0,36
DSB0001629,APP0002674,PR0012119,2025-12-21,BR001,AO004,Kredit Konsumtif,Konsumtif,29500000,18.0,36
DSB0001630,APP0002677,PR0012143,2026-02-13,BR006,AO021,Kredit Konsumtif,Konsumtif,69000000,18.0,36
DSB0001631,APP0002678,PR0012149,2026-03-02,BR005,AO019,Kredit Payroll,Payroll,50000000,15.5,12
DSB0001632,APP0002680,PR0012163,2025-11-22,BR005,AO020,Kredit Produktif SME,SME,97500000,19.0,48
DSB0001633,APP0002681,PR0012164,2025-10-24,BR007,AO026,Kredit Payroll,Payroll,70500000,15.5,36
DSB0001634,APP0002682,PR0012165,2026-03-03,BR001,AO004,Kredit Payroll,Payroll,140000000,15.5,36
DSB0001635,APP0002683,PR0012166,2025-10-21,BR005,AO017,Kredit Mikro,Mikro,46500000,21.0,18
DSB0001636,APP0002684,PR0012171,2025-12-01,BR006,AO022,Kredit Konsumtif,Konsumtif,142000000,18.0,36
DSB0001637,APP0002685,PR0012178,2025-08-31,BR002,AO008,Kredit Produktif SME,SME,144000000,19.0,60
DSB0001638,APP0002686,PR0012179,2025-09-25,BR003,AO011,Kredit Konsumtif,Konsumtif,142000000,18.0,36
DSB0001639,APP0002691,PR0012194,2026-06-11,BR003,AO011,Kredit Mikro,Mikro,28000000,21.0,36
DSB0001640,APP0002692,PR0012200,2026-06-28,BR007,AO028,Kredit Produktif SME,SME,932000000,19.0,24
DSB0001641,APP0002694,PR0012204,2025-07-29,BR005,AO018,Kredit Payroll,Payroll,139500000,15.5,48
DSB0001642,APP0002695,PR0012207,2026-03-03,BR007,AO028,Kredit Payroll,Payroll,187500000,15.5,48
DSB0001643,APP0002696,PR0012209,2026-06-12,BR005,AO017,Kredit Konsumtif,Konsumtif,124000000,18.0,36
DSB0001644,APP0002700,PR0012222,2025-07-10,BR006,AO024,Kredit Mikro,Mikro,28000000,21.0,12
DSB0001645,APP0002701,PR0012225,2025-08-12,BR001,AO001,Kredit Payroll,Payroll,144500000,15.5,60
DSB0001646,APP0002703,PR0012232,2026-03-01,BR001,AO003,Kredit Konsumtif,Konsumtif,147000000,18.0,24
DSB0001647,APP0002704,PR0012236,2026-01-20,BR006,AO021,Kredit Konsumtif,Konsumtif,117000000,18.0,24
DSB0001648,APP0002705,PR0012239,2025-12-25,BR004,AO016,Kredit Payroll,Payroll,73500000,15.5,12
DSB0001649,APP0002706,PR0012241,2026-07-01,BR005,AO019,Kredit Produktif SME,SME,279500000,19.0,48
DSB0001650,APP0002707,PR0012242,2026-02-24,BR002,AO006,Kredit Produktif SME,SME,299500000,19.0,36
DSB0001651,APP0002708,PR0012243,2025-08-29,BR001,AO004,Kredit Payroll,Payroll,143500000,15.5,60
DSB0001652,APP0002709,PR0012244,2025-07-26,BR007,AO028,Kredit Payroll,Payroll,49500000,15.5,48
DSB0001653,APP0002710,PR0012248,2025-10-31,BR001,AO002,Kredit Mikro,Mikro,19000000,21.0,12
DSB0001654,APP0002711,PR0012249,2025-07-24,BR007,AO028,Kredit Payroll,Payroll,70500000,15.5,60
DSB0001655,APP0002712,PR0012251,2026-03-31,BR006,AO023,Kredit Konsumtif,Konsumtif,119500000,18.0,18
DSB0001656,APP0002714,PR0012257,2025-10-11,BR001,AO003,Kredit Konsumtif,Konsumtif,70000000,18.0,24
DSB0001657,APP0002715,PR0012260,2026-05-01,BR001,AO004,Kredit Mikro,Mikro,46000000,21.0,12
DSB0001658,APP0002716,PR0012262,2026-01-12,BR005,AO020,Kredit Payroll,Payroll,71500000,15.5,24
DSB0001659,APP0002718,PR0012277,2026-01-31,BR001,AO001,Kredit Produktif SME,SME,185000000,19.0,60
DSB0001660,APP0002720,PR0012286,2026-04-08,BR006,AO022,Kredit Konsumtif,Konsumtif,72500000,18.0,36
DSB0001661,APP0002722,PR0012296,2025-12-23,BR003,AO012,Kredit Mikro,Mikro,19500000,21.0,18
DSB0001662,APP0002725,PR0012301,2026-04-24,BR003,AO012,Kredit Konsumtif,Konsumtif,74500000,18.0,36
DSB0001663,APP0002726,PR0012311,2025-10-22,BR002,AO007,Kredit Mikro,Mikro,20000000,21.0,24
DSB0001664,APP0002729,PR0012329,2026-06-22,BR002,AO007,Kredit Payroll,Payroll,94500000,15.5,48
DSB0001665,APP0002730,PR0012331,2026-03-26,BR003,AO009,Kredit Produktif SME,SME,464000000,19.0,12
DSB0001666,APP0002732,PR0012341,2026-03-17,BR001,AO004,Kredit Konsumtif,Konsumtif,28000000,18.0,36
DSB0001667,APP0002734,PR0012355,2025-07-31,BR003,AO011,Kredit Mikro,Mikro,18500000,21.0,12
DSB0001668,APP0002735,PR0012357,2026-03-29,BR003,AO010,Kredit Konsumtif,Konsumtif,29000000,18.0,24
DSB0001669,APP0002736,PR0012360,2026-03-31,BR003,AO011,Kredit Konsumtif,Konsumtif,28500000,18.0,36
DSB0001670,APP0002738,PR0012372,2026-05-21,BR004,AO013,Kredit Produktif SME,SME,97500000,19.0,60
DSB0001671,APP0002740,PR0012380,2025-07-19,BR001,AO001,Kredit Konsumtif,Konsumtif,119500000,18.0,12
DSB0001672,APP0002741,PR0012381,2025-08-21,BR002,AO007,Kredit Payroll,Payroll,74500000,15.5,48
DSB0001673,APP0002742,PR0012382,2026-01-21,BR001,AO001,Kredit Konsumtif,Konsumtif,98000000,18.0,36
DSB0001674,APP0002743,PR0012387,2026-07-01,BR001,AO003,Kredit Konsumtif,Konsumtif,148500000,18.0,24
DSB0001675,APP0002744,PR0012397,2026-05-18,BR003,AO010,Kredit Konsumtif,Konsumtif,49500000,18.0,12
DSB0001676,APP0002745,PR0012402,2025-12-16,BR003,AO012,Kredit Mikro,Mikro,70000000,21.0,24
DSB0001677,APP0002746,PR0012405,2026-04-30,BR006,AO021,Kredit Mikro,Mikro,27500000,21.0,24
DSB0001678,APP0002748,PR0012411,2026-03-03,BR006,AO023,Kredit Mikro,Mikro,28000000,21.0,12
DSB0001679,APP0002754,PR0012428,2025-12-01,BR002,AO007,Kredit Produktif SME,SME,94500000,19.0,36
DSB0001680,APP0002755,PR0012429,2026-01-31,BR006,AO024,Kredit Payroll,Payroll,48000000,15.5,60
DSB0001681,APP0002757,PR0012436,2026-03-22,BR001,AO004,Kredit Konsumtif,Konsumtif,71500000,18.0,18
DSB0001682,APP0002761,PR0012450,2025-10-31,BR004,AO014,Kredit Payroll,Payroll,142000000,15.5,12
DSB0001683,APP0002764,PR0012459,2026-01-31,BR007,AO025,Kredit Konsumtif,Konsumtif,73000000,18.0,24
DSB0001684,APP0002766,PR0012462,2026-03-01,BR004,AO013,Kredit Payroll,Payroll,95500000,15.5,24
DSB0001685,APP0002768,PR0012467,2025-11-09,BR005,AO018,Kredit Payroll,Payroll,48500000,15.5,24
DSB0001686,APP0002770,PR0012484,2026-02-28,BR003,AO012,Kredit Payroll,Payroll,98500000,15.5,24
DSB0001687,APP0002773,PR0012508,2025-11-24,BR001,AO002,Kredit Payroll,Payroll,74000000,15.5,60
DSB0001688,APP0002774,PR0012514,2026-04-23,BR005,AO020,Kredit Payroll,Payroll,92500000,15.5,48
DSB0001689,APP0002776,PR0012528,2026-06-12,BR001,AO003,Kredit Konsumtif,Konsumtif,46000000,18.0,18
DSB0001690,APP0002778,PR0012534,2025-08-28,BR003,AO010,Kredit Konsumtif,Konsumtif,98500000,18.0,24
DSB0001691,APP0002779,PR0012546,2025-08-25,BR001,AO001,Kredit Payroll,Payroll,146500000,15.5,36
DSB0001692,APP0002780,PR0012549,2025-08-26,BR003,AO009,Kredit Payroll,Payroll,141500000,15.5,24
DSB0001693,APP0002782,PR0012573,2025-07-19,BR005,AO018,Kredit Produktif SME,SME,97000000,19.0,36
DSB0001694,APP0002783,PR0012577,2025-08-30,BR001,AO001,Kredit Payroll,Payroll,74500000,15.5,60
DSB0001695,APP0002786,PR0012591,2026-02-20,BR001,AO002,Kredit Konsumtif,Konsumtif,28000000,18.0,24
DSB0001696,APP0002787,PR0012592,2025-08-31,BR001,AO002,Kredit Konsumtif,Konsumtif,28000000,18.0,18
DSB0001697,APP0002788,PR0012597,2025-12-26,BR001,AO002,Kredit Produktif SME,SME,139000000,19.0,12
DSB0001698,APP0002791,PR0012605,2025-08-29,BR002,AO006,Kredit Mikro,Mikro,28500000,21.0,36
DSB0001699,APP0002792,PR0012616,2025-08-16,BR001,AO003,Kredit Mikro,Mikro,19000000,21.0,36
DSB0001700,APP0002793,PR0012623,2026-02-20,BR002,AO007,Kredit Konsumtif,Konsumtif,29000000,18.0,12
DSB0001701,APP0002798,PR0012640,2026-04-22,BR006,AO021,Kredit Payroll,Payroll,199500000,15.5,36
DSB0001702,APP0002800,PR0012661,2026-03-03,BR005,AO020,Kredit Konsumtif,Konsumtif,121000000,18.0,36
DSB0001703,APP0002801,PR0012664,2025-10-31,BR002,AO008,Kredit Payroll,Payroll,142000000,15.5,24
DSB0001704,APP0002804,PR0012684,2026-03-03,BR003,AO010,Kredit Payroll,Payroll,47500000,15.5,24
DSB0001705,APP0002805,PR0012686,2025-12-25,BR004,AO016,Kredit Konsumtif,Konsumtif,98000000,18.0,12
DSB0001706,APP0002808,PR0012700,2026-03-01,BR001,AO003,Kredit Payroll,Payroll,142000000,15.5,12
DSB0001707,APP0002809,PR0012703,2026-02-18,BR001,AO003,Kredit Mikro,Mikro,74000000,21.0,36
DSB0001708,APP0002810,PR0012714,2025-12-31,BR006,AO024,Kredit Payroll,Payroll,190000000,15.5,60
DSB0001709,APP0002812,PR0012723,2026-05-21,BR005,AO018,Kredit Konsumtif,Konsumtif,72000000,18.0,36
DSB0001710,APP0002813,PR0012726,2026-01-24,BR003,AO011,Kredit Payroll,Payroll,46500000,15.5,24
DSB0001711,APP0002815,PR0012738,2025-12-13,BR001,AO003,Kredit Payroll,Payroll,92500000,15.5,60
DSB0001712,APP0002816,PR0012741,2026-01-17,BR002,AO007,Kredit Konsumtif,Konsumtif,28500000,18.0,36
DSB0001713,APP0002817,PR0012743,2026-05-13,BR003,AO012,Kredit Mikro,Mikro,27500000,21.0,36
DSB0001714,APP0002818,PR0012744,2025-09-23,BR001,AO002,Kredit Konsumtif,Konsumtif,146500000,18.0,36
DSB0001715,APP0002821,PR0012754,2025-10-26,BR002,AO006,Kredit Konsumtif,Konsumtif,119500000,18.0,18
DSB0001716,APP0002822,PR0012772,2025-10-01,BR007,AO028,Kredit Mikro,Mikro,48500000,21.0,24
DSB0001717,APP0002823,PR0012778,2026-04-18,BR004,AO013,Kredit Produktif SME,SME,491000000,19.0,60
DSB0001718,APP0002826,PR0012810,2025-11-11,BR001,AO003,Kredit Mikro,Mikro,69500000,21.0,36
DSB0001719,APP0002827,PR0012815,2026-03-24,BR002,AO006,Kredit Produktif SME,SME,920000000,19.0,24
DSB0001720,APP0002829,PR0012823,2026-02-19,BR002,AO006,Kredit Produktif SME,SME,699500000,19.0,60
DSB0001721,APP0002831,PR0012830,2025-09-15,BR006,AO022,Kredit Mikro,Mikro,18500000,21.0,36
DSB0001722,APP0002832,PR0012845,2026-04-27,BR004,AO014,Kredit Konsumtif,Konsumtif,28500000,18.0,18
DSB0001723,APP0002833,PR0012856,2025-12-08,BR003,AO009,Kredit Produktif SME,SME,198000000,19.0,12
DSB0001724,APP0002834,PR0012863,2025-11-17,BR002,AO008,Kredit Payroll,Payroll,193000000,15.5,36
DSB0001725,APP0002835,PR0012867,2025-08-24,BR004,AO013,Kredit Payroll,Payroll,147000000,15.5,48
DSB0001726,APP0002836,PR0012869,2025-07-28,BR006,AO024,Kredit Produktif SME,SME,278500000,19.0,60
DSB0001727,APP0002837,PR0012872,2026-05-26,BR006,AO022,Kredit Konsumtif,Konsumtif,142500000,18.0,12
DSB0001728,APP0002841,PR0012887,2025-12-31,BR003,AO010,Kredit Konsumtif,Konsumtif,29000000,18.0,24
DSB0001729,APP0002843,PR0012891,2026-03-09,BR003,AO011,Kredit Konsumtif,Konsumtif,28500000,18.0,12
DSB0001730,APP0002844,PR0012893,2026-01-31,BR002,AO006,Kredit Mikro,Mikro,18500000,21.0,12
DSB0001731,APP0002846,PR0012901,2026-05-19,BR001,AO004,Kredit Payroll,Payroll,96000000,15.5,12
DSB0001732,APP0002847,PR0012902,2025-12-31,BR001,AO003,Kredit Konsumtif,Konsumtif,73000000,18.0,24
DSB0001733,APP0002849,PR0012919,2026-05-21,BR001,AO001,Kredit Konsumtif,Konsumtif,28500000,18.0,12
DSB0001734,APP0002853,PR0012934,2026-05-31,BR001,AO001,Kredit Konsumtif,Konsumtif,92500000,18.0,36
DSB0001735,APP0002854,PR0012939,2025-07-18,BR007,AO026,Kredit Konsumtif,Konsumtif,119500000,18.0,36
DSB0001736,APP0002855,PR0012940,2025-12-07,BR002,AO007,Kredit Konsumtif,Konsumtif,142500000,18.0,24
DSB0001737,APP0002856,PR0012942,2025-12-21,BR001,AO003,Kredit Mikro,Mikro,70000000,21.0,18
DSB0001738,APP0002857,PR0012945,2025-12-31,BR005,AO017,Kredit Mikro,Mikro,95500000,21.0,24
DSB0001739,APP0002858,PR0012950,2025-12-30,BR006,AO021,Kredit Produktif SME,SME,276000000,19.0,48
DSB0001740,APP0002861,PR0012954,2026-01-29,BR001,AO002,Kredit Produktif SME,SME,184500000,19.0,60
DSB0001741,APP0002862,PR0012959,2026-05-30,BR006,AO021,Kredit Konsumtif,Konsumtif,92500000,18.0,18
DSB0001742,APP0002863,PR0012963,2026-06-28,BR004,AO014,Kredit Mikro,Mikro,47500000,21.0,36
DSB0001743,APP0002865,PR0012970,2025-12-08,BR002,AO005,Kredit Konsumtif,Konsumtif,144500000,18.0,18
DSB0001744,APP0002866,PR0012977,2026-02-12,BR003,AO011,Kredit Mikro,Mikro,19000000,21.0,24
DSB0001745,APP0002868,PR0012981,2025-09-16,BR004,AO014,Kredit Konsumtif,Konsumtif,93500000,18.0,24
DSB0001746,APP0002869,PR0012988,2025-11-28,BR005,AO019,Kredit Payroll,Payroll,99000000,15.5,60
DSB0001747,APP0002872,PR0013009,2025-10-21,BR006,AO023,Kredit Payroll,Payroll,144500000,15.5,36
DSB0001748,APP0002873,PR0013010,2026-05-26,BR005,AO019,Kredit Konsumtif,Konsumtif,27500000,18.0,36
DSB0001749,APP0002876,PR0013030,2026-02-15,BR004,AO014,Kredit Payroll,Payroll,47000000,15.5,12
DSB0001750,APP0002877,PR0013032,2026-03-03,BR004,AO013,Kredit Payroll,Payroll,96500000,15.5,12
DSB0001751,APP0002878,PR0013036,2026-05-22,BR001,AO003,Kredit Konsumtif,Konsumtif,118500000,18.0,24
DSB0001752,APP0002880,PR0013048,2026-05-01,BR001,AO003,Kredit Payroll,Payroll,49500000,15.5,36
DSB0001753,APP0002881,PR0013052,2025-07-13,BR005,AO017,Kredit Konsumtif,Konsumtif,28500000,18.0,18
DSB0001754,APP0002882,PR0013054,2025-12-19,BR004,AO015,Kredit Mikro,Mikro,99000000,21.0,12
DSB0001755,APP0002884,PR0013063,2026-05-26,BR001,AO004,Kredit Payroll,Payroll,94500000,15.5,48
DSB0001756,APP0002885,PR0013066,2026-01-23,BR004,AO016,Kredit Produktif SME,SME,97500000,19.0,36
DSB0001757,APP0002887,PR0013094,2026-03-03,BR002,AO008,Kredit Konsumtif,Konsumtif,124500000,18.0,36
DSB0001758,APP0002888,PR0013097,2026-02-10,BR002,AO008,Kredit Konsumtif,Konsumtif,123000000,18.0,36
DSB0001759,APP0002889,PR0013102,2025-09-19,BR005,AO020,Kredit Payroll,Payroll,196500000,15.5,60
DSB0001760,APP0002891,PR0013106,2025-08-19,BR001,AO002,Kredit Konsumtif,Konsumtif,95000000,18.0,24
DSB0001761,APP0002892,PR0013107,2026-03-01,BR002,AO005,Kredit Mikro,Mikro,70500000,21.0,24
DSB0001762,APP0002893,PR0013115,2026-01-20,BR004,AO015,Kredit Produktif SME,SME,278000000,19.0,48
DSB0001763,APP0002895,PR0013122,2026-05-30,BR001,AO003,Kredit Mikro,Mikro,94500000,21.0,24
DSB0001764,APP0002897,PR0013128,2026-06-14,BR006,AO022,Kredit Payroll,Payroll,75000000,15.5,24
DSB0001765,APP0002899,PR0013134,2026-01-31,BR005,AO020,Kredit Payroll,Payroll,141000000,15.5,48
DSB0001766,APP0002901,PR0013138,2025-11-20,BR002,AO008,Kredit Konsumtif,Konsumtif,47500000,18.0,18
DSB0001767,APP0002902,PR0013145,2025-12-31,BR006,AO022,Kredit Konsumtif,Konsumtif,29000000,18.0,12
DSB0001768,APP0002903,PR0013148,2025-09-11,BR006,AO021,Kredit Konsumtif,Konsumtif,29500000,18.0,36
DSB0001769,APP0002904,PR0013160,2025-11-17,BR005,AO019,Kredit Mikro,Mikro,19500000,21.0,36
DSB0001770,APP0002906,PR0013170,2026-05-01,BR005,AO019,Kredit Payroll,Payroll,69000000,15.5,48
DSB0001771,APP0002907,PR0013171,2026-04-24,BR001,AO003,Kredit Mikro,Mikro,70500000,21.0,24
DSB0001772,APP0002909,PR0013174,2026-05-25,BR001,AO002,Kredit Payroll,Payroll,146500000,15.5,36
DSB0001773,APP0002910,PR0013185,2026-03-02,BR004,AO013,Kredit Mikro,Mikro,29500000,21.0,36
DSB0001774,APP0002911,PR0013191,2026-03-03,BR001,AO004,Kredit Konsumtif,Konsumtif,147000000,18.0,36
DSB0001775,APP0002912,PR0013195,2026-03-11,BR005,AO020,Kredit Payroll,Payroll,97500000,15.5,36
DSB0001776,APP0002914,PR0013202,2025-07-11,BR002,AO006,Kredit Konsumtif,Konsumtif,148500000,18.0,18
DSB0001777,APP0002915,PR0013213,2025-09-27,BR001,AO004,Kredit Payroll,Payroll,73000000,15.5,48
DSB0001778,APP0002916,PR0013221,2026-03-07,BR005,AO020,Kredit Payroll,Payroll,72000000,15.5,48
DSB0001779,APP0002917,PR0013223,2025-09-29,BR001,AO001,Kredit Mikro,Mikro,19000000,21.0,24
DSB0001780,APP0002919,PR0013232,2026-06-17,BR006,AO024,Kredit Payroll,Payroll,71500000,15.5,36
DSB0001781,APP0002921,PR0013244,2025-12-22,BR005,AO019,Kredit Mikro,Mikro,73000000,21.0,24
DSB0001782,APP0002923,PR0013270,2025-09-15,BR002,AO006,Kredit Produktif SME,SME,95500000,19.0,36
DSB0001783,APP0002924,PR0013272,2025-11-30,BR004,AO016,Kredit Produktif SME,SME,99000000,19.0,48
DSB0001784,APP0002926,PR0013285,2026-03-25,BR003,AO012,Kredit Mikro,Mikro,74500000,21.0,36
DSB0001785,APP0002930,PR0013304,2026-05-31,BR007,AO025,Kredit Payroll,Payroll,74500000,15.5,48
DSB0001786,APP0002931,PR0013312,2026-06-20,BR002,AO008,Kredit Payroll,Payroll,72000000,15.5,48
DSB0001787,APP0002932,PR0013316,2026-02-10,BR007,AO028,Kredit Mikro,Mikro,71500000,21.0,24
DSB0001788,APP0002933,PR0013317,2026-05-26,BR005,AO020,Kredit Payroll,Payroll,190500000,15.5,36
DSB0001789,APP0002935,PR0013328,2026-01-31,BR002,AO008,Kredit Produktif SME,SME,462500000,19.0,12
DSB0001790,APP0002936,PR0013349,2026-05-18,BR007,AO026,Kredit Payroll,Payroll,144000000,15.5,48
DSB0001791,APP0002937,PR0013350,2026-07-01,BR006,AO022,Kredit Konsumtif,Konsumtif,117000000,18.0,24
DSB0001792,APP0002938,PR0013356,2025-12-31,BR003,AO011,Kredit Konsumtif,Konsumtif,29000000,18.0,18
DSB0001793,APP0002943,PR0013378,2026-04-13,BR001,AO002,Kredit Konsumtif,Konsumtif,28500000,18.0,18
DSB0001794,APP0002944,PR0013384,2025-11-30,BR001,AO002,Kredit Mikro,Mikro,19500000,21.0,24
DSB0001795,APP0002947,PR0013397,2025-11-22,BR002,AO007,Kredit Produktif SME,SME,149500000,19.0,24
DSB0001796,APP0002950,PR0013414,2025-08-31,BR003,AO011,Kredit Konsumtif,Konsumtif,141000000,18.0,24
DSB0001797,APP0002951,PR0013420,2025-11-23,BR002,AO008,Kredit Payroll,Payroll,48500000,15.5,60
DSB0001798,APP0002954,PR0013446,2026-03-10,BR001,AO004,Kredit Mikro,Mikro,47500000,21.0,18
DSB0001799,APP0002957,PR0013465,2025-09-14,BR002,AO007,Kredit Mikro,Mikro,70500000,21.0,12
DSB0001800,APP0002960,PR0013484,2025-12-27,BR006,AO022,Kredit Mikro,Mikro,49000000,21.0,18
DSB0001801,APP0002962,PR0013492,2025-09-21,BR001,AO003,Kredit Produktif SME,SME,945000000,19.0,12
DSB0001802,APP0002965,PR0013501,2026-06-16,BR003,AO010,Kredit Mikro,Mikro,18500000,21.0,12
DSB0001803,APP0002966,PR0013504,2026-03-03,BR001,AO002,Kredit Konsumtif,Konsumtif,138000000,18.0,18
DSB0001804,APP0002967,PR0013507,2026-06-11,BR005,AO019,Kredit Konsumtif,Konsumtif,146500000,18.0,18
DSB0001805,APP0002970,PR0013526,2025-12-01,BR001,AO002,Kredit Konsumtif,Konsumtif,147000000,18.0,36
DSB0001806,APP0002971,PR0013527,2025-12-15,BR007,AO027,Kredit Konsumtif,Konsumtif,98000000,18.0,18
DSB0001807,APP0002972,PR0013529,2025-08-28,BR007,AO028,Kredit Payroll,Payroll,93500000,15.5,24
DSB0001808,APP0002973,PR0013549,2026-05-27,BR002,AO008,Kredit Konsumtif,Konsumtif,143000000,18.0,36
DSB0001809,APP0002976,PR0013561,2025-12-09,BR001,AO002,Kredit Payroll,Payroll,140500000,15.5,60
DSB0001810,APP0002981,PR0013571,2025-10-29,BR007,AO026,Kredit Mikro,Mikro,28000000,21.0,12
DSB0001811,APP0002982,PR0013573,2026-01-11,BR005,AO020,Kredit Produktif SME,SME,189000000,19.0,12
DSB0001812,APP0002983,PR0013583,2026-05-31,BR002,AO005,Kredit Mikro,Mikro,95500000,21.0,24
DSB0001813,APP0002984,PR0013590,2026-01-30,BR001,AO004,Kredit Mikro,Mikro,28000000,21.0,24
DSB0001814,APP0002988,PR0013599,2026-05-31,BR005,AO018,Kredit Mikro,Mikro,27500000,21.0,12
DSB0001815,APP0002990,PR0013609,2026-03-09,BR002,AO008,Kredit Konsumtif,Konsumtif,69500000,18.0,24
DSB0001816,APP0002991,PR0013610,2026-03-18,BR006,AO021,Kredit Produktif SME,SME,735000000,19.0,12
DSB0001817,APP0002993,PR0013618,2025-12-01,BR004,AO015,Kredit Payroll,Payroll,70500000,15.5,24
DSB0001818,APP0002995,PR0013626,2025-11-30,BR005,AO017,Kredit Konsumtif,Konsumtif,144500000,18.0,24
DSB0001819,APP0002996,PR0013627,2025-12-24,BR003,AO009,Kredit Payroll,Payroll,93500000,15.5,12
DSB0001820,APP0002997,PR0013636,2025-09-18,BR005,AO017,Kredit Payroll,Payroll,149000000,15.5,24
DSB0001821,APP0002999,PR0013643,2026-06-10,BR007,AO025,Kredit Konsumtif,Konsumtif,48500000,18.0,24
DSB0001822,APP0003000,PR0013651,2025-11-10,BR001,AO003,Kredit Konsumtif,Konsumtif,49500000,18.0,36
DSB0001823,APP0003001,PR0013653,2025-12-31,BR007,AO025,Kredit Produktif SME,SME,92500000,19.0,12
DSB0001824,APP0003004,PR0013669,2025-07-24,BR006,AO021,Kredit Payroll,Payroll,144500000,15.5,36
DSB0001825,APP0003006,PR0013671,2025-12-21,BR005,AO017,Kredit Konsumtif,Konsumtif,138500000,18.0,12
DSB0001826,APP0003008,PR0013673,2025-07-31,BR002,AO007,Kredit Konsumtif,Konsumtif,48000000,18.0,18
DSB0001827,APP0003009,PR0013675,2026-04-28,BR006,AO021,Kredit Konsumtif,Konsumtif,70500000,18.0,12
DSB0001828,APP0003010,PR0013679,2025-09-26,BR004,AO013,Kredit Mikro,Mikro,95500000,21.0,24
DSB0001829,APP0003011,PR0013683,2026-02-21,BR003,AO009,Kredit Payroll,Payroll,186500000,15.5,24
DSB0001830,APP0003014,PR0013689,2025-10-16,BR004,AO014,Kredit Payroll,Payroll,92500000,15.5,24
DSB0001831,APP0003016,PR0013694,2026-06-23,BR002,AO006,Kredit Payroll,Payroll,190500000,15.5,24
DSB0001832,APP0003017,PR0013699,2025-08-23,BR004,AO014,Kredit Payroll,Payroll,73500000,15.5,24
DSB0001833,APP0003019,PR0013707,2026-03-03,BR003,AO012,Kredit Produktif SME,SME,290500000,19.0,24
DSB0001834,APP0003020,PR0013710,2025-08-19,BR001,AO003,Kredit Konsumtif,Konsumtif,97000000,18.0,12
DSB0001835,APP0003022,PR0013720,2026-05-23,BR001,AO002,Kredit Produktif SME,SME,191000000,19.0,24
DSB0001836,APP0003026,PR0013743,2026-03-31,BR001,AO003,Kredit Mikro,Mikro,98000000,21.0,36
DSB0001837,APP0003027,PR0013750,2025-10-25,BR005,AO020,Kredit Produktif SME,SME,281500000,19.0,48
DSB0001838,APP0003028,PR0013754,2026-03-31,BR002,AO006,Kredit Mikro,Mikro,47000000,21.0,18
DSB0001839,APP0003029,PR0013760,2025-10-31,BR003,AO010,Kredit Produktif SME,SME,957500000,19.0,12
DSB0001840,APP0003031,PR0013764,2025-12-12,BR007,AO027,Kredit Payroll,Payroll,148000000,15.5,12
DSB0001841,APP0003032,PR0013769,2025-10-31,BR004,AO013,Kredit Konsumtif,Konsumtif,49500000,18.0,36
DSB0001842,APP0003034,PR0013780,2025-07-25,BR002,AO005,Kredit Mikro,Mikro,69500000,21.0,12
DSB0001843,APP0003036,PR0013789,2025-10-27,BR002,AO006,Kredit Konsumtif,Konsumtif,123500000,18.0,18
DSB0001844,APP0003037,PR0013791,2026-07-01,BR003,AO012,Kredit Mikro,Mikro,74000000,21.0,36
DSB0001845,APP0003042,PR0013817,2026-04-15,BR007,AO028,Kredit Payroll,Payroll,49000000,15.5,48
DSB0001846,APP0003043,PR0013828,2025-10-01,BR007,AO028,Kredit Produktif SME,SME,705500000,19.0,48
DSB0001847,APP0003044,PR0013832,2026-03-31,BR002,AO006,Kredit Konsumtif,Konsumtif,71000000,18.0,18
DSB0001848,APP0003045,PR0013835,2025-08-31,BR001,AO001,Kredit Konsumtif,Konsumtif,138500000,18.0,36
DSB0001849,APP0003046,PR0013843,2025-08-31,BR006,AO022,Kredit Mikro,Mikro,73500000,21.0,12
DSB0001850,APP0003047,PR0013852,2025-10-01,BR003,AO009,Kredit Konsumtif,Konsumtif,92500000,18.0,36
DSB0001851,APP0003049,PR0013860,2025-12-29,BR005,AO018,Kredit Produktif SME,SME,470500000,19.0,48
DSB0001852,APP0003051,PR0013865,2025-10-23,BR003,AO010,Kredit Konsumtif,Konsumtif,93000000,18.0,36
DSB0001853,APP0003053,PR0013872,2026-04-22,BR002,AO008,Kredit Payroll,Payroll,145500000,15.5,24
DSB0001854,APP0003054,PR0013873,2025-11-22,BR006,AO024,Kredit Konsumtif,Konsumtif,47000000,18.0,18
DSB0001855,APP0003057,PR0013888,2025-08-31,BR003,AO012,Kredit Konsumtif,Konsumtif,29000000,18.0,12
DSB0001856,APP0003058,PR0013897,2026-04-12,BR006,AO023,Kredit Payroll,Payroll,49000000,15.5,48
DSB0001857,APP0003059,PR0013904,2025-07-14,BR001,AO004,Kredit Konsumtif,Konsumtif,28500000,18.0,36
DSB0001858,APP0003061,PR0013923,2026-02-15,BR007,AO026,Kredit Mikro,Mikro,19500000,21.0,36
DSB0001859,APP0003064,PR0013932,2026-03-25,BR003,AO010,Kredit Payroll,Payroll,97000000,15.5,36
DSB0001860,APP0003065,PR0013944,2025-12-26,BR002,AO008,Kredit Mikro,Mikro,46500000,21.0,18
DSB0001861,APP0003067,PR0013959,2026-01-31,BR002,AO005,Kredit Payroll,Payroll,96500000,15.5,24
DSB0001862,APP0003069,PR0013963,2025-10-13,BR003,AO011,Kredit Payroll,Payroll,99500000,15.5,60
DSB0001863,APP0003071,PR0013969,2025-11-21,BR005,AO017,Kredit Konsumtif,Konsumtif,27500000,18.0,36
DSB0001864,APP0003074,PR0013988,2025-08-31,BR001,AO004,Kredit Konsumtif,Konsumtif,28500000,18.0,24
DSB0001865,APP0003075,PR0013993,2026-02-16,BR005,AO019,Kredit Mikro,Mikro,28500000,21.0,24
DSB0001866,APP0003076,PR0014001,2025-11-13,BR007,AO027,Kredit Mikro,Mikro,98000000,21.0,36
DSB0001867,APP0003077,PR0014002,2025-11-12,BR005,AO018,Kredit Konsumtif,Konsumtif,46500000,18.0,36
DSB0001868,APP0003078,PR0014005,2026-04-05,BR001,AO003,Kredit Konsumtif,Konsumtif,145500000,18.0,24
DSB0001869,APP0003079,PR0014006,2025-08-30,BR002,AO006,Kredit Produktif SME,SME,92500000,19.0,24
DSB0001870,APP0003081,PR0014010,2026-06-13,BR005,AO017,Kredit Payroll,Payroll,97000000,15.5,36
DSB0001871,APP0003082,PR0014019,2026-04-25,BR004,AO013,Kredit Produktif SME,SME,96000000,19.0,24
DSB0001872,APP0003083,PR0014020,2026-03-22,BR005,AO019,Kredit Konsumtif,Konsumtif,98000000,18.0,36
DSB0001873,APP0003085,PR0014025,2025-12-01,BR004,AO014,Kredit Konsumtif,Konsumtif,75000000,18.0,12
DSB0001874,APP0003087,PR0014030,2025-12-20,BR001,AO003,Kredit Konsumtif,Konsumtif,48500000,18.0,12
DSB0001875,APP0003088,PR0014035,2025-07-22,BR005,AO017,Kredit Produktif SME,SME,293000000,19.0,36
DSB0001876,APP0003089,PR0014042,2025-10-26,BR003,AO009,Kredit Payroll,Payroll,46500000,15.5,12
DSB0001877,APP0003090,PR0014049,2025-12-24,BR007,AO027,Kredit Payroll,Payroll,74000000,15.5,36
DSB0001878,APP0003092,PR0014060,2026-01-31,BR004,AO013,Kredit Konsumtif,Konsumtif,142000000,18.0,36
DSB0001879,APP0003093,PR0014070,2025-10-27,BR005,AO018,Kredit Mikro,Mikro,72500000,21.0,12
DSB0001880,APP0003096,PR0014080,2026-04-29,BR003,AO011,Kredit Konsumtif,Konsumtif,139500000,18.0,12
DSB0001881,APP0003097,PR0014081,2026-01-25,BR001,AO003,Kredit Payroll,Payroll,93000000,15.5,60
DSB0001882,APP0003098,PR0014082,2026-02-22,BR002,AO005,Kredit Mikro,Mikro,29500000,21.0,24
DSB0001883,APP0003100,PR0014088,2026-02-23,BR002,AO006,Kredit Produktif SME,SME,146000000,19.0,60
DSB0001884,APP0003105,PR0014135,2025-09-26,BR005,AO017,Kredit Produktif SME,SME,191500000,19.0,36
DSB0001885,APP0003106,PR0014136,2026-03-25,BR001,AO003,Kredit Produktif SME,SME,464500000,19.0,24
DSB0001886,APP0003108,PR0014147,2026-06-16,BR007,AO026,Kredit Konsumtif,Konsumtif,73500000,18.0,24
DSB0001887,APP0003109,PR0014151,2026-05-31,BR002,AO008,Kredit Konsumtif,Konsumtif,74000000,18.0,12
DSB0001888,APP0003113,PR0014167,2026-05-15,BR006,AO022,Kredit Produktif SME,SME,146000000,19.0,12
DSB0001889,APP0003114,PR0014169,2025-12-31,BR006,AO022,Kredit Konsumtif,Konsumtif,139000000,18.0,36
DSB0001890,APP0003115,PR0014171,2025-07-31,BR001,AO003,Kredit Konsumtif,Konsumtif,71000000,18.0,36
DSB0001891,APP0003116,PR0014175,2025-10-23,BR006,AO021,Kredit Payroll,Payroll,74000000,15.5,12
DSB0001892,APP0003119,PR0014194,2026-05-01,BR004,AO016,Kredit Konsumtif,Konsumtif,147000000,18.0,24
DSB0001893,APP0003120,PR0014198,2025-09-07,BR003,AO010,Kredit Payroll,Payroll,143500000,15.5,60
DSB0001894,APP0003121,PR0014208,2025-12-08,BR003,AO012,Kredit Produktif SME,SME,198000000,19.0,12
DSB0001895,APP0003123,PR0014214,2025-11-22,BR007,AO026,Kredit Payroll,Payroll,196000000,15.5,36
DSB0001896,APP0003124,PR0014225,2025-11-16,BR005,AO018,Kredit Mikro,Mikro,48000000,21.0,12
DSB0001897,APP0003125,PR0014227,2025-11-17,BR001,AO001,Kredit Mikro,Mikro,46500000,21.0,18
DSB0001898,APP0003127,PR0014234,2025-12-01,BR001,AO003,Kredit Konsumtif,Konsumtif,49500000,18.0,18
DSB0001899,APP0003128,PR0014235,2026-05-31,BR005,AO017,Kredit Konsumtif,Konsumtif,94000000,18.0,12
DSB0001900,APP0003129,PR0014237,2026-04-24,BR002,AO005,Kredit Payroll,Payroll,146000000,15.5,60
DSB0001901,APP0003130,PR0014238,2025-09-29,BR005,AO017,Kredit Konsumtif,Konsumtif,95000000,18.0,12
DSB0001902,APP0003131,PR0014250,2026-07-01,BR002,AO007,Kredit Konsumtif,Konsumtif,149500000,18.0,18
DSB0001903,APP0003132,PR0014251,2026-06-09,BR003,AO009,Kredit Konsumtif,Konsumtif,123500000,18.0,24
DSB0001904,APP0003133,PR0014254,2026-02-26,BR001,AO003,Kredit Konsumtif,Konsumtif,47500000,18.0,24
DSB0001905,APP0003136,PR0014261,2026-03-23,BR006,AO021,Kredit Produktif SME,SME,94000000,19.0,12
DSB0001906,APP0003137,PR0014265,2025-08-31,BR001,AO003,Kredit Payroll,Payroll,199000000,15.5,36
DSB0001907,APP0003140,PR0014280,2026-01-27,BR002,AO006,Kredit Mikro,Mikro,97500000,21.0,12
DSB0001908,APP0003141,PR0014284,2025-12-23,BR002,AO006,Kredit Payroll,Payroll,93000000,15.5,36
DSB0001909,APP0003142,PR0014286,2026-04-15,BR002,AO006,Kredit Payroll,Payroll,69000000,15.5,36
DSB0001910,APP0003143,PR0014301,2026-02-16,BR007,AO028,Kredit Produktif SME,SME,740500000,19.0,60
DSB0001911,APP0003144,PR0014302,2026-06-19,BR006,AO023,Kredit Konsumtif,Konsumtif,118500000,18.0,12
DSB0001912,APP0003148,PR0014324,2025-10-10,BR001,AO003,Kredit Mikro,Mikro,96500000,21.0,18
DSB0001913,APP0003150,PR0014334,2026-03-29,BR002,AO008,Kredit Payroll,Payroll,71000000,15.5,12
DSB0001914,APP0003151,PR0014336,2026-04-13,BR003,AO010,Kredit Payroll,Payroll,197000000,15.5,48
DSB0001915,APP0003152,PR0014340,2025-12-31,BR005,AO020,Kredit Produktif SME,SME,193000000,19.0,36
DSB0001916,APP0003153,PR0014344,2025-08-27,BR005,AO019,Kredit Produktif SME,SME,299000000,19.0,60
DSB0001917,APP0003157,PR0014352,2025-09-27,BR002,AO006,Kredit Produktif SME,SME,694500000,19.0,12
DSB0001918,APP0003158,PR0014356,2025-10-01,BR001,AO002,Kredit Produktif SME,SME,95000000,19.0,48
DSB0001919,APP0003160,PR0014362,2025-08-11,BR002,AO007,Kredit Produktif SME,SME,282500000,19.0,48
DSB0001920,APP0003161,PR0014370,2026-03-02,BR002,AO006,Kredit Payroll,Payroll,92000000,15.5,36
DSB0001921,APP0003162,PR0014377,2025-12-19,BR001,AO001,Kredit Produktif SME,SME,728500000,19.0,24
DSB0001922,APP0003163,PR0014379,2025-10-13,BR001,AO004,Kredit Payroll,Payroll,47000000,15.5,24
DSB0001923,APP0003164,PR0014383,2026-05-27,BR006,AO021,Kredit Payroll,Payroll,75000000,15.5,24
DSB0001924,APP0003165,PR0014400,2025-12-21,BR001,AO001,Kredit Mikro,Mikro,27500000,21.0,18
DSB0001925,APP0003167,PR0014410,2026-01-24,BR005,AO020,Kredit Payroll,Payroll,49500000,15.5,48
DSB0001926,APP0003168,PR0014413,2025-10-13,BR007,AO028,Kredit Produktif SME,SME,733000000,19.0,60
DSB0001927,APP0003170,PR0014418,2026-04-20,BR004,AO015,Kredit Konsumtif,Konsumtif,96000000,18.0,24
DSB0001928,APP0003171,PR0014437,2025-11-28,BR007,AO027,Kredit Mikro,Mikro,70500000,21.0,36
DSB0001929,APP0003172,PR0014440,2026-05-31,BR005,AO017,Kredit Payroll,Payroll,191500000,15.5,60
DSB0001930,APP0003173,PR0014442,2026-03-03,BR001,AO003,Kredit Produktif SME,SME,485500000,19.0,48
DSB0001931,APP0003174,PR0014445,2026-01-22,BR003,AO011,Kredit Produktif SME,SME,731500000,19.0,60
DSB0001932,APP0003175,PR0014455,2025-08-30,BR007,AO027,Kredit Mikro,Mikro,73000000,21.0,18
DSB0001933,APP0003177,PR0014466,2026-05-15,BR001,AO001,Kredit Mikro,Mikro,72000000,21.0,18
DSB0001934,APP0003181,PR0014486,2025-08-31,BR002,AO007,Kredit Produktif SME,SME,464500000,19.0,60
DSB0001935,APP0003182,PR0014491,2026-05-07,BR002,AO007,Kredit Konsumtif,Konsumtif,94500000,18.0,18
DSB0001936,APP0003183,PR0014495,2025-11-10,BR004,AO016,Kredit Konsumtif,Konsumtif,49000000,18.0,24
DSB0001937,APP0003184,PR0014498,2026-04-11,BR001,AO003,Kredit Konsumtif,Konsumtif,118000000,18.0,18
DSB0001938,APP0003186,PR0014506,2025-12-31,BR006,AO024,Kredit Konsumtif,Konsumtif,49500000,18.0,12
DSB0001939,APP0003187,PR0014510,2026-03-03,BR006,AO024,Kredit Mikro,Mikro,49500000,21.0,18
DSB0001940,APP0003190,PR0014517,2025-07-24,BR001,AO002,Kredit Produktif SME,SME,293000000,19.0,12
DSB0001941,APP0003191,PR0014519,2026-03-22,BR002,AO006,Kredit Payroll,Payroll,48000000,15.5,60
DSB0001942,APP0003192,PR0014525,2026-04-21,BR001,AO004,Kredit Konsumtif,Konsumtif,146000000,18.0,24
DSB0001943,APP0003193,PR0014530,2026-01-25,BR007,AO026,Kredit Payroll,Payroll,71500000,15.5,12
DSB0001944,APP0003194,PR0014539,2026-01-17,BR002,AO006,Kredit Mikro,Mikro,94500000,21.0,18
DSB0001945,APP0003196,PR0014543,2026-02-20,BR002,AO005,Kredit Mikro,Mikro,97000000,21.0,36
DSB0001946,APP0003197,PR0014544,2026-06-29,BR001,AO002,Kredit Konsumtif,Konsumtif,97000000,18.0,36
DSB0001947,APP0003198,PR0014546,2026-05-18,BR005,AO019,Kredit Payroll,Payroll,142000000,15.5,24
DSB0001948,APP0003199,PR0014549,2025-11-20,BR005,AO020,Kredit Mikro,Mikro,48000000,21.0,12
DSB0001949,APP0003200,PR0014552,2026-01-31,BR005,AO020,Kredit Mikro,Mikro,46500000,21.0,36
DSB0001950,APP0003201,PR0014554,2025-08-08,BR004,AO013,Kredit Produktif SME,SME,994500000,19.0,48
DSB0001951,APP0003203,PR0014557,2026-05-23,BR001,AO003,Kredit Konsumtif,Konsumtif,46500000,18.0,12
DSB0001952,APP0003204,PR0014559,2026-03-31,BR007,AO027,Kredit Produktif SME,SME,949000000,19.0,60
DSB0001953,APP0003209,PR0014586,2026-07-01,BR007,AO027,Kredit Konsumtif,Konsumtif,29500000,18.0,18
DSB0001954,APP0003210,PR0014587,2026-05-01,BR002,AO007,Kredit Payroll,Payroll,145500000,15.5,48
DSB0001955,APP0003212,PR0014591,2025-09-26,BR001,AO002,Kredit Payroll,Payroll,149500000,15.5,60
DSB0001956,APP0003213,PR0014592,2026-05-31,BR002,AO006,Kredit Mikro,Mikro,30000000,21.0,12
DSB0001957,APP0003215,PR0014600,2026-04-12,BR001,AO004,Kredit Konsumtif,Konsumtif,46500000,18.0,24
DSB0001958,APP0003217,PR0014609,2026-05-27,BR003,AO011,Kredit Konsumtif,Konsumtif,96500000,18.0,12
DSB0001959,APP0003219,PR0014627,2025-07-22,BR002,AO006,Kredit Mikro,Mikro,29000000,21.0,12
DSB0001960,APP0003221,PR0014647,2026-02-28,BR001,AO001,Kredit Konsumtif,Konsumtif,149000000,18.0,18
DSB0001961,APP0003222,PR0014651,2026-05-31,BR003,AO009,Kredit Payroll,Payroll,146500000,15.5,24
DSB0001962,APP0003228,PR0014668,2026-01-21,BR003,AO011,Kredit Konsumtif,Konsumtif,118000000,18.0,12
DSB0001963,APP0003230,PR0014672,2026-01-17,BR006,AO024,Kredit Mikro,Mikro,29000000,21.0,18
DSB0001964,APP0003231,PR0014681,2025-10-11,BR003,AO012,Kredit Konsumtif,Konsumtif,95000000,18.0,24
DSB0001965,APP0003233,PR0014683,2025-07-18,BR006,AO022,Kredit Mikro,Mikro,18500000,21.0,12
DSB0001966,APP0003234,PR0014684,2025-07-31,BR001,AO001,Kredit Payroll,Payroll,70500000,15.5,36
DSB0001967,APP0003235,PR0014697,2026-03-02,BR003,AO010,Kredit Mikro,Mikro,19500000,21.0,24
DSB0001968,APP0003239,PR0014712,2025-09-20,BR002,AO005,Kredit Konsumtif,Konsumtif,72500000,18.0,12
DSB0001969,APP0003240,PR0014714,2026-07-01,BR007,AO028,Kredit Payroll,Payroll,94500000,15.5,48
DSB0001970,APP0003241,PR0014718,2025-09-16,BR007,AO026,Kredit Payroll,Payroll,48000000,15.5,48
DSB0001971,APP0003242,PR0014722,2026-03-31,BR006,AO021,Kredit Mikro,Mikro,29500000,21.0,36
DSB0001972,APP0003251,PR0014765,2025-12-26,BR002,AO006,Kredit Payroll,Payroll,100000000,15.5,60
DSB0001973,APP0003252,PR0014766,2026-03-30,BR002,AO005,Kredit Payroll,Payroll,70500000,15.5,48
DSB0001974,APP0003255,PR0014773,2025-12-01,BR004,AO013,Kredit Produktif SME,SME,197500000,19.0,48
DSB0001975,APP0003259,PR0014793,2025-12-17,BR002,AO006,Kredit Mikro,Mikro,73500000,21.0,24
DSB0001976,APP0003260,PR0014796,2025-09-24,BR004,AO014,Kredit Konsumtif,Konsumtif,28000000,18.0,12
DSB0001977,APP0003261,PR0014809,2025-07-31,BR005,AO019,Kredit Konsumtif,Konsumtif,27500000,18.0,24
DSB0001978,APP0003262,PR0014810,2026-02-13,BR001,AO003,Kredit Konsumtif,Konsumtif,100000000,18.0,36
DSB0001979,APP0003263,PR0014817,2025-12-01,BR002,AO007,Kredit Payroll,Payroll,147500000,15.5,36
DSB0001980,APP0003265,PR0014823,2026-05-01,BR004,AO013,Kredit Produktif SME,SME,92500000,19.0,36
DSB0001981,APP0003266,PR0014829,2026-03-03,BR001,AO003,Kredit Payroll,Payroll,50000000,15.5,48
DSB0001982,APP0003268,PR0014841,2025-09-12,BR005,AO020,Kredit Konsumtif,Konsumtif,28000000,18.0,12
DSB0001983,APP0003269,PR0014844,2025-12-01,BR007,AO025,Kredit Payroll,Payroll,197000000,15.5,60
DSB0001984,APP0003273,PR0014855,2025-08-31,BR005,AO018,Kredit Konsumtif,Konsumtif,139000000,18.0,12
DSB0001985,APP0003274,PR0014858,2025-12-01,BR002,AO008,Kredit Mikro,Mikro,47500000,21.0,12
DSB0001986,APP0003275,PR0014862,2026-03-17,BR006,AO021,Kredit Payroll,Payroll,146500000,15.5,48
DSB0001987,APP0003276,PR0014868,2026-05-31,BR007,AO027,Kredit Produktif SME,SME,485000000,19.0,48
DSB0001988,APP0003277,PR0014870,2026-05-29,BR006,AO023,Kredit Konsumtif,Konsumtif,50000000,18.0,12
DSB0001989,APP0003281,PR0014890,2026-04-13,BR005,AO018,Kredit Konsumtif,Konsumtif,46000000,18.0,12
DSB0001990,APP0003282,PR0014896,2025-10-21,BR002,AO005,Kredit Mikro,Mikro,28500000,21.0,36
DSB0001991,APP0003283,PR0014899,2025-08-09,BR001,AO002,Kredit Konsumtif,Konsumtif,97500000,18.0,36
DSB0001992,APP0003286,PR0014906,2025-12-21,BR003,AO011,Kredit Produktif SME,SME,933000000,19.0,60
DSB0001993,APP0003288,PR0014911,2025-07-13,BR001,AO004,Kredit Produktif SME,SME,94500000,19.0,24
DSB0001994,APP0003289,PR0014916,2025-09-29,BR004,AO016,Kredit Payroll,Payroll,191000000,15.5,12
DSB0001995,APP0003290,PR0014918,2025-08-15,BR006,AO023,Kredit Payroll,Payroll,139500000,15.5,48
DSB0001996,APP0003292,PR0014931,2025-07-18,BR002,AO006,Kredit Produktif SME,SME,746000000,19.0,24
DSB0001997,APP0003293,PR0014946,2026-01-17,BR006,AO024,Kredit Mikro,Mikro,19000000,21.0,18
DSB0001998,APP0003294,PR0014950,2025-08-31,BR005,AO020,Kredit Konsumtif,Konsumtif,48500000,18.0,12
DSB0001999,APP0003296,PR0014954,2026-05-24,BR004,AO013,Kredit Konsumtif,Konsumtif,115500000,18.0,36
DSB0002000,APP0003297,PR0014956,2025-11-11,BR002,AO006,Kredit Payroll,Payroll,194500000,15.5,48
DSB0002001,APP0003298,PR0014959,2025-09-21,BR002,AO008,Kredit Payroll,Payroll,146000000,15.5,12
DSB0002002,APP0003299,PR0014961,2026-05-24,BR002,AO008,Kredit Payroll,Payroll,74500000,15.5,48
DSB0002003,APP0003301,PR0014964,2026-06-16,BR005,AO020,Kredit Produktif SME,SME,278500000,19.0,48
DSB0002004,APP0003302,PR0014973,2025-10-13,BR004,AO015,Kredit Payroll,Payroll,149500000,15.5,60
DSB0002005,APP0003303,PR0014986,2026-03-02,BR003,AO011,Kredit Mikro,Mikro,19500000,21.0,36
DSB0002006,APP0003304,PR0014993,2025-09-21,BR001,AO004,Kredit Produktif SME,SME,292500000,19.0,24
DSB0002007,APP0003305,PR0014996,2026-05-21,BR001,AO001,Kredit Payroll,Payroll,148000000,15.5,36
DSB0002008,APP0003310,PR0015016,2025-12-13,BR006,AO024,Kredit Mikro,Mikro,28500000,21.0,24
DSB0002009,APP0003313,PR0015032,2025-07-27,BR003,AO010,Kredit Mikro,Mikro,19000000,21.0,24
DSB0002010,APP0003315,PR0015037,2026-02-26,BR002,AO007,Kredit Payroll,Payroll,145000000,15.5,60
DSB0002011,APP0003318,PR0015042,2026-02-26,BR005,AO018,Kredit Konsumtif,Konsumtif,48000000,18.0,18
DSB0002012,APP0003320,PR0015048,2025-08-18,BR003,AO010,Kredit Payroll,Payroll,48000000,15.5,12
DSB0002013,APP0003321,PR0015057,2025-10-31,BR002,AO008,Kredit Mikro,Mikro,93500000,21.0,12
DSB0002014,APP0003322,PR0015061,2025-12-26,BR001,AO003,Kredit Mikro,Mikro,97500000,21.0,36
DSB0002015,APP0003323,PR0015068,2026-05-14,BR002,AO008,Kredit Payroll,Payroll,74500000,15.5,12
DSB0002016,APP0003325,PR0015075,2025-11-22,BR002,AO007,Kredit Mikro,Mikro,74500000,21.0,12
DSB0002017,APP0003326,PR0015088,2025-10-24,BR003,AO010,Kredit Konsumtif,Konsumtif,116000000,18.0,12
DSB0002018,APP0003327,PR0015091,2025-09-18,BR002,AO006,Kredit Payroll,Payroll,49500000,15.5,24
DSB0002019,APP0003329,PR0015101,2025-08-19,BR007,AO027,Kredit Konsumtif,Konsumtif,29500000,18.0,24
DSB0002020,APP0003331,PR0015106,2026-01-31,BR002,AO007,Kredit Payroll,Payroll,73000000,15.5,36
DSB0002021,APP0003332,PR0015111,2025-10-22,BR002,AO006,Kredit Mikro,Mikro,29500000,21.0,24
DSB0002022,APP0003333,PR0015112,2026-03-01,BR006,AO021,Kredit Produktif SME,SME,484000000,19.0,36
DSB0002023,APP0003337,PR0015126,2025-10-01,BR005,AO018,Kredit Mikro,Mikro,20000000,21.0,18
DSB0002024,APP0003341,PR0015150,2026-05-28,BR002,AO008,Kredit Payroll,Payroll,193000000,15.5,12
DSB0002025,APP0003343,PR0015161,2026-03-20,BR005,AO017,Kredit Payroll,Payroll,146000000,15.5,36
DSB0002026,APP0003345,PR0015168,2025-10-14,BR006,AO021,Kredit Payroll,Payroll,70000000,15.5,36
DSB0002027,APP0003348,PR0015180,2026-01-17,BR007,AO028,Kredit Konsumtif,Konsumtif,96000000,18.0,24
DSB0002028,APP0003349,PR0015187,2025-07-11,BR004,AO015,Kredit Payroll,Payroll,145000000,15.5,48
DSB0002029,APP0003351,PR0015190,2025-07-17,BR007,AO027,Kredit Payroll,Payroll,50000000,15.5,36
DSB0002030,APP0003355,PR0015206,2025-10-20,BR002,AO007,Kredit Konsumtif,Konsumtif,146500000,18.0,36
DSB0002031,APP0003358,PR0015218,2026-04-30,BR001,AO002,Kredit Payroll,Payroll,141500000,15.5,36
DSB0002032,APP0003359,PR0015221,2026-05-21,BR001,AO002,Kredit Payroll,Payroll,195000000,15.5,60
DSB0002033,APP0003365,PR0015255,2026-05-13,BR001,AO001,Kredit Payroll,Payroll,145500000,15.5,24
DSB0002034,APP0003366,PR0015262,2025-11-22,BR006,AO022,Kredit Payroll,Payroll,188000000,15.5,36
DSB0002035,APP0003367,PR0015264,2026-03-21,BR003,AO010,Kredit Konsumtif,Konsumtif,71500000,18.0,36
DSB0002036,APP0003370,PR0015281,2025-12-01,BR001,AO003,Kredit Mikro,Mikro,47500000,21.0,18
DSB0002037,APP0003371,PR0015282,2026-03-01,BR007,AO026,Kredit Konsumtif,Konsumtif,46500000,18.0,12
DSB0002038,APP0003373,PR0015292,2026-02-24,BR003,AO011,Kredit Konsumtif,Konsumtif,124500000,18.0,36
DSB0002039,APP0003375,PR0015298,2026-07-01,BR005,AO020,Kredit Payroll,Payroll,148000000,15.5,12
DSB0002040,APP0003376,PR0015308,2025-09-11,BR001,AO003,Kredit Produktif SME,SME,198000000,19.0,60
DSB0002041,APP0003377,PR0015317,2026-03-01,BR006,AO023,Kredit Konsumtif,Konsumtif,48500000,18.0,12
DSB0002042,APP0003378,PR0015333,2026-05-15,BR002,AO006,Kredit Mikro,Mikro,96000000,21.0,36
DSB0002043,APP0003380,PR0015346,2025-08-31,BR006,AO022,Kredit Payroll,Payroll,47000000,15.5,36
DSB0002044,APP0003382,PR0015355,2025-10-24,BR004,AO014,Kredit Konsumtif,Konsumtif,141500000,18.0,36
DSB0002045,APP0003383,PR0015358,2025-11-27,BR007,AO027,Kredit Konsumtif,Konsumtif,116000000,18.0,12
DSB0002046,APP0003384,PR0015359,2026-05-19,BR005,AO018,Kredit Produktif SME,SME,144000000,19.0,24
DSB0002047,APP0003386,PR0015370,2025-08-20,BR003,AO011,Kredit Mikro,Mikro,27500000,21.0,12
DSB0002048,APP0003387,PR0015375,2026-04-08,BR001,AO002,Kredit Konsumtif,Konsumtif,149500000,18.0,36
DSB0002049,APP0003391,PR0015396,2026-03-31,BR001,AO004,Kredit Konsumtif,Konsumtif,48500000,18.0,36
DSB0002050,APP0003392,PR0015398,2026-06-22,BR004,AO014,Kredit Payroll,Payroll,195500000,15.5,48
DSB0002051,APP0003393,PR0015400,2026-05-27,BR005,AO018,Kredit Payroll,Payroll,94500000,15.5,36
DSB0002052,APP0003394,PR0015414,2026-07-01,BR006,AO021,Kredit Mikro,Mikro,49500000,21.0,12
DSB0002053,APP0003395,PR0015415,2025-10-13,BR006,AO024,Kredit Mikro,Mikro,71000000,21.0,24
DSB0002054,APP0003396,PR0015423,2026-03-15,BR001,AO002,Kredit Mikro,Mikro,18500000,21.0,36
DSB0002055,APP0003397,PR0015426,2026-05-17,BR003,AO009,Kredit Mikro,Mikro,19000000,21.0,12
DSB0002056,APP0003398,PR0015432,2025-07-17,BR001,AO003,Kredit Mikro,Mikro,47500000,21.0,24
DSB0002057,APP0003399,PR0015439,2025-11-13,BR002,AO007,Kredit Konsumtif,Konsumtif,48500000,18.0,12
DSB0002058,APP0003403,PR0015451,2025-11-16,BR001,AO001,Kredit Mikro,Mikro,49500000,21.0,24
DSB0002059,APP0003406,PR0015458,2025-10-01,BR002,AO008,Kredit Produktif SME,SME,142500000,19.0,48
DSB0002060,APP0003407,PR0015461,2026-02-27,BR002,AO006,Kredit Payroll,Payroll,97500000,15.5,48
DSB0002061,APP0003408,PR0015470,2025-09-26,BR005,AO018,Kredit Konsumtif,Konsumtif,93500000,18.0,18
DSB0002062,APP0003409,PR0015481,2025-10-31,BR003,AO011,Kredit Konsumtif,Konsumtif,48000000,18.0,12
DSB0002063,APP0003411,PR0015488,2025-07-19,BR002,AO008,Kredit Konsumtif,Konsumtif,119000000,18.0,24
DSB0002064,APP0003412,PR0015489,2025-12-01,BR003,AO012,Kredit Konsumtif,Konsumtif,148000000,18.0,24
DSB0002065,APP0003414,PR0015492,2025-11-13,BR007,AO027,Kredit Konsumtif,Konsumtif,48000000,18.0,36
DSB0002066,APP0003415,PR0015493,2026-01-28,BR001,AO003,Kredit Payroll,Payroll,192000000,15.5,60
DSB0002067,APP0003416,PR0015497,2026-03-02,BR007,AO027,Kredit Mikro,Mikro,29500000,21.0,24
DSB0002068,APP0003417,PR0015498,2026-06-30,BR003,AO010,Kredit Payroll,Payroll,46000000,15.5,60
DSB0002069,APP0003418,PR0015516,2026-05-27,BR001,AO004,Kredit Payroll,Payroll,72000000,15.5,36
DSB0002070,APP0003420,PR0015520,2026-03-03,BR002,AO006,Kredit Produktif SME,SME,285500000,19.0,12
DSB0002071,APP0003423,PR0015533,2025-07-23,BR007,AO025,Kredit Produktif SME,SME,142000000,19.0,24
DSB0002072,APP0003424,PR0015536,2026-04-16,BR003,AO009,Kredit Produktif SME,SME,145500000,19.0,12
DSB0002073,APP0003427,PR0015543,2025-07-31,BR001,AO004,Kredit Payroll,Payroll,46500000,15.5,60
DSB0002074,APP0003428,PR0015545,2026-01-26,BR007,AO028,Kredit Konsumtif,Konsumtif,48500000,18.0,18
DSB0002075,APP0003433,PR0015562,2025-07-31,BR003,AO009,Kredit Payroll,Payroll,50000000,15.5,24
DSB0002076,APP0003436,PR0015577,2025-10-13,BR004,AO013,Kredit Payroll,Payroll,197000000,15.5,48
DSB0002077,APP0003440,PR0015599,2025-08-13,BR001,AO001,Kredit Produktif SME,SME,188000000,19.0,24
DSB0002078,APP0003441,PR0015603,2026-03-17,BR006,AO022,Kredit Produktif SME,SME,196500000,19.0,12
DSB0002079,APP0003442,PR0015611,2026-04-20,BR002,AO006,Kredit Konsumtif,Konsumtif,93000000,18.0,18
DSB0002080,APP0003443,PR0015612,2026-03-31,BR004,AO014,Kredit Payroll,Payroll,143000000,15.5,48
DSB0002081,APP0003447,PR0015631,2026-01-27,BR005,AO018,Kredit Konsumtif,Konsumtif,124000000,18.0,12
DSB0002082,APP0003448,PR0015640,2026-01-20,BR001,AO004,Kredit Konsumtif,Konsumtif,73000000,18.0,36
DSB0002083,APP0003453,PR0015650,2025-10-29,BR006,AO024,Kredit Konsumtif,Konsumtif,71500000,18.0,36
DSB0002084,APP0003454,PR0015651,2026-03-31,BR005,AO019,Kredit Konsumtif,Konsumtif,70000000,18.0,24
DSB0002085,APP0003455,PR0015659,2026-04-27,BR003,AO011,Kredit Konsumtif,Konsumtif,70500000,18.0,12
DSB0002086,APP0003456,PR0015660,2025-11-15,BR001,AO004,Kredit Mikro,Mikro,94000000,21.0,12
DSB0002087,APP0003457,PR0015672,2026-02-23,BR007,AO027,Kredit Konsumtif,Konsumtif,29000000,18.0,18
DSB0002088,APP0003458,PR0015679,2026-01-13,BR007,AO026,Kredit Konsumtif,Konsumtif,116000000,18.0,18
DSB0002089,APP0003462,PR0015704,2026-05-01,BR003,AO010,Kredit Payroll,Payroll,49000000,15.5,12
DSB0002090,APP0003464,PR0015717,2025-09-25,BR006,AO023,Kredit Mikro,Mikro,96000000,21.0,18
DSB0002091,APP0003465,PR0015730,2025-12-21,BR007,AO026,Kredit Konsumtif,Konsumtif,98000000,18.0,36
DSB0002092,APP0003466,PR0015733,2026-01-19,BR003,AO009,Kredit Payroll,Payroll,192000000,15.5,36
DSB0002093,APP0003467,PR0015734,2025-07-27,BR006,AO022,Kredit Payroll,Payroll,48000000,15.5,24
DSB0002094,APP0003470,PR0015745,2026-04-28,BR007,AO025,Kredit Konsumtif,Konsumtif,117000000,18.0,12
DSB0002095,APP0003472,PR0015752,2025-09-19,BR004,AO014,Kredit Mikro,Mikro,69000000,21.0,12
DSB0002096,APP0003473,PR0015758,2026-05-31,BR004,AO013,Kredit Mikro,Mikro,29500000,21.0,12
DSB0002097,APP0003474,PR0015760,2026-07-01,BR006,AO021,Kredit Konsumtif,Konsumtif,92500000,18.0,18
DSB0002098,APP0003475,PR0015765,2026-01-18,BR005,AO018,Kredit Produktif SME,SME,495000000,19.0,60
DSB0002099,APP0003476,PR0015769,2026-03-31,BR002,AO006,Kredit Mikro,Mikro,98500000,21.0,36
DSB0002100,APP0003478,PR0015784,2026-04-20,BR002,AO008,Kredit Konsumtif,Konsumtif,48000000,18.0,12
DSB0002101,APP0003479,PR0015793,2025-12-27,BR007,AO026,Kredit Konsumtif,Konsumtif,122000000,18.0,18
DSB0002102,APP0003480,PR0015799,2025-10-11,BR004,AO013,Kredit Konsumtif,Konsumtif,28000000,18.0,36
DSB0002103,APP0003481,PR0015802,2025-10-15,BR006,AO022,Kredit Produktif SME,SME,699500000,19.0,36
DSB0002104,APP0003482,PR0015820,2025-10-21,BR001,AO003,Kredit Produktif SME,SME,720000000,19.0,24
DSB0002105,APP0003483,PR0015823,2026-05-31,BR001,AO002,Kredit Konsumtif,Konsumtif,138500000,18.0,12
DSB0002106,APP0003484,PR0015843,2025-10-26,BR002,AO008,Kredit Payroll,Payroll,74500000,15.5,48
DSB0002107,APP0003485,PR0015847,2025-08-31,BR003,AO012,Kredit Konsumtif,Konsumtif,48000000,18.0,24
DSB0002108,APP0003488,PR0015872,2025-07-31,BR001,AO004,Kredit Produktif SME,SME,93000000,19.0,12
DSB0002109,APP0003489,PR0015886,2026-01-25,BR006,AO021,Kredit Payroll,Payroll,48500000,15.5,24
DSB0002110,APP0003490,PR0015887,2025-11-25,BR003,AO009,Kredit Mikro,Mikro,19000000,21.0,12
DSB0002111,APP0003491,PR0015890,2025-07-21,BR007,AO027,Kredit Mikro,Mikro,29000000,21.0,24
DSB0002112,APP0003492,PR0015893,2025-07-31,BR002,AO007,Kredit Konsumtif,Konsumtif,29000000,18.0,12
DSB0002113,APP0003493,PR0015896,2025-07-15,BR007,AO028,Kredit Payroll,Payroll,141500000,15.5,36
DSB0002114,APP0003496,PR0015905,2025-07-31,BR002,AO008,Kredit Konsumtif,Konsumtif,99500000,18.0,18
DSB0002115,APP0003498,PR0015915,2025-12-20,BR003,AO011,Kredit Konsumtif,Konsumtif,29000000,18.0,12
DSB0002116,APP0003499,PR0015919,2025-11-09,BR006,AO021,Kredit Payroll,Payroll,48500000,15.5,12
DSB0002117,APP0003500,PR0015920,2026-02-10,BR003,AO010,Kredit Konsumtif,Konsumtif,95500000,18.0,12
DSB0002118,APP0003501,PR0015922,2026-01-31,BR004,AO015,Kredit Produktif SME,SME,300000000,19.0,60
DSB0002119,APP0003505,PR0015941,2025-08-31,BR005,AO020,Kredit Konsumtif,Konsumtif,118000000,18.0,24
DSB0002120,APP0003509,PR0015957,2025-10-25,BR007,AO027,Kredit Produktif SME,SME,184000000,19.0,60
DSB0002121,APP0003512,PR0015967,2026-07-01,BR004,AO013,Kredit Payroll,Payroll,47500000,15.5,48
DSB0002122,APP0003513,PR0015975,2026-03-31,BR006,AO023,Kredit Payroll,Payroll,99500000,15.5,60
DSB0002123,APP0003515,PR0015984,2026-06-13,BR006,AO024,Kredit Payroll,Payroll,142000000,15.5,48
DSB0002124,APP0003518,PR0015989,2026-02-24,BR001,AO003,Kredit Produktif SME,SME,140500000,19.0,12
DSB0002125,APP0003519,PR0015992,2026-05-14,BR001,AO002,Kredit Payroll,Payroll,69500000,15.5,48
DSB0002126,APP0003520,PR0015993,2026-05-25,BR003,AO012,Kredit Payroll,Payroll,143000000,15.5,36
DSB0002127,APP0003523,PR0015998,2026-01-24,BR003,AO010,Kredit Konsumtif,Konsumtif,28000000,18.0,24
DSB0002128,APP0003524,PR0016000,2025-08-17,BR005,AO020,Kredit Produktif SME,SME,712500000,19.0,60
DSB0002129,APP0003525,PR0016001,2026-03-14,BR001,AO001,Kredit Mikro,Mikro,20000000,21.0,18
DSB0002130,APP0003527,PR0016008,2026-02-18,BR001,AO001,Kredit Konsumtif,Konsumtif,46500000,18.0,18
DSB0002131,APP0003529,PR0016013,2025-09-11,BR007,AO025,Kredit Payroll,Payroll,186500000,15.5,36
DSB0002132,APP0003530,PR0016014,2026-03-20,BR004,AO013,Kredit Payroll,Payroll,192500000,15.5,36
DSB0002133,APP0003532,PR0016021,2026-01-31,BR001,AO003,Kredit Payroll,Payroll,50000000,15.5,12
DSB0002134,APP0003533,PR0016027,2026-03-13,BR004,AO013,Kredit Mikro,Mikro,47000000,21.0,18
DSB0002135,APP0003536,PR0016034,2026-01-18,BR001,AO001,Kredit Konsumtif,Konsumtif,28500000,18.0,12
DSB0002136,APP0003537,PR0016046,2026-03-03,BR002,AO005,Kredit Payroll,Payroll,147000000,15.5,48
DSB0002137,APP0003538,PR0016049,2025-07-28,BR004,AO013,Kredit Konsumtif,Konsumtif,122000000,18.0,12
DSB0002138,APP0003540,PR0016065,2025-10-16,BR001,AO001,Kredit Konsumtif,Konsumtif,49000000,18.0,18
DSB0002139,APP0003541,PR0016066,2026-02-10,BR005,AO017,Kredit Mikro,Mikro,28500000,21.0,36
DSB0002140,APP0003544,PR0016076,2026-01-31,BR001,AO002,Kredit Konsumtif,Konsumtif,98500000,18.0,36
DSB0002141,APP0003547,PR0016089,2026-01-24,BR004,AO014,Kredit Payroll,Payroll,49500000,15.5,12
DSB0002142,APP0003548,PR0016090,2026-03-25,BR007,AO025,Kredit Mikro,Mikro,19500000,21.0,36
DSB0002143,APP0003549,PR0016091,2025-10-31,BR007,AO025,Kredit Produktif SME,SME,484500000,19.0,12
DSB0002144,APP0003551,PR0016094,2026-05-21,BR007,AO026,Kredit Konsumtif,Konsumtif,49500000,18.0,24
DSB0002145,APP0003553,PR0016103,2025-07-22,BR001,AO004,Kredit Mikro,Mikro,95000000,21.0,24
DSB0002146,APP0003554,PR0016105,2025-12-16,BR006,AO021,Kredit Konsumtif,Konsumtif,47500000,18.0,18
DSB0002147,APP0003556,PR0016125,2026-02-14,BR002,AO008,Kredit Produktif SME,SME,292500000,19.0,24
DSB0002148,APP0003557,PR0016126,2026-03-03,BR006,AO022,Kredit Mikro,Mikro,48500000,21.0,18
DSB0002149,APP0003559,PR0016129,2026-01-12,BR006,AO021,Kredit Mikro,Mikro,19500000,21.0,12
DSB0002150,APP0003561,PR0016148,2026-01-29,BR004,AO013,Kredit Konsumtif,Konsumtif,92500000,18.0,36
DSB0002151,APP0003562,PR0016152,2025-08-13,BR001,AO001,Kredit Payroll,Payroll,50000000,15.5,48
DSB0002152,APP0003563,PR0016153,2026-03-03,BR003,AO012,Kredit Konsumtif,Konsumtif,47000000,18.0,18
DSB0002153,APP0003564,PR0016164,2026-03-19,BR004,AO016,Kredit Mikro,Mikro,19000000,21.0,12
DSB0002154,APP0003565,PR0016165,2026-06-26,BR001,AO002,Kredit Produktif SME,SME,288500000,19.0,48
DSB0002155,APP0003567,PR0016176,2025-07-29,BR007,AO027,Kredit Konsumtif,Konsumtif,147500000,18.0,18
DSB0002156,APP0003569,PR0016184,2025-09-25,BR002,AO008,Kredit Konsumtif,Konsumtif,29500000,18.0,12
DSB0002157,APP0003570,PR0016188,2025-07-21,BR001,AO001,Kredit Produktif SME,SME,138500000,19.0,12
DSB0002158,APP0003571,PR0016193,2025-07-28,BR007,AO027,Kredit Konsumtif,Konsumtif,29500000,18.0,18
DSB0002159,APP0003572,PR0016198,2025-11-16,BR007,AO027,Kredit Produktif SME,SME,99000000,19.0,36
DSB0002160,APP0003573,PR0016200,2026-01-31,BR006,AO024,Kredit Payroll,Payroll,195500000,15.5,36
DSB0002161,APP0003574,PR0016207,2026-02-22,BR001,AO003,Kredit Mikro,Mikro,28500000,21.0,18
DSB0002162,APP0003575,PR0016208,2026-04-17,BR005,AO017,Kredit Mikro,Mikro,46500000,21.0,24
DSB0002163,APP0003577,PR0016237,2025-09-11,BR007,AO026,Kredit Konsumtif,Konsumtif,121500000,18.0,12
DSB0002164,APP0003578,PR0016244,2025-10-01,BR001,AO004,Kredit Konsumtif,Konsumtif,27500000,18.0,18
DSB0002165,APP0003579,PR0016260,2025-07-15,BR002,AO006,Kredit Mikro,Mikro,46500000,21.0,36
DSB0002166,APP0003581,PR0016266,2025-08-08,BR004,AO016,Kredit Payroll,Payroll,146500000,15.5,36
DSB0002167,APP0003583,PR0016275,2025-07-17,BR002,AO006,Kredit Konsumtif,Konsumtif,141500000,18.0,12
DSB0002168,APP0003585,PR0016286,2026-03-19,BR001,AO002,Kredit Konsumtif,Konsumtif,47000000,18.0,12
DSB0002169,APP0003586,PR0016292,2025-08-31,BR004,AO014,Kredit Payroll,Payroll,93500000,15.5,12
DSB0002170,APP0003587,PR0016294,2025-10-24,BR007,AO027,Kredit Payroll,Payroll,98500000,15.5,12
DSB0002171,APP0003588,PR0016298,2025-07-19,BR006,AO021,Kredit Payroll,Payroll,96000000,15.5,48
DSB0002172,APP0003591,PR0016307,2025-09-23,BR005,AO020,Kredit Produktif SME,SME,99500000,19.0,48
DSB0002173,APP0003592,PR0016312,2025-10-31,BR006,AO023,Kredit Konsumtif,Konsumtif,48000000,18.0,12
DSB0002174,APP0003593,PR0016317,2025-09-10,BR003,AO010,Kredit Konsumtif,Konsumtif,120500000,18.0,18
DSB0002175,APP0003595,PR0016347,2025-07-28,BR005,AO018,Kredit Payroll,Payroll,145000000,15.5,24
DSB0002176,APP0003596,PR0016350,2026-05-14,BR002,AO006,Kredit Produktif SME,SME,288000000,19.0,60
DSB0002177,APP0003597,PR0016364,2025-07-15,BR006,AO024,Kredit Konsumtif,Konsumtif,141500000,18.0,18
DSB0002178,APP0003599,PR0016376,2026-04-26,BR006,AO021,Kredit Konsumtif,Konsumtif,74000000,18.0,24
DSB0002179,APP0003600,PR0016382,2026-06-29,BR007,AO028,Kredit Payroll,Payroll,184000000,15.5,60
DSB0002180,APP0003603,PR0016391,2026-05-31,BR007,AO027,Kredit Konsumtif,Konsumtif,98000000,18.0,36
DSB0002181,APP0003604,PR0016400,2026-03-20,BR005,AO018,Kredit Konsumtif,Konsumtif,95000000,18.0,12
DSB0002182,APP0003605,PR0016403,2026-01-16,BR001,AO002,Kredit Konsumtif,Konsumtif,49500000,18.0,12
DSB0002183,APP0003606,PR0016404,2025-07-23,BR001,AO003,Kredit Produktif SME,SME,145500000,19.0,48
DSB0002184,APP0003607,PR0016405,2026-03-12,BR006,AO024,Kredit Konsumtif,Konsumtif,46500000,18.0,18
DSB0002185,APP0003608,PR0016406,2025-08-31,BR002,AO007,Kredit Konsumtif,Konsumtif,116500000,18.0,12
DSB0002186,APP0003609,PR0016407,2025-10-27,BR005,AO020,Kredit Produktif SME,SME,497000000,19.0,24
DSB0002187,APP0003610,PR0016408,2026-01-17,BR005,AO018,Kredit Payroll,Payroll,196500000,15.5,24
DSB0002188,APP0003611,PR0016409,2025-09-22,BR004,AO013,Kredit Konsumtif,Konsumtif,115500000,18.0,24
DSB0002189,APP0003612,PR0016416,2025-11-19,BR002,AO008,Kredit Mikro,Mikro,27500000,21.0,36
DSB0002190,APP0003614,PR0016436,2025-12-15,BR001,AO002,Kredit Konsumtif,Konsumtif,70500000,18.0,12
DSB0002191,APP0003616,PR0016444,2025-08-31,BR006,AO021,Kredit Produktif SME,SME,145000000,19.0,24
DSB0002192,APP0003617,PR0016449,2025-12-13,BR002,AO005,Kredit Produktif SME,SME,97000000,19.0,12
DSB0002193,APP0003619,PR0016456,2026-05-27,BR005,AO018,Kredit Mikro,Mikro,29500000,21.0,24
DSB0002194,APP0003621,PR0016461,2026-01-31,BR006,AO023,Kredit Konsumtif,Konsumtif,94000000,18.0,18
DSB0002195,APP0003622,PR0016462,2026-03-31,BR006,AO024,Kredit Produktif SME,SME,481500000,19.0,12
DSB0002196,APP0003623,PR0016471,2026-06-24,BR002,AO008,Kredit Mikro,Mikro,28000000,21.0,12
DSB0002197,APP0003624,PR0016472,2025-11-13,BR001,AO004,Kredit Konsumtif,Konsumtif,118000000,18.0,24
DSB0002198,APP0003625,PR0016480,2026-05-01,BR006,AO021,Kredit Payroll,Payroll,149500000,15.5,48
DSB0002199,APP0003626,PR0016484,2026-05-31,BR004,AO016,Kredit Produktif SME,SME,193000000,19.0,60
DSB0002200,APP0003628,PR0016496,2025-10-22,BR006,AO022,Kredit Produktif SME,SME,487000000,19.0,24
DSB0002201,APP0003629,PR0016515,2026-03-11,BR005,AO019,Kredit Produktif SME,SME,492000000,19.0,48
DSB0002202,APP0003630,PR0016516,2026-01-31,BR005,AO020,Kredit Konsumtif,Konsumtif,48500000,18.0,36
DSB0002203,APP0003632,PR0016520,2025-09-20,BR007,AO028,Kredit Payroll,Payroll,146000000,15.5,60
DSB0002204,APP0003633,PR0016530,2025-10-15,BR002,AO005,Kredit Payroll,Payroll,94000000,15.5,24
DSB0002205,APP0003635,PR0016544,2026-06-16,BR001,AO002,Kredit Produktif SME,SME,721500000,19.0,12
DSB0002206,APP0003637,PR0016549,2025-10-13,BR001,AO004,Kredit Konsumtif,Konsumtif,46000000,18.0,36
DSB0002207,APP0003638,PR0016556,2026-06-29,BR007,AO025,Kredit Konsumtif,Konsumtif,122000000,18.0,18
DSB0002208,APP0003639,PR0016558,2025-12-01,BR002,AO005,Kredit Payroll,Payroll,143000000,15.5,48
DSB0002209,APP0003642,PR0016565,2026-04-25,BR006,AO021,Kredit Payroll,Payroll,71000000,15.5,48
DSB0002210,APP0003643,PR0016576,2026-02-23,BR007,AO026,Kredit Payroll,Payroll,98500000,15.5,36
DSB0002211,APP0003644,PR0016578,2025-11-26,BR006,AO023,Kredit Produktif SME,SME,284500000,19.0,12
DSB0002212,APP0003646,PR0016583,2026-05-31,BR001,AO003,Kredit Mikro,Mikro,19500000,21.0,18
DSB0002213,APP0003648,PR0016592,2025-10-01,BR003,AO010,Kredit Payroll,Payroll,72000000,15.5,48
DSB0002214,APP0003649,PR0016597,2026-06-23,BR006,AO024,Kredit Konsumtif,Konsumtif,147500000,18.0,24
DSB0002215,APP0003651,PR0016603,2026-01-31,BR007,AO025,Kredit Konsumtif,Konsumtif,48500000,18.0,36
DSB0002216,APP0003654,PR0016617,2026-01-15,BR002,AO008,Kredit Konsumtif,Konsumtif,146500000,18.0,24
DSB0002217,APP0003655,PR0016620,2026-04-16,BR007,AO028,Kredit Mikro,Mikro,74000000,21.0,36
DSB0002218,APP0003656,PR0016623,2025-09-22,BR002,AO007,Kredit Mikro,Mikro,93000000,21.0,18
DSB0002219,APP0003658,PR0016639,2025-11-10,BR001,AO001,Kredit Payroll,Payroll,193500000,15.5,48
DSB0002220,APP0003660,PR0016647,2025-11-28,BR001,AO002,Kredit Produktif SME,SME,969500000,19.0,36
DSB0002221,APP0003663,PR0016670,2026-04-11,BR003,AO012,Kredit Konsumtif,Konsumtif,46000000,18.0,12
DSB0002222,APP0003666,PR0016679,2026-05-24,BR002,AO007,Kredit Mikro,Mikro,96500000,21.0,36
DSB0002223,APP0003672,PR0016695,2026-06-30,BR006,AO023,Kredit Payroll,Payroll,72000000,15.5,36
DSB0002224,APP0003674,PR0016707,2025-09-20,BR007,AO026,Kredit Konsumtif,Konsumtif,117000000,18.0,12
DSB0002225,APP0003675,PR0016716,2026-03-02,BR003,AO011,Kredit Produktif SME,SME,93500000,19.0,36
DSB0002226,APP0003676,PR0016720,2025-11-17,BR007,AO026,Kredit Produktif SME,SME,735000000,19.0,12
DSB0002227,APP0003679,PR0016735,2025-09-24,BR005,AO018,Kredit Konsumtif,Konsumtif,99500000,18.0,18
DSB0002228,APP0003681,PR0016739,2026-06-12,BR007,AO026,Kredit Produktif SME,SME,726000000,19.0,36
DSB0002229,APP0003682,PR0016745,2026-05-31,BR006,AO021,Kredit Payroll,Payroll,73500000,15.5,36
DSB0002230,APP0003683,PR0016746,2026-01-30,BR004,AO013,Kredit Mikro,Mikro,97500000,21.0,24
DSB0002231,APP0003684,PR0016747,2025-10-15,BR003,AO009,Kredit Payroll,Payroll,48500000,15.5,12
DSB0002232,APP0003687,PR0016756,2025-10-31,BR006,AO021,Kredit Konsumtif,Konsumtif,139500000,18.0,24
DSB0002233,APP0003689,PR0016766,2025-12-11,BR002,AO007,Kredit Mikro,Mikro,18500000,21.0,36
DSB0002234,APP0003690,PR0016780,2025-08-16,BR001,AO001,Kredit Konsumtif,Konsumtif,97000000,18.0,12
DSB0002235,APP0003692,PR0016784,2026-06-25,BR005,AO018,Kredit Konsumtif,Konsumtif,121000000,18.0,18
DSB0002236,APP0003695,PR0016798,2025-10-14,BR007,AO026,Kredit Konsumtif,Konsumtif,27500000,18.0,24
DSB0002237,APP0003697,PR0016801,2026-04-18,BR003,AO010,Kredit Produktif SME,SME,192500000,19.0,24
DSB0002238,APP0003698,PR0016803,2026-03-28,BR002,AO007,Kredit Konsumtif,Konsumtif,48000000,18.0,36
DSB0002239,APP0003700,PR0016816,2025-07-31,BR005,AO019,Kredit Payroll,Payroll,98500000,15.5,24
DSB0002240,APP0003701,PR0016822,2026-01-22,BR005,AO020,Kredit Payroll,Payroll,70000000,15.5,60
DSB0002241,APP0003707,PR0016845,2025-09-29,BR007,AO025,Kredit Mikro,Mikro,95500000,21.0,12
DSB0002242,APP0003710,PR0016860,2025-10-26,BR003,AO009,Kredit Payroll,Payroll,194000000,15.5,60
DSB0002243,APP0003711,PR0016861,2025-07-18,BR002,AO005,Kredit Konsumtif,Konsumtif,148000000,18.0,12
DSB0002244,APP0003712,PR0016875,2025-12-26,BR005,AO019,Kredit Konsumtif,Konsumtif,124000000,18.0,36
DSB0002245,APP0003713,PR0016888,2026-06-30,BR001,AO002,Kredit Produktif SME,SME,943500000,19.0,60
DSB0002246,APP0003715,PR0016900,2025-07-21,BR002,AO005,Kredit Konsumtif,Konsumtif,28000000,18.0,18
DSB0002247,APP0003717,PR0016913,2025-10-01,BR005,AO020,Kredit Produktif SME,SME,472000000,19.0,36
DSB0002248,APP0003720,PR0016921,2026-03-03,BR004,AO013,Kredit Mikro,Mikro,29500000,21.0,36
DSB0002249,APP0003721,PR0016924,2026-04-28,BR005,AO020,Kredit Payroll,Payroll,73500000,15.5,24
DSB0002250,APP0003722,PR0016926,2025-08-10,BR003,AO011,Kredit Konsumtif,Konsumtif,99500000,18.0,36
DSB0002251,APP0003723,PR0016930,2025-10-29,BR002,AO007,Kredit Produktif SME,SME,500000000,19.0,48
DSB0002252,APP0003725,PR0016938,2025-09-28,BR001,AO001,Kredit Payroll,Payroll,74000000,15.5,12
DSB0002253,APP0003729,PR0016966,2025-10-31,BR001,AO003,Kredit Payroll,Payroll,71500000,15.5,60
DSB0002254,APP0003731,PR0016978,2025-12-31,BR005,AO020,Kredit Mikro,Mikro,29000000,21.0,18
DSB0002255,APP0003734,PR0016987,2025-07-10,BR005,AO017,Kredit Konsumtif,Konsumtif,121500000,18.0,36
DSB0002256,APP0003735,PR0016990,2025-12-13,BR006,AO022,Kredit Mikro,Mikro,70000000,21.0,24
DSB0002257,APP0003736,PR0016991,2026-01-29,BR004,AO013,Kredit Konsumtif,Konsumtif,46500000,18.0,18
DSB0002258,APP0003739,PR0017005,2026-01-10,BR007,AO026,Kredit Mikro,Mikro,50000000,21.0,24
DSB0002259,APP0003740,PR0017006,2025-11-28,BR001,AO004,Kredit Payroll,Payroll,189000000,15.5,12
DSB0002260,APP0003741,PR0017007,2025-08-13,BR003,AO010,Kredit Mikro,Mikro,48500000,21.0,36
DSB0002261,APP0003742,PR0017011,2026-03-31,BR001,AO001,Kredit Payroll,Payroll,96500000,15.5,36
DSB0002262,APP0003743,PR0017018,2025-08-31,BR002,AO006,Kredit Payroll,Payroll,97500000,15.5,60
DSB0002263,APP0003750,PR0017056,2026-04-18,BR002,AO008,Kredit Mikro,Mikro,46000000,21.0,12
DSB0002264,APP0003752,PR0017079,2025-10-14,BR007,AO026,Kredit Mikro,Mikro,29000000,21.0,12
DSB0002265,APP0003754,PR0017093,2026-05-31,BR007,AO028,Kredit Payroll,Payroll,49000000,15.5,36
DSB0002266,APP0003755,PR0017094,2025-10-31,BR004,AO016,Kredit Mikro,Mikro,94500000,21.0,36
DSB0002267,APP0003756,PR0017108,2025-12-31,BR002,AO008,Kredit Produktif SME,SME,192500000,19.0,60
DSB0002268,APP0003757,PR0017114,2025-09-27,BR007,AO027,Kredit Konsumtif,Konsumtif,141500000,18.0,24
DSB0002269,APP0003758,PR0017115,2026-06-16,BR007,AO027,Kredit Mikro,Mikro,95000000,21.0,24
DSB0002270,APP0003759,PR0017117,2025-08-31,BR001,AO001,Kredit Produktif SME,SME,100000000,19.0,24
DSB0002271,APP0003760,PR0017119,2025-10-11,BR005,AO018,Kredit Payroll,Payroll,97000000,15.5,48
DSB0002272,APP0003763,PR0017130,2025-10-22,BR003,AO010,Kredit Mikro,Mikro,92500000,21.0,12
DSB0002273,APP0003765,PR0017132,2025-11-27,BR003,AO010,Kredit Konsumtif,Konsumtif,49000000,18.0,36
DSB0002274,APP0003768,PR0017145,2025-10-16,BR001,AO004,Kredit Payroll,Payroll,72500000,15.5,36
DSB0002275,APP0003769,PR0017151,2026-06-27,BR006,AO023,Kredit Payroll,Payroll,94500000,15.5,36
DSB0002276,APP0003771,PR0017155,2025-07-19,BR002,AO008,Kredit Produktif SME,SME,487000000,19.0,60
DSB0002277,APP0003772,PR0017166,2026-05-19,BR005,AO018,Kredit Produktif SME,SME,298500000,19.0,60
DSB0002278,APP0003774,PR0017176,2025-10-26,BR002,AO008,Kredit Payroll,Payroll,94000000,15.5,24
DSB0002279,APP0003775,PR0017178,2026-03-21,BR006,AO021,Kredit Payroll,Payroll,74500000,15.5,24
DSB0002280,APP0003776,PR0017179,2026-04-20,BR003,AO011,Kredit Konsumtif,Konsumtif,28500000,18.0,36
DSB0002281,APP0003777,PR0017180,2025-08-19,BR005,AO018,Kredit Konsumtif,Konsumtif,47500000,18.0,12
DSB0002282,APP0003778,PR0017181,2026-03-31,BR001,AO001,Kredit Konsumtif,Konsumtif,70500000,18.0,12
DSB0002283,APP0003780,PR0017185,2026-03-22,BR007,AO025,Kredit Mikro,Mikro,18500000,21.0,18
DSB0002284,APP0003782,PR0017204,2026-05-15,BR003,AO011,Kredit Konsumtif,Konsumtif,95500000,18.0,18
DSB0002285,APP0003783,PR0017205,2025-11-22,BR007,AO027,Kredit Produktif SME,SME,922000000,19.0,60
DSB0002286,APP0003788,PR0017237,2026-02-04,BR007,AO026,Kredit Konsumtif,Konsumtif,47500000,18.0,12
DSB0002287,APP0003789,PR0017239,2025-10-27,BR004,AO014,Kredit Mikro,Mikro,48500000,21.0,36
DSB0002288,APP0003793,PR0017258,2026-01-24,BR006,AO022,Kredit Produktif SME,SME,296000000,19.0,36
DSB0002289,APP0003794,PR0017261,2026-03-24,BR001,AO003,Kredit Payroll,Payroll,188500000,15.5,36
DSB0002290,APP0003795,PR0017268,2025-11-27,BR001,AO003,Kredit Payroll,Payroll,47500000,15.5,60
DSB0002291,APP0003796,PR0017271,2025-08-29,BR007,AO026,Kredit Konsumtif,Konsumtif,28000000,18.0,12
DSB0002292,APP0003800,PR0017295,2026-01-09,BR005,AO019,Kredit Payroll,Payroll,188500000,15.5,48
DSB0002293,APP0003802,PR0017303,2025-10-29,BR003,AO011,Kredit Produktif SME,SME,200000000,19.0,24
DSB0002294,APP0003803,PR0017304,2026-06-28,BR001,AO003,Kredit Produktif SME,SME,186500000,19.0,48
DSB0002295,APP0003804,PR0017310,2025-12-07,BR005,AO017,Kredit Payroll,Payroll,148500000,15.5,36
DSB0002296,APP0003805,PR0017321,2026-06-30,BR005,AO017,Kredit Produktif SME,SME,194500000,19.0,36
DSB0002297,APP0003806,PR0017323,2025-12-31,BR003,AO010,Kredit Payroll,Payroll,138500000,15.5,24
DSB0002298,APP0003807,PR0017328,2026-03-03,BR003,AO011,Kredit Konsumtif,Konsumtif,28000000,18.0,36
DSB0002299,APP0003808,PR0017336,2025-08-11,BR004,AO014,Kredit Mikro,Mikro,47500000,21.0,12
DSB0002300,APP0003810,PR0017342,2025-08-31,BR004,AO013,Kredit Produktif SME,SME,998000000,19.0,60
DSB0002301,APP0003811,PR0017347,2026-04-09,BR002,AO008,Kredit Payroll,Payroll,149000000,15.5,60
DSB0002302,APP0003812,PR0017350,2025-10-31,BR003,AO010,Kredit Konsumtif,Konsumtif,48000000,18.0,36
DSB0002303,APP0003813,PR0017362,2025-07-21,BR004,AO015,Kredit Konsumtif,Konsumtif,120500000,18.0,36
DSB0002304,APP0003815,PR0017369,2026-05-01,BR001,AO001,Kredit Konsumtif,Konsumtif,149000000,18.0,12
DSB0002305,APP0003817,PR0017372,2025-12-27,BR003,AO010,Kredit Produktif SME,SME,99500000,19.0,36
DSB0002306,APP0003821,PR0017398,2026-02-06,BR003,AO011,Kredit Mikro,Mikro,70500000,21.0,18
DSB0002307,APP0003825,PR0017424,2026-02-19,BR002,AO008,Kredit Konsumtif,Konsumtif,145500000,18.0,24
DSB0002308,APP0003826,PR0017425,2025-07-31,BR005,AO019,Kredit Mikro,Mikro,48000000,21.0,12
DSB0002309,APP0003828,PR0017430,2025-09-13,BR004,AO016,Kredit Payroll,Payroll,47000000,15.5,12
DSB0002310,APP0003829,PR0017431,2025-12-31,BR006,AO024,Kredit Konsumtif,Konsumtif,116000000,18.0,12
DSB0002311,APP0003833,PR0017449,2025-07-08,BR007,AO028,Kredit Payroll,Payroll,145000000,15.5,48
DSB0002312,APP0003836,PR0017462,2025-10-26,BR007,AO026,Kredit Produktif SME,SME,189500000,19.0,36
DSB0002313,APP0003840,PR0017477,2025-10-29,BR002,AO007,Kredit Payroll,Payroll,47500000,15.5,12
DSB0002314,APP0003841,PR0017483,2025-12-21,BR002,AO006,Kredit Payroll,Payroll,75000000,15.5,36
DSB0002315,APP0003842,PR0017484,2026-02-15,BR003,AO011,Kredit Mikro,Mikro,49500000,21.0,18
DSB0002316,APP0003844,PR0017498,2025-12-20,BR005,AO019,Kredit Mikro,Mikro,18500000,21.0,36
DSB0002317,APP0003845,PR0017499,2026-04-25,BR001,AO002,Kredit Produktif SME,SME,931500000,19.0,36
DSB0002318,APP0003846,PR0017501,2026-06-21,BR001,AO001,Kredit Produktif SME,SME,718000000,19.0,60
DSB0002319,APP0003850,PR0017531,2025-08-26,BR005,AO018,Kredit Konsumtif,Konsumtif,92000000,18.0,12
DSB0002320,APP0003851,PR0017533,2025-11-27,BR003,AO010,Kredit Payroll,Payroll,99000000,15.5,60
DSB0002321,APP0003853,PR0017553,2025-08-30,BR007,AO028,Kredit Produktif SME,SME,285500000,19.0,48
DSB0002322,APP0003855,PR0017559,2025-07-22,BR007,AO026,Kredit Payroll,Payroll,199500000,15.5,12
DSB0002323,APP0003856,PR0017560,2025-09-15,BR001,AO001,Kredit Produktif SME,SME,146000000,19.0,12
DSB0002324,APP0003857,PR0017561,2025-08-31,BR007,AO027,Kredit Konsumtif,Konsumtif,138500000,18.0,12
DSB0002325,APP0003858,PR0017565,2026-03-31,BR001,AO002,Kredit Mikro,Mikro,49500000,21.0,18
DSB0002326,APP0003860,PR0017574,2026-06-30,BR002,AO007,Kredit Payroll,Payroll,96000000,15.5,60
DSB0002327,APP0003862,PR0017592,2026-03-31,BR001,AO004,Kredit Mikro,Mikro,49000000,21.0,24
DSB0002328,APP0003864,PR0017609,2025-08-11,BR002,AO007,Kredit Mikro,Mikro,97000000,21.0,18
DSB0002329,APP0003866,PR0017624,2025-11-15,BR002,AO006,Kredit Mikro,Mikro,19500000,21.0,18
DSB0002330,APP0003869,PR0017634,2026-06-25,BR005,AO019,Kredit Mikro,Mikro,28500000,21.0,12
DSB0002331,APP0003870,PR0017657,2026-01-31,BR007,AO027,Kredit Konsumtif,Konsumtif,144500000,18.0,36
DSB0002332,APP0003871,PR0017658,2025-11-18,BR005,AO018,Kredit Produktif SME,SME,732500000,19.0,12
DSB0002333,APP0003872,PR0017659,2026-05-01,BR002,AO006,Kredit Payroll,Payroll,46000000,15.5,36
DSB0002334,APP0003873,PR0017667,2026-03-31,BR003,AO009,Kredit Payroll,Payroll,94000000,15.5,48
DSB0002335,APP0003876,PR0017695,2026-01-10,BR006,AO022,Kredit Konsumtif,Konsumtif,118000000,18.0,24
DSB0002336,APP0003877,PR0017696,2026-03-20,BR002,AO008,Kredit Konsumtif,Konsumtif,69500000,18.0,36
DSB0002337,APP0003878,PR0017698,2025-09-23,BR007,AO027,Kredit Payroll,Payroll,148500000,15.5,48
DSB0002338,APP0003879,PR0017702,2026-03-03,BR005,AO018,Kredit Payroll,Payroll,93500000,15.5,60
DSB0002339,APP0003880,PR0017705,2025-12-14,BR003,AO012,Kredit Mikro,Mikro,75000000,21.0,18
DSB0002340,APP0003881,PR0017708,2026-01-25,BR003,AO009,Kredit Produktif SME,SME,279000000,19.0,60
DSB0002341,APP0003882,PR0017711,2026-05-01,BR003,AO010,Kredit Payroll,Payroll,144000000,15.5,48
DSB0002342,APP0003884,PR0017723,2026-03-28,BR005,AO019,Kredit Produktif SME,SME,192000000,19.0,48
DSB0002343,APP0003885,PR0017727,2026-03-09,BR003,AO011,Kredit Konsumtif,Konsumtif,139500000,18.0,24
DSB0002344,APP0003886,PR0017735,2025-09-10,BR004,AO014,Kredit Konsumtif,Konsumtif,46500000,18.0,36
DSB0002345,APP0003887,PR0017739,2026-02-26,BR005,AO019,Kredit Konsumtif,Konsumtif,121000000,18.0,24
DSB0002346,APP0003889,PR0017745,2025-07-24,BR003,AO012,Kredit Produktif SME,SME,739500000,19.0,12
DSB0002347,APP0003891,PR0017747,2025-09-13,BR002,AO008,Kredit Payroll,Payroll,142500000,15.5,36
DSB0002348,APP0003895,PR0017760,2026-05-01,BR005,AO019,Kredit Mikro,Mikro,47500000,21.0,24
DSB0002349,APP0003901,PR0017779,2026-06-17,BR007,AO027,Kredit Konsumtif,Konsumtif,48500000,18.0,18
DSB0002350,APP0003902,PR0017785,2025-08-23,BR007,AO027,Kredit Mikro,Mikro,18500000,21.0,36
DSB0002351,APP0003905,PR0017801,2025-12-21,BR006,AO021,Kredit Payroll,Payroll,94500000,15.5,12
DSB0002352,APP0003906,PR0017803,2026-05-13,BR001,AO003,Kredit Mikro,Mikro,19000000,21.0,24
DSB0002353,APP0003908,PR0017814,2026-01-25,BR001,AO003,Kredit Payroll,Payroll,49500000,15.5,24
DSB0002354,APP0003909,PR0017816,2025-09-12,BR001,AO001,Kredit Mikro,Mikro,19500000,21.0,18
DSB0002355,APP0003911,PR0017826,2025-10-29,BR007,AO026,Kredit Konsumtif,Konsumtif,29500000,18.0,12
DSB0002356,APP0003913,PR0017832,2026-01-31,BR002,AO007,Kredit Konsumtif,Konsumtif,148500000,18.0,36
DSB0002357,APP0003914,PR0017835,2026-06-13,BR002,AO007,Kredit Produktif SME,SME,97000000,19.0,60
DSB0002358,APP0003916,PR0017843,2026-02-15,BR003,AO010,Kredit Mikro,Mikro,98000000,21.0,24
DSB0002359,APP0003918,PR0017855,2025-10-31,BR003,AO010,Kredit Mikro,Mikro,50000000,21.0,12
DSB0002360,APP0003919,PR0017856,2026-03-02,BR006,AO022,Kredit Payroll,Payroll,73000000,15.5,48
DSB0002361,APP0003920,PR0017859,2026-05-01,BR001,AO002,Kredit Konsumtif,Konsumtif,117500000,18.0,18
DSB0002362,APP0003923,PR0017866,2025-09-26,BR006,AO021,Kredit Konsumtif,Konsumtif,74000000,18.0,12
DSB0002363,APP0003925,PR0017880,2026-03-03,BR002,AO005,Kredit Konsumtif,Konsumtif,27500000,18.0,36
DSB0002364,APP0003926,PR0017882,2026-03-31,BR003,AO010,Kredit Konsumtif,Konsumtif,141000000,18.0,18
DSB0002365,APP0003927,PR0017892,2025-08-15,BR005,AO019,Kredit Produktif SME,SME,971500000,19.0,48
DSB0002366,APP0003930,PR0017902,2025-12-13,BR001,AO004,Kredit Payroll,Payroll,142000000,15.5,60
DSB0002367,APP0003933,PR0017921,2026-01-31,BR004,AO014,Kredit Payroll,Payroll,138500000,15.5,60
DSB0002368,APP0003934,PR0017922,2025-07-31,BR002,AO008,Kredit Mikro,Mikro,19000000,21.0,36
DSB0002369,APP0003935,PR0017925,2026-06-20,BR004,AO013,Kredit Payroll,Payroll,199500000,15.5,48
DSB0002370,APP0003936,PR0017935,2025-10-01,BR003,AO012,Kredit Mikro,Mikro,19000000,21.0,12
DSB0002371,APP0003939,PR0017943,2026-06-19,BR006,AO022,Kredit Produktif SME,SME,279500000,19.0,36
DSB0002372,APP0003942,PR0017956,2026-06-13,BR004,AO013,Kredit Mikro,Mikro,29000000,21.0,24
DSB0002373,APP0003943,PR0017959,2025-07-17,BR001,AO003,Kredit Produktif SME,SME,281000000,19.0,60
DSB0002374,APP0003944,PR0017961,2026-05-26,BR006,AO021,Kredit Konsumtif,Konsumtif,121500000,18.0,12
DSB0002375,APP0003946,PR0017965,2026-05-01,BR001,AO001,Kredit Mikro,Mikro,95500000,21.0,18
DSB0002376,APP0003947,PR0017968,2026-01-12,BR005,AO019,Kredit Konsumtif,Konsumtif,70500000,18.0,36
DSB0002377,APP0003948,PR0017971,2025-12-24,BR006,AO024,Kredit Payroll,Payroll,196500000,15.5,48
DSB0002378,APP0003953,PR0017996,2025-10-24,BR002,AO006,Kredit Konsumtif,Konsumtif,94000000,18.0,12
DSB0002379,APP0003954,PR0017999,2025-10-22,BR006,AO022,Kredit Mikro,Mikro,92500000,21.0,18
DSB0002380,APP0003955,PR0018001,2025-12-28,BR003,AO010,Kredit Payroll,Payroll,48000000,15.5,36
DSB0002381,APP0003956,PR0018005,2026-02-08,BR007,AO028,Kredit Produktif SME,SME,968000000,19.0,12
DSB0002382,APP0003958,PR0018031,2025-08-31,BR003,AO009,Kredit Payroll,Payroll,145000000,15.5,12
DSB0002383,APP0003962,PR0018039,2025-11-20,BR003,AO010,Kredit Konsumtif,Konsumtif,46500000,18.0,24
DSB0002384,APP0003963,PR0018042,2026-05-30,BR001,AO001,Kredit Payroll,Payroll,147500000,15.5,60
DSB0002385,APP0003965,PR0018047,2026-06-09,BR002,AO005,Kredit Payroll,Payroll,139000000,15.5,36
DSB0002386,APP0003966,PR0018048,2026-03-02,BR007,AO027,Kredit Payroll,Payroll,49500000,15.5,60
DSB0002387,APP0003967,PR0018049,2026-04-26,BR001,AO003,Kredit Konsumtif,Konsumtif,47500000,18.0,24
DSB0002388,APP0003969,PR0018060,2026-02-09,BR002,AO006,Kredit Mikro,Mikro,19000000,21.0,12
DSB0002389,APP0003971,PR0018064,2026-04-22,BR003,AO012,Kredit Mikro,Mikro,69500000,21.0,36
DSB0002390,APP0003972,PR0018075,2026-05-31,BR002,AO006,Kredit Produktif SME,SME,715500000,19.0,12
DSB0002391,APP0003973,PR0018082,2026-01-27,BR002,AO008,Kredit Konsumtif,Konsumtif,122000000,18.0,24
DSB0002392,APP0003974,PR0018091,2025-12-28,BR007,AO028,Kredit Payroll,Payroll,192000000,15.5,48
DSB0002393,APP0003977,PR0018102,2025-08-19,BR004,AO016,Kredit Konsumtif,Konsumtif,48000000,18.0,18
DSB0002394,APP0003979,PR0018111,2026-04-24,BR002,AO007,Kredit Produktif SME,SME,461500000,19.0,36
DSB0002395,APP0003980,PR0018117,2025-10-01,BR005,AO019,Kredit Konsumtif,Konsumtif,138500000,18.0,18
DSB0002396,APP0003981,PR0018124,2026-02-26,BR007,AO026,Kredit Mikro,Mikro,49000000,21.0,36
DSB0002397,APP0003982,PR0018128,2026-03-01,BR002,AO005,Kredit Mikro,Mikro,48500000,21.0,36
DSB0002398,APP0003983,PR0018135,2026-03-03,BR001,AO004,Kredit Konsumtif,Konsumtif,122500000,18.0,18
DSB0002399,APP0003985,PR0018137,2026-02-24,BR003,AO011,Kredit Payroll,Payroll,70500000,15.5,60
DSB0002400,APP0003986,PR0018147,2026-03-23,BR003,AO012,Kredit Payroll,Payroll,145000000,15.5,24
DSB0002401,APP0003987,PR0018148,2025-12-17,BR001,AO004,Kredit Payroll,Payroll,70500000,15.5,36
DSB0002402,APP0003988,PR0018152,2026-06-30,BR003,AO009,Kredit Konsumtif,Konsumtif,97500000,18.0,12
DSB0002403,APP0003990,PR0018154,2025-10-26,BR002,AO006,Kredit Payroll,Payroll,98500000,15.5,24
DSB0002404,APP0003991,PR0018156,2026-02-18,BR001,AO001,Kredit Konsumtif,Konsumtif,125000000,18.0,18
DSB0002405,APP0003992,PR0018159,2026-03-03,BR003,AO010,Kredit Mikro,Mikro,20000000,21.0,24
DSB0002406,APP0003993,PR0018160,2026-01-16,BR007,AO025,Kredit Mikro,Mikro,29500000,21.0,18
DSB0002407,APP0003997,PR0018168,2025-08-21,BR002,AO006,Kredit Konsumtif,Konsumtif,115000000,18.0,18
DSB0002408,APP0003998,PR0018172,2025-08-25,BR002,AO007,Kredit Konsumtif,Konsumtif,150000000,18.0,12
DSB0002409,APP0003999,PR0018184,2025-12-31,BR001,AO003,Kredit Konsumtif,Konsumtif,96000000,18.0,12
DSB0002410,APP0004000,PR0018190,2026-04-28,BR002,AO006,Kredit Payroll,Payroll,71000000,15.5,12
DSB0002411,APP0004001,PR0018191,2025-11-30,BR001,AO003,Kredit Mikro,Mikro,30000000,21.0,18
DSB0002412,APP0004002,PR0018196,2026-05-31,BR002,AO007,Kredit Konsumtif,Konsumtif,74500000,18.0,12
DSB0002413,APP0004003,PR0018198,2026-03-24,BR002,AO005,Kredit Payroll,Payroll,72500000,15.5,12
DSB0002414,APP0004005,PR0018201,2025-09-13,BR004,AO014,Kredit Payroll,Payroll,46500000,15.5,24
DSB0002415,APP0004007,PR0018207,2026-03-25,BR001,AO004,Kredit Payroll,Payroll,47000000,15.5,60
DSB0002416,APP0004008,PR0018208,2025-11-09,BR004,AO015,Kredit Payroll,Payroll,184500000,15.5,48
DSB0002417,APP0004009,PR0018216,2026-01-16,BR003,AO010,Kredit Konsumtif,Konsumtif,30000000,18.0,24
DSB0002418,APP0004010,PR0018231,2025-08-31,BR002,AO008,Kredit Konsumtif,Konsumtif,138500000,18.0,36
DSB0002419,APP0004013,PR0018252,2026-04-30,BR004,AO014,Kredit Mikro,Mikro,30000000,21.0,18
DSB0002420,APP0004015,PR0018267,2025-07-31,BR007,AO027,Kredit Konsumtif,Konsumtif,97500000,18.0,36
DSB0002421,APP0004016,PR0018271,2025-07-10,BR002,AO005,Kredit Payroll,Payroll,48500000,15.5,60
DSB0002422,APP0004018,PR0018276,2025-12-31,BR007,AO028,Kredit Payroll,Payroll,46000000,15.5,60
DSB0002423,APP0004019,PR0018277,2026-03-24,BR006,AO023,Kredit Konsumtif,Konsumtif,29000000,18.0,24
DSB0002424,APP0004021,PR0018294,2025-08-17,BR001,AO002,Kredit Konsumtif,Konsumtif,48000000,18.0,18
DSB0002425,APP0004022,PR0018298,2026-04-17,BR005,AO020,Kredit Konsumtif,Konsumtif,140000000,18.0,18
DSB0002426,APP0004024,PR0018306,2026-03-16,BR001,AO003,Kredit Payroll,Payroll,146500000,15.5,12
DSB0002427,APP0004025,PR0018308,2026-05-27,BR001,AO002,Kredit Konsumtif,Konsumtif,97500000,18.0,12
DSB0002428,APP0004026,PR0018316,2025-12-01,BR005,AO020,Kredit Produktif SME,SME,477500000,19.0,36
DSB0002429,APP0004030,PR0018340,2026-02-11,BR001,AO001,Kredit Payroll,Payroll,47000000,15.5,36
DSB0002430,APP0004032,PR0018351,2025-09-20,BR005,AO019,Kredit Konsumtif,Konsumtif,99500000,18.0,36
DSB0002431,APP0004033,PR0018354,2026-04-24,BR005,AO020,Kredit Konsumtif,Konsumtif,30000000,18.0,36
DSB0002432,APP0004034,PR0018355,2025-10-21,BR007,AO026,Kredit Konsumtif,Konsumtif,48000000,18.0,12
DSB0002433,APP0004035,PR0018361,2026-06-22,BR004,AO014,Kredit Produktif SME,SME,988500000,19.0,12
DSB0002434,APP0004036,PR0018362,2025-10-31,BR002,AO007,Kredit Mikro,Mikro,46000000,21.0,36
DSB0002435,APP0004037,PR0018363,2025-12-31,BR002,AO006,Kredit Konsumtif,Konsumtif,46500000,18.0,18
DSB0002436,APP0004038,PR0018373,2025-07-22,BR001,AO004,Kredit Konsumtif,Konsumtif,48500000,18.0,12
DSB0002437,APP0004039,PR0018391,2026-04-30,BR001,AO002,Kredit Konsumtif,Konsumtif,28500000,18.0,24
DSB0002438,APP0004040,PR0018400,2025-11-20,BR007,AO026,Kredit Produktif SME,SME,92500000,19.0,24
DSB0002439,APP0004042,PR0018413,2025-09-19,BR001,AO003,Kredit Payroll,Payroll,75000000,15.5,36
DSB0002440,APP0004043,PR0018416,2026-01-30,BR006,AO021,Kredit Payroll,Payroll,197500000,15.5,24
DSB0002441,APP0004046,PR0018432,2025-09-27,BR002,AO006,Kredit Payroll,Payroll,95500000,15.5,36
DSB0002442,APP0004047,PR0018439,2025-12-01,BR002,AO006,Kredit Konsumtif,Konsumtif,47500000,18.0,36
DSB0002443,APP0004049,PR0018465,2026-05-13,BR001,AO003,Kredit Payroll,Payroll,69500000,15.5,60
DSB0002444,APP0004050,PR0018477,2026-03-10,BR003,AO011,Kredit Konsumtif,Konsumtif,98500000,18.0,36
DSB0002445,APP0004051,PR0018485,2025-12-01,BR005,AO019,Kredit Produktif SME,SME,297000000,19.0,36
DSB0002446,APP0004052,PR0018499,2026-03-23,BR006,AO023,Kredit Mikro,Mikro,30000000,21.0,18
DSB0002447,APP0004053,PR0018501,2025-12-01,BR006,AO021,Kredit Payroll,Payroll,49000000,15.5,48
DSB0002448,APP0004055,PR0018507,2025-10-29,BR004,AO016,Kredit Produktif SME,SME,190500000,19.0,12
DSB0002449,APP0004056,PR0018512,2025-10-31,BR003,AO009,Kredit Payroll,Payroll,143000000,15.5,36
DSB0002450,APP0004057,PR0018519,2026-07-01,BR002,AO005,Kredit Mikro,Mikro,98500000,21.0,18
DSB0002451,APP0004060,PR0018527,2025-07-20,BR003,AO010,Kredit Payroll,Payroll,185500000,15.5,60
DSB0002452,APP0004064,PR0018546,2026-03-03,BR001,AO003,Kredit Payroll,Payroll,49000000,15.5,24
DSB0002453,APP0004065,PR0018547,2026-03-26,BR003,AO010,Kredit Mikro,Mikro,46500000,21.0,24
DSB0002454,APP0004067,PR0018551,2025-09-09,BR001,AO002,Kredit Payroll,Payroll,187000000,15.5,60
DSB0002455,APP0004068,PR0018553,2026-01-20,BR004,AO013,Kredit Konsumtif,Konsumtif,123000000,18.0,18
DSB0002456,APP0004072,PR0018570,2025-08-27,BR003,AO012,Kredit Mikro,Mikro,46000000,21.0,12
DSB0002457,APP0004073,PR0018571,2025-09-22,BR001,AO003,Kredit Produktif SME,SME,188500000,19.0,36
DSB0002458,APP0004075,PR0018582,2025-10-19,BR005,AO018,Kredit Produktif SME,SME,99500000,19.0,12
DSB0002459,APP0004076,PR0018583,2025-10-07,BR002,AO005,Kredit Payroll,Payroll,195000000,15.5,24
DSB0002460,APP0004079,PR0018603,2026-05-14,BR002,AO007,Kredit Payroll,Payroll,94000000,15.5,36
DSB0002461,APP0004080,PR0018612,2025-09-28,BR006,AO024,Kredit Konsumtif,Konsumtif,116000000,18.0,36
DSB0002462,APP0004081,PR0018614,2025-08-15,BR006,AO024,Kredit Mikro,Mikro,28500000,21.0,24
DSB0002463,APP0004082,PR0018616,2026-02-10,BR004,AO014,Kredit Mikro,Mikro,93500000,21.0,18
DSB0002464,APP0004083,PR0018621,2026-04-10,BR004,AO013,Kredit Payroll,Payroll,189500000,15.5,48
DSB0002465,APP0004088,PR0018640,2026-05-01,BR001,AO003,Kredit Konsumtif,Konsumtif,139500000,18.0,12
DSB0002466,APP0004091,PR0018647,2026-05-31,BR004,AO013,Kredit Mikro,Mikro,99000000,21.0,24
DSB0002467,APP0004096,PR0018670,2026-03-31,BR001,AO001,Kredit Mikro,Mikro,20000000,21.0,36
DSB0002468,APP0004097,PR0018675,2025-10-31,BR001,AO002,Kredit Produktif SME,SME,146500000,19.0,60
DSB0002469,APP0004098,PR0018677,2025-10-31,BR002,AO006,Kredit Konsumtif,Konsumtif,99000000,18.0,12
DSB0002470,APP0004099,PR0018682,2026-01-30,BR003,AO010,Kredit Mikro,Mikro,19000000,21.0,24
DSB0002471,APP0004101,PR0018688,2025-10-21,BR001,AO003,Kredit Mikro,Mikro,28500000,21.0,24
DSB0002472,APP0004104,PR0018693,2026-03-24,BR001,AO004,Kredit Mikro,Mikro,100000000,21.0,36
DSB0002473,APP0004109,PR0018732,2026-02-28,BR004,AO013,Kredit Konsumtif,Konsumtif,28000000,18.0,12
DSB0002474,APP0004112,PR0018740,2025-08-05,BR004,AO013,Kredit Konsumtif,Konsumtif,73500000,18.0,24
DSB0002475,APP0004116,PR0018747,2026-04-21,BR006,AO023,Kredit Konsumtif,Konsumtif,49500000,18.0,36
DSB0002476,APP0004118,PR0018766,2025-10-01,BR001,AO003,Kredit Payroll,Payroll,187500000,15.5,48
DSB0002477,APP0004119,PR0018771,2026-01-31,BR003,AO010,Kredit Payroll,Payroll,71000000,15.5,60
DSB0002478,APP0004120,PR0018778,2025-09-29,BR001,AO002,Kredit Mikro,Mikro,49500000,21.0,12
DSB0002479,APP0004121,PR0018782,2026-03-27,BR007,AO026,Kredit Konsumtif,Konsumtif,138500000,18.0,24
DSB0002480,APP0004123,PR0018795,2026-06-29,BR002,AO007,Kredit Konsumtif,Konsumtif,123500000,18.0,12
DSB0002481,APP0004125,PR0018832,2026-06-19,BR004,AO013,Kredit Payroll,Payroll,93000000,15.5,36
DSB0002482,APP0004126,PR0018839,2025-07-12,BR003,AO010,Kredit Produktif SME,SME,473500000,19.0,48
DSB0002483,APP0004127,PR0018854,2026-03-19,BR001,AO004,Kredit Konsumtif,Konsumtif,46500000,18.0,36
DSB0002484,APP0004128,PR0018857,2026-07-01,BR002,AO008,Kredit Payroll,Payroll,97000000,15.5,60
DSB0002485,APP0004131,PR0018867,2025-12-25,BR005,AO020,Kredit Konsumtif,Konsumtif,48500000,18.0,18
DSB0002486,APP0004133,PR0018871,2026-01-31,BR006,AO024,Kredit Konsumtif,Konsumtif,97500000,18.0,24
DSB0002487,APP0004134,PR0018874,2026-01-31,BR005,AO020,Kredit Produktif SME,SME,186000000,19.0,36
DSB0002488,APP0004135,PR0018876,2025-09-23,BR001,AO003,Kredit Mikro,Mikro,49000000,21.0,24
DSB0002489,APP0004136,PR0018877,2025-12-21,BR003,AO010,Kredit Mikro,Mikro,49500000,21.0,12
DSB0002490,APP0004137,PR0018878,2026-05-24,BR003,AO010,Kredit Konsumtif,Konsumtif,70000000,18.0,18
DSB0002491,APP0004138,PR0018879,2026-03-03,BR001,AO003,Kredit Mikro,Mikro,28500000,21.0,12
DSB0002492,APP0004139,PR0018883,2025-12-01,BR006,AO021,Kredit Konsumtif,Konsumtif,143500000,18.0,36
DSB0002493,APP0004140,PR0018888,2025-11-27,BR002,AO007,Kredit Konsumtif,Konsumtif,48000000,18.0,12
DSB0002494,APP0004146,PR0018921,2026-01-25,BR004,AO013,Kredit Produktif SME,SME,294500000,19.0,60
DSB0002495,APP0004148,PR0018930,2026-06-12,BR006,AO021,Kredit Payroll,Payroll,46500000,15.5,48
DSB0002496,APP0004149,PR0018931,2025-12-26,BR004,AO014,Kredit Produktif SME,SME,297500000,19.0,36
DSB0002497,APP0004150,PR0018933,2025-10-01,BR001,AO003,Kredit Mikro,Mikro,48500000,21.0,24
DSB0002498,APP0004152,PR0018938,2025-09-11,BR006,AO024,Kredit Konsumtif,Konsumtif,118000000,18.0,36
DSB0002499,APP0004156,PR0018955,2026-05-24,BR007,AO028,Kredit Produktif SME,SME,471500000,19.0,60
DSB0002500,APP0004162,PR0018988,2026-03-03,BR001,AO002,Kredit Mikro,Mikro,72000000,21.0,18
DSB0002501,APP0004164,PR0018992,2026-01-31,BR006,AO023,Kredit Produktif SME,SME,94500000,19.0,48
DSB0002502,APP0004165,PR0019013,2026-06-21,BR007,AO025,Kredit Konsumtif,Konsumtif,29000000,18.0,18
DSB0002503,APP0004166,PR0019015,2025-07-26,BR005,AO019,Kredit Konsumtif,Konsumtif,118000000,18.0,18
DSB0002504,APP0004167,PR0019021,2026-07-01,BR001,AO003,Kredit Payroll,Payroll,199500000,15.5,36
DSB0002505,APP0004168,PR0019023,2026-03-31,BR003,AO010,Kredit Konsumtif,Konsumtif,74000000,18.0,18
DSB0002506,APP0004169,PR0019025,2026-03-15,BR007,AO028,Kredit Konsumtif,Konsumtif,72000000,18.0,18
DSB0002507,APP0004172,PR0019034,2025-10-01,BR004,AO014,Kredit Konsumtif,Konsumtif,148500000,18.0,36
DSB0002508,APP0004173,PR0019038,2026-01-16,BR006,AO023,Kredit Payroll,Payroll,48500000,15.5,48
DSB0002509,APP0004174,PR0019041,2026-03-31,BR001,AO002,Kredit Konsumtif,Konsumtif,140500000,18.0,36
DSB0002510,APP0004175,PR0019047,2026-03-31,BR002,AO008,Kredit Payroll,Payroll,100000000,15.5,48
DSB0002511,APP0004177,PR0019057,2025-11-30,BR001,AO001,Kredit Payroll,Payroll,192500000,15.5,24
DSB0002512,APP0004178,PR0019058,2026-04-12,BR001,AO003,Kredit Payroll,Payroll,99000000,15.5,12
DSB0002513,APP0004180,PR0019064,2026-03-31,BR002,AO007,Kredit Payroll,Payroll,46000000,15.5,24
DSB0002514,APP0004181,PR0019066,2025-07-16,BR002,AO006,Kredit Mikro,Mikro,69500000,21.0,12
DSB0002515,APP0004182,PR0019072,2026-04-23,BR003,AO012,Kredit Konsumtif,Konsumtif,120500000,18.0,12
DSB0002516,APP0004184,PR0019082,2026-05-31,BR005,AO018,Kredit Konsumtif,Konsumtif,29500000,18.0,24
DSB0002517,APP0004185,PR0019083,2025-12-27,BR002,AO006,Kredit Produktif SME,SME,93000000,19.0,60
DSB0002518,APP0004186,PR0019085,2026-05-22,BR007,AO026,Kredit Konsumtif,Konsumtif,142000000,18.0,12
DSB0002519,APP0004187,PR0019088,2025-09-22,BR001,AO003,Kredit Konsumtif,Konsumtif,141500000,18.0,36
DSB0002520,APP0004188,PR0019102,2025-11-18,BR002,AO005,Kredit Konsumtif,Konsumtif,28000000,18.0,18
DSB0002521,APP0004190,PR0019106,2025-11-16,BR002,AO008,Kredit Payroll,Payroll,94500000,15.5,60
DSB0002522,APP0004192,PR0019115,2026-06-14,BR004,AO016,Kredit Payroll,Payroll,46500000,15.5,36
DSB0002523,APP0004193,PR0019117,2026-05-01,BR001,AO003,Kredit Payroll,Payroll,47000000,15.5,36
DSB0002524,APP0004195,PR0019125,2026-02-24,BR003,AO012,Kredit Mikro,Mikro,92500000,21.0,24
DSB0002525,APP0004196,PR0019130,2025-09-23,BR002,AO006,Kredit Produktif SME,SME,464000000,19.0,24
DSB0002526,APP0004198,PR0019138,2026-03-03,BR006,AO024,Kredit Mikro,Mikro,49500000,21.0,36
DSB0002527,APP0004199,PR0019150,2026-03-02,BR006,AO023,Kredit Konsumtif,Konsumtif,94000000,18.0,24
DSB0002528,APP0004201,PR0019155,2025-07-25,BR002,AO006,Kredit Mikro,Mikro,47500000,21.0,24
DSB0002529,APP0004203,PR0019167,2025-07-31,BR001,AO004,Kredit Konsumtif,Konsumtif,29500000,18.0,24
DSB0002530,APP0004204,PR0019169,2026-06-17,BR001,AO004,Kredit Mikro,Mikro,92500000,21.0,36
DSB0002531,APP0004205,PR0019177,2026-05-01,BR002,AO005,Kredit Payroll,Payroll,70500000,15.5,12
DSB0002532,APP0004206,PR0019182,2025-10-11,BR005,AO018,Kredit Payroll,Payroll,184500000,15.5,48
DSB0002533,APP0004208,PR0019195,2026-06-27,BR002,AO008,Kredit Payroll,Payroll,98000000,15.5,48
DSB0002534,APP0004212,PR0019211,2026-01-31,BR005,AO018,Kredit Konsumtif,Konsumtif,97000000,18.0,36
DSB0002535,APP0004215,PR0019238,2026-05-31,BR001,AO002,Kredit Konsumtif,Konsumtif,94000000,18.0,36
DSB0002536,APP0004216,PR0019243,2025-12-15,BR003,AO009,Kredit Konsumtif,Konsumtif,92500000,18.0,24
DSB0002537,APP0004217,PR0019252,2026-03-31,BR005,AO020,Kredit Payroll,Payroll,50000000,15.5,36
DSB0002538,APP0004219,PR0019255,2026-03-12,BR006,AO021,Kredit Payroll,Payroll,49500000,15.5,24
DSB0002539,APP0004221,PR0019266,2025-09-20,BR003,AO012,Kredit Mikro,Mikro,19000000,21.0,12
DSB0002540,APP0004222,PR0019274,2025-07-12,BR001,AO003,Kredit Mikro,Mikro,70500000,21.0,36
DSB0002541,APP0004223,PR0019279,2026-01-31,BR005,AO018,Kredit Produktif SME,SME,494500000,19.0,60
DSB0002542,APP0004227,PR0019300,2025-12-19,BR006,AO021,Kredit Konsumtif,Konsumtif,29500000,18.0,12
DSB0002543,APP0004229,PR0019308,2025-11-30,BR002,AO007,Kredit Mikro,Mikro,28000000,21.0,36
DSB0002544,APP0004230,PR0019309,2025-08-12,BR001,AO003,Kredit Konsumtif,Konsumtif,124000000,18.0,12
DSB0002545,APP0004231,PR0019318,2025-10-31,BR006,AO021,Kredit Produktif SME,SME,97000000,19.0,36
DSB0002546,APP0004235,PR0019350,2026-03-21,BR006,AO021,Kredit Payroll,Payroll,74500000,15.5,36
DSB0002547,APP0004240,PR0019368,2026-06-22,BR005,AO020,Kredit Produktif SME,SME,952500000,19.0,12
DSB0002548,APP0004241,PR0019393,2025-09-23,BR001,AO001,Kredit Payroll,Payroll,97000000,15.5,36
DSB0002549,APP0004244,PR0019409,2025-12-01,BR007,AO028,Kredit Payroll,Payroll,144000000,15.5,60
DSB0002550,APP0004245,PR0019410,2026-03-03,BR004,AO013,Kredit Konsumtif,Konsumtif,74000000,18.0,36
DSB0002551,APP0004251,PR0019428,2026-05-30,BR005,AO019,Kredit Payroll,Payroll,49500000,15.5,48
DSB0002552,APP0004252,PR0019432,2025-10-01,BR005,AO017,Kredit Konsumtif,Konsumtif,149500000,18.0,36
DSB0002553,APP0004253,PR0019435,2025-11-21,BR001,AO004,Kredit Payroll,Payroll,70500000,15.5,48
DSB0002554,APP0004254,PR0019443,2025-10-01,BR006,AO022,Kredit Produktif SME,SME,200000000,19.0,36
DSB0002555,APP0004255,PR0019444,2025-12-01,BR006,AO021,Kredit Konsumtif,Konsumtif,28000000,18.0,18
DSB0002556,APP0004256,PR0019445,2025-08-11,BR002,AO006,Kredit Konsumtif,Konsumtif,146000000,18.0,12
DSB0002557,APP0004258,PR0019452,2025-12-23,BR003,AO012,Kredit Konsumtif,Konsumtif,117000000,18.0,12
DSB0002558,APP0004264,PR0019483,2025-10-31,BR002,AO005,Kredit Payroll,Payroll,150000000,15.5,12
DSB0002559,APP0004265,PR0019484,2026-05-01,BR006,AO021,Kredit Payroll,Payroll,71500000,15.5,48
DSB0002560,APP0004268,PR0019505,2026-01-21,BR002,AO007,Kredit Payroll,Payroll,193500000,15.5,12
DSB0002561,APP0004269,PR0019512,2026-02-28,BR001,AO003,Kredit Payroll,Payroll,141000000,15.5,48
DSB0002562,APP0004270,PR0019514,2026-03-19,BR003,AO009,Kredit Konsumtif,Konsumtif,48000000,18.0,18
DSB0002563,APP0004273,PR0019517,2026-05-11,BR007,AO028,Kredit Produktif SME,SME,188500000,19.0,12
DSB0002564,APP0004274,PR0019518,2025-10-17,BR001,AO001,Kredit Konsumtif,Konsumtif,99500000,18.0,18
DSB0002565,APP0004276,PR0019531,2025-11-26,BR006,AO024,Kredit Konsumtif,Konsumtif,46000000,18.0,12
DSB0002566,APP0004278,PR0019547,2025-12-14,BR005,AO020,Kredit Produktif SME,SME,291000000,19.0,48
DSB0002567,APP0004280,PR0019552,2026-05-29,BR005,AO020,Kredit Produktif SME,SME,748500000,19.0,36
DSB0002568,APP0004282,PR0019556,2025-12-31,BR007,AO025,Kredit Produktif SME,SME,722000000,19.0,36
DSB0002569,APP0004284,PR0019558,2025-11-22,BR002,AO006,Kredit Payroll,Payroll,71500000,15.5,24
DSB0002570,APP0004286,PR0019568,2026-01-30,BR003,AO010,Kredit Konsumtif,Konsumtif,141000000,18.0,24
DSB0002571,APP0004288,PR0019574,2025-10-01,BR003,AO011,Kredit Payroll,Payroll,145000000,15.5,48
DSB0002572,APP0004289,PR0019579,2025-12-31,BR003,AO011,Kredit Konsumtif,Konsumtif,50000000,18.0,36
DSB0002573,APP0004290,PR0019585,2026-03-31,BR001,AO004,Kredit Mikro,Mikro,73500000,21.0,24
DSB0002574,APP0004291,PR0019592,2025-10-25,BR006,AO021,Kredit Payroll,Payroll,189500000,15.5,24
DSB0002575,APP0004292,PR0019593,2025-12-21,BR001,AO002,Kredit Mikro,Mikro,72500000,21.0,18
DSB0002576,APP0004293,PR0019595,2026-05-31,BR007,AO025,Kredit Mikro,Mikro,20000000,21.0,24
DSB0002577,APP0004294,PR0019598,2026-03-03,BR001,AO003,Kredit Konsumtif,Konsumtif,71000000,18.0,12
DSB0002578,APP0004296,PR0019621,2026-03-18,BR005,AO019,Kredit Payroll,Payroll,47000000,15.5,24
DSB0002579,APP0004302,PR0019642,2025-10-09,BR003,AO011,Kredit Mikro,Mikro,28500000,21.0,12
DSB0002580,APP0004303,PR0019643,2026-05-31,BR003,AO009,Kredit Produktif SME,SME,475500000,19.0,60
DSB0002581,APP0004304,PR0019646,2026-03-27,BR003,AO011,Kredit Mikro,Mikro,47000000,21.0,12
DSB0002582,APP0004306,PR0019648,2025-07-19,BR001,AO001,Kredit Konsumtif,Konsumtif,29500000,18.0,12
DSB0002583,APP0004308,PR0019657,2026-01-31,BR007,AO027,Kredit Mikro,Mikro,48500000,21.0,12
DSB0002584,APP0004309,PR0019659,2025-08-31,BR001,AO002,Kredit Produktif SME,SME,981500000,19.0,60
DSB0002585,APP0004310,PR0019660,2025-12-30,BR001,AO003,Kredit Konsumtif,Konsumtif,47000000,18.0,36
DSB0002586,APP0004311,PR0019662,2026-03-03,BR006,AO023,Kredit Payroll,Payroll,71500000,15.5,48
DSB0002587,APP0004314,PR0019679,2025-07-14,BR003,AO011,Kredit Produktif SME,SME,143500000,19.0,48
DSB0002588,APP0004320,PR0019714,2026-01-13,BR006,AO021,Kredit Mikro,Mikro,74500000,21.0,36
DSB0002589,APP0004321,PR0019726,2026-03-03,BR003,AO009,Kredit Payroll,Payroll,94500000,15.5,48
DSB0002590,APP0004322,PR0019733,2026-06-21,BR005,AO018,Kredit Konsumtif,Konsumtif,47000000,18.0,24
DSB0002591,APP0004327,PR0019751,2026-04-23,BR003,AO011,Kredit Mikro,Mikro,99500000,21.0,18
DSB0002592,APP0004329,PR0019758,2026-04-20,BR003,AO010,Kredit Konsumtif,Konsumtif,93500000,18.0,18
DSB0002593,APP0004330,PR0019761,2025-08-13,BR006,AO023,Kredit Konsumtif,Konsumtif,119000000,18.0,36
DSB0002594,APP0004331,PR0019762,2025-10-01,BR002,AO008,Kredit Produktif SME,SME,282000000,19.0,24
DSB0002595,APP0004334,PR0019775,2025-11-09,BR002,AO006,Kredit Konsumtif,Konsumtif,98500000,18.0,12
DSB0002596,APP0004335,PR0019776,2025-08-31,BR007,AO026,Kredit Payroll,Payroll,191000000,15.5,36
DSB0002597,APP0004336,PR0019777,2026-05-28,BR003,AO009,Kredit Konsumtif,Konsumtif,115500000,18.0,18
DSB0002598,APP0004337,PR0019778,2025-12-26,BR002,AO006,Kredit Payroll,Payroll,147500000,15.5,36
DSB0002599,APP0004338,PR0019779,2026-07-01,BR002,AO008,Kredit Payroll,Payroll,192000000,15.5,48
DSB0002600,APP0004340,PR0019789,2026-05-17,BR002,AO006,Kredit Mikro,Mikro,49500000,21.0,24
DSB0002601,APP0004341,PR0019791,2026-05-17,BR005,AO017,Kredit Payroll,Payroll,97000000,15.5,36
DSB0002602,APP0004342,PR0019794,2025-12-23,BR002,AO007,Kredit Produktif SME,SME,486500000,19.0,24
DSB0002603,APP0004343,PR0019795,2025-08-27,BR003,AO011,Kredit Konsumtif,Konsumtif,118500000,18.0,18
DSB0002604,APP0004344,PR0019796,2026-02-18,BR007,AO028,Kredit Payroll,Payroll,92500000,15.5,60
DSB0002605,APP0004345,PR0019803,2026-01-23,BR001,AO003,Kredit Mikro,Mikro,73000000,21.0,18
DSB0002606,APP0004347,PR0019808,2025-09-18,BR001,AO003,Kredit Mikro,Mikro,18500000,21.0,36
DSB0002607,APP0004348,PR0019809,2026-01-22,BR007,AO026,Kredit Konsumtif,Konsumtif,69000000,18.0,36
DSB0002608,APP0004349,PR0019818,2026-03-18,BR005,AO017,Kredit Payroll,Payroll,188500000,15.5,36
DSB0002609,APP0004350,PR0019825,2025-10-31,BR001,AO002,Kredit Konsumtif,Konsumtif,142500000,18.0,12
DSB0002610,APP0004351,PR0019827,2026-05-31,BR001,AO003,Kredit Payroll,Payroll,48000000,15.5,48
DSB0002611,APP0004352,PR0019831,2025-10-01,BR007,AO028,Kredit Produktif SME,SME,463000000,19.0,24
DSB0002612,APP0004353,PR0019837,2025-09-30,BR002,AO005,Kredit Konsumtif,Konsumtif,142500000,18.0,24
DSB0002613,APP0004354,PR0019848,2025-10-01,BR001,AO003,Kredit Payroll,Payroll,94500000,15.5,24
DSB0002614,APP0004355,PR0019849,2025-09-07,BR005,AO018,Kredit Payroll,Payroll,192500000,15.5,48
DSB0002615,APP0004356,PR0019850,2025-12-14,BR001,AO001,Kredit Konsumtif,Konsumtif,74000000,18.0,36
DSB0002616,APP0004357,PR0019855,2026-06-19,BR001,AO003,Kredit Produktif SME,SME,287000000,19.0,12
DSB0002617,APP0004361,PR0019871,2025-12-22,BR003,AO011,Kredit Payroll,Payroll,184500000,15.5,36
DSB0002618,APP0004362,PR0019877,2025-07-08,BR003,AO010,Kredit Payroll,Payroll,49000000,15.5,24
DSB0002619,APP0004363,PR0019881,2026-06-27,BR002,AO005,Kredit Produktif SME,SME,97000000,19.0,60
DSB0002620,APP0004364,PR0019885,2025-10-01,BR005,AO018,Kredit Payroll,Payroll,139500000,15.5,24
DSB0002621,APP0004365,PR0019886,2025-12-01,BR007,AO027,Kredit Mikro,Mikro,50000000,21.0,24
DSB0002622,APP0004366,PR0019893,2026-03-01,BR005,AO018,Kredit Produktif SME,SME,141000000,19.0,24
DSB0002623,APP0004367,PR0019899,2026-05-11,BR006,AO021,Kredit Mikro,Mikro,71500000,21.0,24
DSB0002624,APP0004369,PR0019902,2026-05-01,BR002,AO005,Kredit Payroll,Payroll,141500000,15.5,60
DSB0002625,APP0004370,PR0019905,2026-07-01,BR002,AO007,Kredit Mikro,Mikro,29500000,21.0,18
DSB0002626,APP0004371,PR0019909,2025-09-25,BR001,AO004,Kredit Mikro,Mikro,19000000,21.0,12
DSB0002627,APP0004372,PR0019919,2026-02-28,BR004,AO015,Kredit Payroll,Payroll,49000000,15.5,48
DSB0002628,APP0004376,PR0019941,2026-03-23,BR001,AO004,Kredit Payroll,Payroll,96000000,15.5,36
DSB0002629,APP0004377,PR0019942,2025-10-31,BR005,AO018,Kredit Produktif SME,SME,282500000,19.0,36
DSB0002630,APP0004378,PR0019947,2026-04-20,BR007,AO027,Kredit Mikro,Mikro,29000000,21.0,18
DSB0002631,APP0004380,PR0019964,2026-01-31,BR002,AO005,Kredit Payroll,Payroll,149500000,15.5,24
DSB0002632,APP0004381,PR0019969,2026-03-31,BR004,AO013,Kredit Konsumtif,Konsumtif,93500000,18.0,36
DSB0002633,APP0004382,PR0019974,2025-08-30,BR007,AO026,Kredit Mikro,Mikro,72000000,21.0,18
DSB0002634,APP0004383,PR0019975,2026-03-31,BR005,AO020,Kredit Payroll,Payroll,185500000,15.5,48
DSB0002635,APP0004384,PR0019981,2026-05-19,BR005,AO017,Kredit Payroll,Payroll,69000000,15.5,36
DSB0002636,APP0004387,PR0019992,2026-03-15,BR004,AO015,Kredit Konsumtif,Konsumtif,48500000,18.0,18
DSB0002637,APP0004389,PR0020005,2026-05-01,BR005,AO019,Kredit Konsumtif,Konsumtif,99000000,18.0,36
DSB0002638,APP0004391,PR0020022,2025-08-27,BR002,AO008,Kredit Produktif SME,SME,98500000,19.0,48
DSB0002639,APP0004392,PR0020023,2026-05-01,BR001,AO004,Kredit Mikro,Mikro,74000000,21.0,24
DSB0002640,APP0004397,PR0020037,2026-01-14,BR001,AO004,Kredit Payroll,Payroll,93500000,15.5,60
DSB0002641,APP0004398,PR0020051,2026-06-16,BR004,AO014,Kredit Payroll,Payroll,47000000,15.5,12
DSB0002642,APP0004402,PR0020062,2025-07-31,BR004,AO013,Kredit Mikro,Mikro,92500000,21.0,24
DSB0002643,APP0004404,PR0020076,2025-11-19,BR002,AO008,Kredit Mikro,Mikro,18500000,21.0,12
DSB0002644,APP0004405,PR0020077,2026-03-28,BR002,AO006,Kredit Konsumtif,Konsumtif,145500000,18.0,18
DSB0002645,APP0004406,PR0020084,2025-07-13,BR007,AO027,Kredit Konsumtif,Konsumtif,49000000,18.0,36
DSB0002646,APP0004408,PR0020088,2026-06-30,BR005,AO018,Kredit Produktif SME,SME,97000000,19.0,60
DSB0002647,APP0004410,PR0020097,2025-09-18,BR003,AO011,Kredit Konsumtif,Konsumtif,46500000,18.0,18
DSB0002648,APP0004411,PR0020106,2026-01-31,BR003,AO010,Kredit Mikro,Mikro,99000000,21.0,36
DSB0002649,APP0004412,PR0020107,2026-03-03,BR007,AO026,Kredit Mikro,Mikro,19500000,21.0,12
DSB0002650,APP0004413,PR0020115,2026-04-24,BR005,AO020,Kredit Mikro,Mikro,71000000,21.0,24
DSB0002651,APP0004414,PR0020116,2026-04-26,BR002,AO007,Kredit Produktif SME,SME,697000000,19.0,48
DSB0002652,APP0004415,PR0020118,2025-10-01,BR001,AO002,Kredit Konsumtif,Konsumtif,148000000,18.0,36
DSB0002653,APP0004416,PR0020119,2025-10-08,BR002,AO008,Kredit Mikro,Mikro,69500000,21.0,36
DSB0002654,APP0004417,PR0020121,2026-03-07,BR004,AO015,Kredit Payroll,Payroll,97000000,15.5,48
DSB0002655,APP0004418,PR0020123,2026-06-14,BR003,AO012,Kredit Payroll,Payroll,46500000,15.5,48
DSB0002656,APP0004420,PR0020128,2025-12-01,BR006,AO022,Kredit Konsumtif,Konsumtif,149000000,18.0,24
DSB0002657,APP0004423,PR0020131,2025-08-21,BR002,AO006,Kredit Konsumtif,Konsumtif,48000000,18.0,36
DSB0002658,APP0004424,PR0020132,2026-05-01,BR005,AO019,Kredit Konsumtif,Konsumtif,93000000,18.0,12
DSB0002659,APP0004426,PR0020137,2025-09-19,BR006,AO024,Kredit Mikro,Mikro,97000000,21.0,18
DSB0002660,APP0004427,PR0020148,2026-07-01,BR007,AO028,Kredit Payroll,Payroll,187500000,15.5,48
DSB0002661,APP0004429,PR0020158,2026-06-26,BR001,AO001,Kredit Payroll,Payroll,142500000,15.5,60
DSB0002662,APP0004432,PR0020164,2025-09-21,BR003,AO011,Kredit Produktif SME,SME,290000000,19.0,12
DSB0002663,APP0004433,PR0020166,2026-01-17,BR006,AO022,Kredit Produktif SME,SME,462500000,19.0,12
DSB0002664,APP0004435,PR0020178,2026-01-30,BR001,AO001,Kredit Konsumtif,Konsumtif,28000000,18.0,12
DSB0002665,APP0004439,PR0020199,2025-12-21,BR003,AO010,Kredit Mikro,Mikro,29500000,21.0,12
DSB0002666,APP0004442,PR0020212,2025-09-23,BR005,AO020,Kredit Produktif SME,SME,739000000,19.0,60
DSB0002667,APP0004443,PR0020213,2025-09-14,BR004,AO013,Kredit Payroll,Payroll,47500000,15.5,60
DSB0002668,APP0004444,PR0020215,2026-01-19,BR007,AO026,Kredit Mikro,Mikro,30000000,21.0,18
DSB0002669,APP0004445,PR0020216,2026-04-15,BR006,AO022,Kredit Mikro,Mikro,19500000,21.0,12
DSB0002670,APP0004446,PR0020219,2026-05-26,BR005,AO019,Kredit Mikro,Mikro,70500000,21.0,36
DSB0002671,APP0004449,PR0020228,2026-01-31,BR001,AO003,Kredit Payroll,Payroll,71000000,15.5,24
DSB0002672,APP0004450,PR0020239,2026-03-13,BR002,AO007,Kredit Payroll,Payroll,99000000,15.5,48
DSB0002673,APP0004452,PR0020241,2026-06-23,BR007,AO028,Kredit Mikro,Mikro,28500000,21.0,12
DSB0002674,APP0004454,PR0020248,2025-08-08,BR007,AO028,Kredit Konsumtif,Konsumtif,98000000,18.0,18
DSB0002675,APP0004455,PR0020250,2025-10-23,BR004,AO014,Kredit Konsumtif,Konsumtif,138000000,18.0,24
DSB0002676,APP0004457,PR0020260,2026-02-23,BR005,AO019,Kredit Konsumtif,Konsumtif,122000000,18.0,24
DSB0002677,APP0004460,PR0020286,2026-02-23,BR001,AO002,Kredit Payroll,Payroll,144500000,15.5,36
DSB0002678,APP0004462,PR0020290,2025-09-16,BR001,AO001,Kredit Mikro,Mikro,47000000,21.0,36
DSB0002679,APP0004463,PR0020291,2026-02-25,BR001,AO002,Kredit Mikro,Mikro,49500000,21.0,24
DSB0002680,APP0004464,PR0020306,2026-06-22,BR005,AO020,Kredit Produktif SME,SME,494000000,19.0,36
DSB0002681,APP0004465,PR0020308,2026-03-18,BR003,AO009,Kredit Produktif SME,SME,149500000,19.0,60
DSB0002682,APP0004466,PR0020312,2026-03-23,BR003,AO009,Kredit Konsumtif,Konsumtif,70500000,18.0,18
DSB0002683,APP0004468,PR0020318,2025-10-12,BR003,AO011,Kredit Konsumtif,Konsumtif,95000000,18.0,36
DSB0002684,APP0004469,PR0020326,2026-01-10,BR001,AO004,Kredit Mikro,Mikro,49500000,21.0,18
DSB0002685,APP0004470,PR0020330,2026-06-29,BR001,AO004,Kredit Produktif SME,SME,144500000,19.0,48
DSB0002686,APP0004472,PR0020336,2025-11-21,BR005,AO018,Kredit Produktif SME,SME,965000000,19.0,36
DSB0002687,APP0004474,PR0020348,2026-03-03,BR004,AO014,Kredit Payroll,Payroll,148000000,15.5,48
DSB0002688,APP0004475,PR0020352,2026-02-17,BR004,AO013,Kredit Payroll,Payroll,69500000,15.5,60
DSB0002689,APP0004476,PR0020357,2025-08-23,BR001,AO002,Kredit Payroll,Payroll,191000000,15.5,24
DSB0002690,APP0004480,PR0020391,2025-10-31,BR005,AO020,Kredit Mikro,Mikro,18500000,21.0,36
DSB0002691,APP0004482,PR0020397,2026-03-03,BR002,AO008,Kredit Konsumtif,Konsumtif,29000000,18.0,24
DSB0002692,APP0004483,PR0020410,2025-07-31,BR007,AO026,Kredit Payroll,Payroll,149000000,15.5,60
DSB0002693,APP0004484,PR0020416,2025-08-23,BR002,AO007,Kredit Payroll,Payroll,100000000,15.5,24
DSB0002694,APP0004485,PR0020425,2025-10-10,BR003,AO011,Kredit Produktif SME,SME,145000000,19.0,36
DSB0002695,APP0004486,PR0020433,2026-01-17,BR007,AO025,Kredit Produktif SME,SME,747500000,19.0,24
DSB0002696,APP0004487,PR0020434,2026-04-16,BR002,AO005,Kredit Konsumtif,Konsumtif,49000000,18.0,36
DSB0002697,APP0004489,PR0020444,2025-07-17,BR001,AO004,Kredit Payroll,Payroll,93500000,15.5,48
DSB0002698,APP0004492,PR0020449,2026-01-10,BR005,AO018,Kredit Payroll,Payroll,190000000,15.5,24
DSB0002699,APP0004494,PR0020453,2026-02-17,BR002,AO006,Kredit Produktif SME,SME,188000000,19.0,36
DSB0002700,APP0004495,PR0020456,2025-12-31,BR002,AO005,Kredit Payroll,Payroll,187000000,15.5,36
DSB0002701,APP0004497,PR0020462,2025-09-19,BR002,AO007,Kredit Mikro,Mikro,96500000,21.0,36
DSB0002702,APP0004498,PR0020464,2026-05-19,BR007,AO028,Kredit Konsumtif,Konsumtif,118500000,18.0,12
DSB0002703,APP0004499,PR0020465,2026-01-31,BR002,AO005,Kredit Payroll,Payroll,95500000,15.5,36
DSB0002704,APP0004502,PR0020483,2025-12-13,BR002,AO007,Kredit Konsumtif,Konsumtif,28000000,18.0,36
DSB0002705,APP0004503,PR0020486,2025-08-23,BR005,AO017,Kredit Konsumtif,Konsumtif,50000000,18.0,36
DSB0002706,APP0004504,PR0020487,2025-10-23,BR005,AO019,Kredit Payroll,Payroll,70000000,15.5,36
DSB0002707,APP0004506,PR0020491,2026-06-09,BR007,AO025,Kredit Payroll,Payroll,97000000,15.5,24
DSB0002708,APP0004507,PR0020506,2026-01-25,BR003,AO010,Kredit Mikro,Mikro,70000000,21.0,36
DSB0002709,APP0004509,PR0020517,2025-09-12,BR005,AO020,Kredit Produktif SME,SME,139500000,19.0,36
DSB0002710,APP0004510,PR0020519,2025-12-01,BR005,AO019,Kredit Mikro,Mikro,48500000,21.0,36
DSB0002711,APP0004512,PR0020530,2025-12-01,BR001,AO002,Kredit Mikro,Mikro,28500000,21.0,24
DSB0002712,APP0004514,PR0020558,2026-01-31,BR002,AO007,Kredit Konsumtif,Konsumtif,117500000,18.0,24
DSB0002713,APP0004515,PR0020575,2026-06-28,BR002,AO007,Kredit Konsumtif,Konsumtif,70000000,18.0,24
DSB0002714,APP0004519,PR0020586,2025-12-29,BR007,AO025,Kredit Payroll,Payroll,70500000,15.5,48
DSB0002715,APP0004520,PR0020587,2026-01-31,BR007,AO027,Kredit Mikro,Mikro,29500000,21.0,36
DSB0002716,APP0004521,PR0020595,2025-11-21,BR006,AO022,Kredit Konsumtif,Konsumtif,93500000,18.0,12
DSB0002717,APP0004524,PR0020611,2025-08-11,BR007,AO027,Kredit Konsumtif,Konsumtif,142500000,18.0,18
DSB0002718,APP0004525,PR0020612,2026-05-23,BR002,AO006,Kredit Payroll,Payroll,48000000,15.5,48
DSB0002719,APP0004528,PR0020631,2025-12-17,BR004,AO015,Kredit Konsumtif,Konsumtif,29000000,18.0,12
DSB0002720,APP0004529,PR0020632,2025-12-10,BR005,AO017,Kredit Payroll,Payroll,147000000,15.5,24
DSB0002721,APP0004530,PR0020634,2026-04-15,BR001,AO003,Kredit Konsumtif,Konsumtif,29500000,18.0,36
DSB0002722,APP0004531,PR0020636,2025-10-01,BR001,AO003,Kredit Produktif SME,SME,94500000,19.0,48
DSB0002723,APP0004533,PR0020641,2025-12-22,BR001,AO003,Kredit Produktif SME,SME,928000000,19.0,60
DSB0002724,APP0004534,PR0020648,2026-02-14,BR001,AO001,Kredit Produktif SME,SME,711500000,19.0,36
DSB0002725,APP0004539,PR0020658,2026-02-24,BR006,AO021,Kredit Konsumtif,Konsumtif,70000000,18.0,18
DSB0002726,APP0004540,PR0020659,2026-01-22,BR001,AO001,Kredit Konsumtif,Konsumtif,116000000,18.0,24
DSB0002727,APP0004542,PR0020663,2026-04-20,BR005,AO018,Kredit Mikro,Mikro,20000000,21.0,12
DSB0002728,APP0004543,PR0020666,2025-11-21,BR006,AO024,Kredit Payroll,Payroll,93500000,15.5,12
DSB0002729,APP0004544,PR0020668,2025-08-31,BR001,AO003,Kredit Konsumtif,Konsumtif,146500000,18.0,18
DSB0002730,APP0004545,PR0020676,2026-03-26,BR001,AO004,Kredit Konsumtif,Konsumtif,117000000,18.0,12
DSB0002731,APP0004546,PR0020678,2026-05-19,BR004,AO015,Kredit Konsumtif,Konsumtif,74000000,18.0,18
DSB0002732,APP0004547,PR0020679,2025-12-11,BR006,AO021,Kredit Produktif SME,SME,98000000,19.0,60
DSB0002733,APP0004548,PR0020682,2026-05-12,BR005,AO018,Kredit Produktif SME,SME,278000000,19.0,24
DSB0002734,APP0004549,PR0020687,2025-08-17,BR003,AO011,Kredit Konsumtif,Konsumtif,99000000,18.0,18
DSB0002735,APP0004551,PR0020696,2025-08-31,BR002,AO005,Kredit Mikro,Mikro,70000000,21.0,24
DSB0002736,APP0004552,PR0020703,2026-03-31,BR007,AO025,Kredit Konsumtif,Konsumtif,28000000,18.0,24
DSB0002737,APP0004553,PR0020707,2026-05-13,BR006,AO021,Kredit Payroll,Payroll,99000000,15.5,48
DSB0002738,APP0004555,PR0020714,2026-06-15,BR002,AO005,Kredit Produktif SME,SME,197500000,19.0,60
DSB0002739,APP0004556,PR0020715,2025-12-23,BR002,AO006,Kredit Produktif SME,SME,498500000,19.0,12
DSB0002740,APP0004557,PR0020720,2025-07-29,BR007,AO025,Kredit Produktif SME,SME,96500000,19.0,48
DSB0002741,APP0004559,PR0020726,2026-01-31,BR006,AO022,Kredit Payroll,Payroll,100000000,15.5,48
DSB0002742,APP0004560,PR0020730,2026-01-31,BR004,AO013,Kredit Mikro,Mikro,74000000,21.0,24
DSB0002743,APP0004561,PR0020736,2025-12-28,BR001,AO002,Kredit Mikro,Mikro,19500000,21.0,12
DSB0002744,APP0004562,PR0020739,2025-07-15,BR003,AO011,Kredit Mikro,Mikro,48000000,21.0,12
DSB0002745,APP0004564,PR0020742,2025-10-01,BR005,AO018,Kredit Payroll,Payroll,193000000,15.5,24
DSB0002746,APP0004565,PR0020747,2026-01-31,BR001,AO004,Kredit Payroll,Payroll,148000000,15.5,12
DSB0002747,APP0004566,PR0020749,2026-02-10,BR006,AO023,Kredit Payroll,Payroll,70500000,15.5,36
DSB0002748,APP0004567,PR0020754,2026-03-24,BR002,AO007,Kredit Payroll,Payroll,99000000,15.5,24
DSB0002749,APP0004568,PR0020758,2025-12-23,BR006,AO023,Kredit Produktif SME,SME,291000000,19.0,48
DSB0002750,APP0004569,PR0020772,2026-01-31,BR001,AO003,Kredit Konsumtif,Konsumtif,48000000,18.0,36
DSB0002751,APP0004571,PR0020780,2025-10-29,BR007,AO028,Kredit Mikro,Mikro,19000000,21.0,24
DSB0002752,APP0004572,PR0020788,2025-10-22,BR004,AO013,Kredit Konsumtif,Konsumtif,98500000,18.0,36
DSB0002753,APP0004574,PR0020796,2026-05-31,BR002,AO006,Kredit Produktif SME,SME,700000000,19.0,48
DSB0002754,APP0004575,PR0020802,2026-02-14,BR003,AO012,Kredit Payroll,Payroll,186500000,15.5,48
DSB0002755,APP0004576,PR0020805,2026-03-18,BR001,AO001,Kredit Konsumtif,Konsumtif,30000000,18.0,36
DSB0002756,APP0004577,PR0020807,2025-12-15,BR002,AO005,Kredit Mikro,Mikro,74000000,21.0,36
DSB0002757,APP0004578,PR0020808,2025-07-27,BR006,AO023,Kredit Produktif SME,SME,284500000,19.0,24
DSB0002758,APP0004580,PR0020812,2026-04-24,BR003,AO010,Kredit Payroll,Payroll,147000000,15.5,60
DSB0002759,APP0004581,PR0020815,2026-04-22,BR003,AO009,Kredit Konsumtif,Konsumtif,47500000,18.0,36
DSB0002760,APP0004584,PR0020835,2025-09-24,BR001,AO001,Kredit Mikro,Mikro,47500000,21.0,36
DSB0002761,APP0004585,PR0020839,2025-12-22,BR002,AO007,Kredit Konsumtif,Konsumtif,124500000,18.0,36
DSB0002762,APP0004586,PR0020844,2026-05-30,BR002,AO005,Kredit Konsumtif,Konsumtif,73500000,18.0,36
DSB0002763,APP0004587,PR0020847,2026-04-29,BR003,AO009,Kredit Konsumtif,Konsumtif,49500000,18.0,36
DSB0002764,APP0004589,PR0020852,2025-11-21,BR001,AO004,Kredit Mikro,Mikro,92000000,21.0,24
DSB0002765,APP0004594,PR0020872,2026-07-01,BR006,AO024,Kredit Produktif SME,SME,98000000,19.0,60
DSB0002766,APP0004596,PR0020879,2025-11-14,BR005,AO019,Kredit Konsumtif,Konsumtif,95000000,18.0,12
DSB0002767,APP0004597,PR0020883,2026-06-16,BR001,AO003,Kredit Konsumtif,Konsumtif,50000000,18.0,36
DSB0002768,APP0004599,PR0020909,2025-09-20,BR003,AO009,Kredit Payroll,Payroll,48000000,15.5,60
DSB0002769,APP0004602,PR0020947,2025-10-16,BR006,AO021,Kredit Konsumtif,Konsumtif,47000000,18.0,36
DSB0002770,APP0004604,PR0020954,2026-05-18,BR006,AO023,Kredit Mikro,Mikro,28500000,21.0,18
DSB0002771,APP0004605,PR0020955,2026-03-23,BR002,AO008,Kredit Konsumtif,Konsumtif,115000000,18.0,12
DSB0002772,APP0004606,PR0020966,2026-01-18,BR007,AO027,Kredit Konsumtif,Konsumtif,143500000,18.0,18
DSB0002773,APP0004609,PR0020981,2025-12-06,BR003,AO011,Kredit Payroll,Payroll,48500000,15.5,24
DSB0002774,APP0004611,PR0020998,2025-08-31,BR004,AO013,Kredit Konsumtif,Konsumtif,97000000,18.0,24
DSB0002775,APP0004612,PR0020999,2026-06-25,BR005,AO020,Kredit Payroll,Payroll,95000000,15.5,48
DSB0002776,APP0004613,PR0021000,2026-03-06,BR004,AO013,Kredit Payroll,Payroll,199500000,15.5,60
DSB0002777,APP0004614,PR0021003,2026-06-29,BR001,AO001,Kredit Konsumtif,Konsumtif,49500000,18.0,12
DSB0002778,APP0004616,PR0021029,2026-05-23,BR005,AO019,Kredit Konsumtif,Konsumtif,143500000,18.0,12
DSB0002779,APP0004619,PR0021034,2025-12-18,BR003,AO011,Kredit Payroll,Payroll,194500000,15.5,36
DSB0002780,APP0004620,PR0021039,2025-09-24,BR007,AO028,Kredit Payroll,Payroll,74000000,15.5,24
DSB0002781,APP0004621,PR0021042,2025-10-01,BR006,AO021,Kredit Produktif SME,SME,492500000,19.0,60
DSB0002782,APP0004622,PR0021045,2025-12-28,BR003,AO010,Kredit Payroll,Payroll,150000000,15.5,12
DSB0002783,APP0004623,PR0021048,2025-07-30,BR002,AO006,Kredit Konsumtif,Konsumtif,94000000,18.0,12
DSB0002784,APP0004625,PR0021055,2025-08-31,BR004,AO015,Kredit Payroll,Payroll,69500000,15.5,12
DSB0002785,APP0004627,PR0021064,2026-05-01,BR004,AO013,Kredit Mikro,Mikro,28000000,21.0,12
DSB0002786,APP0004628,PR0021065,2025-12-15,BR007,AO028,Kredit Konsumtif,Konsumtif,28500000,18.0,24
DSB0002787,APP0004630,PR0021083,2026-07-01,BR003,AO012,Kredit Mikro,Mikro,28500000,21.0,12
DSB0002788,APP0004631,PR0021086,2026-02-16,BR002,AO006,Kredit Mikro,Mikro,46500000,21.0,12
DSB0002789,APP0004633,PR0021102,2026-04-16,BR002,AO007,Kredit Konsumtif,Konsumtif,120500000,18.0,24
DSB0002790,APP0004637,PR0021122,2025-08-16,BR002,AO006,Kredit Konsumtif,Konsumtif,122500000,18.0,24
DSB0002791,APP0004639,PR0021126,2026-04-21,BR002,AO006,Kredit Konsumtif,Konsumtif,142000000,18.0,12
DSB0002792,APP0004640,PR0021127,2025-08-14,BR002,AO008,Kredit Konsumtif,Konsumtif,72000000,18.0,36
DSB0002793,APP0004641,PR0021128,2025-10-22,BR006,AO023,Kredit Konsumtif,Konsumtif,147000000,18.0,36
DSB0002794,APP0004644,PR0021135,2026-01-29,BR006,AO021,Kredit Mikro,Mikro,74000000,21.0,36
DSB0002795,APP0004647,PR0021158,2025-07-19,BR002,AO005,Kredit Mikro,Mikro,27500000,21.0,18
DSB0002796,APP0004648,PR0021160,2025-11-17,BR003,AO010,Kredit Konsumtif,Konsumtif,141000000,18.0,18
DSB0002797,APP0004651,PR0021175,2026-03-15,BR004,AO014,Kredit Konsumtif,Konsumtif,122500000,18.0,24
DSB0002798,APP0004652,PR0021181,2026-03-31,BR007,AO027,Kredit Konsumtif,Konsumtif,74000000,18.0,24
DSB0002799,APP0004657,PR0021191,2026-05-01,BR001,AO003,Kredit Mikro,Mikro,49000000,21.0,36
DSB0002800,APP0004658,PR0021194,2025-10-01,BR001,AO003,Kredit Mikro,Mikro,48000000,21.0,18
DSB0002801,APP0004661,PR0021203,2026-03-03,BR004,AO013,Kredit Konsumtif,Konsumtif,72000000,18.0,12
DSB0002802,APP0004663,PR0021206,2026-04-30,BR002,AO008,Kredit Payroll,Payroll,49000000,15.5,36
DSB0002803,APP0004665,PR0021211,2026-03-31,BR007,AO027,Kredit Produktif SME,SME,198000000,19.0,12
DSB0002804,APP0004666,PR0021216,2026-03-13,BR006,AO023,Kredit Produktif SME,SME,479000000,19.0,48
DSB0002805,APP0004667,PR0021217,2025-12-22,BR005,AO019,Kredit Konsumtif,Konsumtif,27500000,18.0,24
DSB0002806,APP0004670,PR0021232,2026-05-31,BR002,AO006,Kredit Konsumtif,Konsumtif,149500000,18.0,12
DSB0002807,APP0004671,PR0021235,2026-03-17,BR005,AO018,Kredit Konsumtif,Konsumtif,123500000,18.0,24
DSB0002808,APP0004672,PR0021238,2026-07-01,BR002,AO006,Kredit Payroll,Payroll,47000000,15.5,36
DSB0002809,APP0004673,PR0021240,2025-12-14,BR006,AO024,Kredit Konsumtif,Konsumtif,95500000,18.0,24
DSB0002810,APP0004676,PR0021254,2025-10-01,BR007,AO026,Kredit Payroll,Payroll,73500000,15.5,48
DSB0002811,APP0004677,PR0021257,2025-11-25,BR001,AO002,Kredit Konsumtif,Konsumtif,96500000,18.0,18
DSB0002812,APP0004679,PR0021262,2026-01-23,BR005,AO017,Kredit Konsumtif,Konsumtif,92500000,18.0,24
DSB0002813,APP0004683,PR0021277,2026-03-18,BR006,AO024,Kredit Payroll,Payroll,96500000,15.5,48
DSB0002814,APP0004684,PR0021279,2026-05-28,BR006,AO022,Kredit Mikro,Mikro,48500000,21.0,12
DSB0002815,APP0004685,PR0021286,2026-03-31,BR001,AO003,Kredit Produktif SME,SME,743000000,19.0,36
DSB0002816,APP0004686,PR0021292,2026-05-19,BR001,AO003,Kredit Konsumtif,Konsumtif,140500000,18.0,36
DSB0002817,APP0004687,PR0021295,2025-07-23,BR003,AO011,Kredit Payroll,Payroll,187500000,15.5,60
DSB0002818,APP0004688,PR0021296,2025-07-16,BR001,AO001,Kredit Produktif SME,SME,95500000,19.0,36
DSB0002819,APP0004690,PR0021299,2025-11-29,BR002,AO007,Kredit Konsumtif,Konsumtif,46500000,18.0,18
DSB0002820,APP0004691,PR0021305,2026-03-20,BR006,AO023,Kredit Mikro,Mikro,18500000,21.0,18
DSB0002821,APP0004692,PR0021315,2026-03-03,BR005,AO017,Kredit Mikro,Mikro,48000000,21.0,12
DSB0002822,APP0004694,PR0021326,2026-03-21,BR001,AO003,Kredit Mikro,Mikro,29000000,21.0,36
DSB0002823,APP0004702,PR0021357,2025-10-01,BR006,AO021,Kredit Konsumtif,Konsumtif,99500000,18.0,12
DSB0002824,APP0004704,PR0021367,2026-05-31,BR001,AO004,Kredit Payroll,Payroll,49000000,15.5,60
DSB0002825,APP0004705,PR0021369,2025-12-09,BR006,AO021,Kredit Payroll,Payroll,72000000,15.5,12
DSB0002826,APP0004706,PR0021372,2025-08-22,BR007,AO028,Kredit Payroll,Payroll,142500000,15.5,48
DSB0002827,APP0004707,PR0021374,2025-12-31,BR006,AO023,Kredit Mikro,Mikro,93000000,21.0,12
DSB0002828,APP0004711,PR0021390,2026-01-14,BR001,AO002,Kredit Produktif SME,SME,94500000,19.0,36
DSB0002829,APP0004712,PR0021391,2026-01-17,BR001,AO001,Kredit Payroll,Payroll,140000000,15.5,24
DSB0002830,APP0004715,PR0021397,2026-06-06,BR003,AO012,Kredit Payroll,Payroll,96000000,15.5,48
DSB0002831,APP0004716,PR0021401,2026-03-27,BR001,AO002,Kredit Mikro,Mikro,19500000,21.0,12
DSB0002832,APP0004718,PR0021414,2026-03-03,BR007,AO025,Kredit Produktif SME,SME,148500000,19.0,36
DSB0002833,APP0004719,PR0021429,2026-01-22,BR002,AO007,Kredit Konsumtif,Konsumtif,147000000,18.0,24
DSB0002834,APP0004721,PR0021443,2026-04-11,BR005,AO019,Kredit Konsumtif,Konsumtif,97000000,18.0,12
DSB0002835,APP0004723,PR0021451,2026-03-13,BR006,AO023,Kredit Payroll,Payroll,146000000,15.5,48
DSB0002836,APP0004726,PR0021461,2026-05-16,BR006,AO022,Kredit Konsumtif,Konsumtif,49000000,18.0,12
DSB0002837,APP0004727,PR0021463,2026-05-31,BR002,AO007,Kredit Mikro,Mikro,28000000,21.0,24
DSB0002838,APP0004728,PR0021464,2026-06-23,BR004,AO014,Kredit Mikro,Mikro,49000000,21.0,18
DSB0002839,APP0004729,PR0021467,2026-05-31,BR006,AO021,Kredit Konsumtif,Konsumtif,148500000,18.0,24
DSB0002840,APP0004732,PR0021477,2025-08-13,BR006,AO022,Kredit Payroll,Payroll,49000000,15.5,60
DSB0002841,APP0004734,PR0021484,2026-06-24,BR003,AO009,Kredit Konsumtif,Konsumtif,93500000,18.0,12
DSB0002842,APP0004736,PR0021496,2025-10-25,BR002,AO008,Kredit Mikro,Mikro,92500000,21.0,36
DSB0002843,APP0004738,PR0021502,2026-05-25,BR001,AO004,Kredit Payroll,Payroll,194000000,15.5,48
DSB0002844,APP0004741,PR0021520,2025-12-23,BR003,AO011,Kredit Mikro,Mikro,69500000,21.0,36
DSB0002845,APP0004742,PR0021521,2025-10-31,BR007,AO026,Kredit Mikro,Mikro,98500000,21.0,18
DSB0002846,APP0004743,PR0021533,2026-06-13,BR003,AO009,Kredit Payroll,Payroll,143500000,15.5,36
DSB0002847,APP0004745,PR0021547,2026-01-27,BR001,AO001,Kredit Konsumtif,Konsumtif,120000000,18.0,36
DSB0002848,APP0004747,PR0021550,2025-07-24,BR003,AO012,Kredit Payroll,Payroll,143500000,15.5,60
DSB0002849,APP0004748,PR0021559,2026-03-03,BR002,AO007,Kredit Konsumtif,Konsumtif,94500000,18.0,36
DSB0002850,APP0004749,PR0021562,2026-05-19,BR006,AO022,Kredit Payroll,Payroll,73000000,15.5,24
DSB0002851,APP0004750,PR0021570,2026-03-27,BR005,AO020,Kredit Payroll,Payroll,144500000,15.5,24
DSB0002852,APP0004751,PR0021571,2026-06-20,BR003,AO011,Kredit Payroll,Payroll,147000000,15.5,60
DSB0002853,APP0004752,PR0021575,2025-10-31,BR004,AO015,Kredit Payroll,Payroll,147000000,15.5,24
DSB0002854,APP0004753,PR0021582,2025-12-15,BR005,AO018,Kredit Produktif SME,SME,100000000,19.0,24
DSB0002855,APP0004754,PR0021588,2026-01-13,BR006,AO022,Kredit Konsumtif,Konsumtif,97000000,18.0,18
DSB0002856,APP0004755,PR0021589,2025-08-29,BR002,AO008,Kredit Produktif SME,SME,98000000,19.0,36
DSB0002857,APP0004756,PR0021593,2026-03-10,BR001,AO001,Kredit Mikro,Mikro,19500000,21.0,18
DSB0002858,APP0004758,PR0021610,2026-04-18,BR001,AO001,Kredit Mikro,Mikro,49000000,21.0,12
DSB0002859,APP0004759,PR0021611,2025-11-17,BR007,AO025,Kredit Konsumtif,Konsumtif,29000000,18.0,12
DSB0002860,APP0004760,PR0021618,2025-07-31,BR006,AO021,Kredit Produktif SME,SME,148000000,19.0,48
DSB0002861,APP0004762,PR0021627,2025-07-24,BR003,AO010,Kredit Mikro,Mikro,47500000,21.0,24
DSB0002862,APP0004764,PR0021631,2025-08-31,BR005,AO017,Kredit Konsumtif,Konsumtif,72500000,18.0,24
DSB0002863,APP0004765,PR0021632,2025-12-01,BR001,AO003,Kredit Produktif SME,SME,94000000,19.0,12
DSB0002864,APP0004766,PR0021634,2025-11-22,BR006,AO022,Kredit Konsumtif,Konsumtif,98500000,18.0,18
DSB0002865,APP0004768,PR0021647,2025-12-31,BR004,AO013,Kredit Konsumtif,Konsumtif,29500000,18.0,36
DSB0002866,APP0004769,PR0021663,2026-01-25,BR005,AO020,Kredit Konsumtif,Konsumtif,144500000,18.0,12
DSB0002867,APP0004770,PR0021665,2026-02-18,BR002,AO005,Kredit Payroll,Payroll,147500000,15.5,12
DSB0002868,APP0004771,PR0021670,2026-03-22,BR004,AO015,Kredit Payroll,Payroll,148500000,15.5,60
DSB0002869,APP0004773,PR0021673,2025-12-28,BR001,AO003,Kredit Produktif SME,SME,934000000,19.0,36
DSB0002870,APP0004775,PR0021678,2026-05-21,BR006,AO023,Kredit Mikro,Mikro,72000000,21.0,12
DSB0002871,APP0004776,PR0021684,2025-10-16,BR002,AO006,Kredit Konsumtif,Konsumtif,99500000,18.0,18
DSB0002872,APP0004779,PR0021696,2026-06-30,BR001,AO002,Kredit Payroll,Payroll,138500000,15.5,48
DSB0002873,APP0004780,PR0021700,2025-08-25,BR006,AO022,Kredit Konsumtif,Konsumtif,71500000,18.0,12
DSB0002874,APP0004783,PR0021714,2025-12-31,BR006,AO021,Kredit Mikro,Mikro,28500000,21.0,24
DSB0002875,APP0004784,PR0021719,2025-09-26,BR004,AO013,Kredit Produktif SME,SME,141500000,19.0,12
DSB0002876,APP0004785,PR0021741,2026-04-30,BR005,AO018,Kredit Mikro,Mikro,96500000,21.0,24
DSB0002877,APP0004787,PR0021746,2025-09-12,BR007,AO025,Kredit Payroll,Payroll,197000000,15.5,12
DSB0002878,APP0004788,PR0021765,2026-05-18,BR005,AO020,Kredit Payroll,Payroll,71000000,15.5,36
DSB0002879,APP0004790,PR0021776,2025-11-29,BR006,AO021,Kredit Konsumtif,Konsumtif,29500000,18.0,18
DSB0002880,APP0004791,PR0021778,2026-05-01,BR006,AO021,Kredit Konsumtif,Konsumtif,139500000,18.0,36
DSB0002881,APP0004794,PR0021793,2026-03-03,BR001,AO004,Kredit Mikro,Mikro,49000000,21.0,36
DSB0002882,APP0004796,PR0021802,2026-03-03,BR003,AO009,Kredit Mikro,Mikro,72000000,21.0,12
DSB0002883,APP0004797,PR0021803,2025-10-01,BR003,AO010,Kredit Produktif SME,SME,185000000,19.0,36
DSB0002884,APP0004802,PR0021824,2025-12-29,BR007,AO028,Kredit Konsumtif,Konsumtif,70500000,18.0,12
DSB0002885,APP0004805,PR0021846,2026-05-28,BR001,AO002,Kredit Payroll,Payroll,184000000,15.5,24
DSB0002886,APP0004806,PR0021851,2025-08-18,BR001,AO003,Kredit Konsumtif,Konsumtif,147500000,18.0,12
DSB0002887,APP0004809,PR0021857,2026-01-11,BR006,AO021,Kredit Mikro,Mikro,74000000,21.0,12
DSB0002888,APP0004810,PR0021866,2026-04-11,BR001,AO004,Kredit Payroll,Payroll,145000000,15.5,60
DSB0002889,APP0004813,PR0021885,2025-07-05,BR007,AO025,Kredit Konsumtif,Konsumtif,70500000,18.0,36
DSB0002890,APP0004814,PR0021890,2025-10-30,BR001,AO003,Kredit Produktif SME,SME,98500000,19.0,12
DSB0002891,APP0004816,PR0021895,2026-02-22,BR002,AO005,Kredit Payroll,Payroll,193000000,15.5,60
DSB0002892,APP0004818,PR0021898,2025-12-07,BR005,AO019,Kredit Payroll,Payroll,147500000,15.5,24
DSB0002893,APP0004819,PR0021912,2025-10-01,BR003,AO012,Kredit Payroll,Payroll,72000000,15.5,48
DSB0002894,APP0004820,PR0021913,2026-04-09,BR001,AO001,Kredit Konsumtif,Konsumtif,141000000,18.0,36
DSB0002895,APP0004825,PR0021923,2025-10-01,BR007,AO026,Kredit Konsumtif,Konsumtif,115500000,18.0,18
DSB0002896,APP0004827,PR0021927,2025-08-21,BR007,AO028,Kredit Produktif SME,SME,497500000,19.0,60
DSB0002897,APP0004828,PR0021928,2026-01-31,BR007,AO026,Kredit Mikro,Mikro,18500000,21.0,36
DSB0002898,APP0004829,PR0021931,2025-12-22,BR006,AO022,Kredit Payroll,Payroll,191000000,15.5,24
DSB0002899,APP0004830,PR0021932,2025-11-30,BR001,AO002,Kredit Produktif SME,SME,198000000,19.0,48
DSB0002900,APP0004832,PR0021941,2026-02-21,BR004,AO015,Kredit Mikro,Mikro,73500000,21.0,36
DSB0002901,APP0004833,PR0021944,2025-07-12,BR005,AO018,Kredit Payroll,Payroll,48500000,15.5,12
DSB0002902,APP0004834,PR0021948,2025-10-10,BR001,AO001,Kredit Konsumtif,Konsumtif,46000000,18.0,18
DSB0002903,APP0004835,PR0021956,2026-03-03,BR003,AO012,Kredit Konsumtif,Konsumtif,124500000,18.0,24
DSB0002904,APP0004836,PR0021957,2025-09-17,BR002,AO007,Kredit Payroll,Payroll,198000000,15.5,60
DSB0002905,APP0004838,PR0021959,2025-09-13,BR003,AO009,Kredit Konsumtif,Konsumtif,28000000,18.0,24
DSB0002906,APP0004839,PR0021965,2026-04-14,BR001,AO004,Kredit Payroll,Payroll,70000000,15.5,12
DSB0002907,APP0004840,PR0021967,2025-12-23,BR001,AO004,Kredit Konsumtif,Konsumtif,116000000,18.0,36
DSB0002908,APP0004841,PR0021978,2026-01-19,BR007,AO028,Kredit Konsumtif,Konsumtif,119500000,18.0,12
DSB0002909,APP0004842,PR0021980,2026-06-11,BR001,AO002,Kredit Payroll,Payroll,73500000,15.5,36
DSB0002910,APP0004843,PR0021981,2026-01-31,BR005,AO017,Kredit Produktif SME,SME,934000000,19.0,60
DSB0002911,APP0004844,PR0021990,2026-03-25,BR006,AO021,Kredit Konsumtif,Konsumtif,146500000,18.0,36
DSB0002912,APP0004847,PR0022008,2026-05-22,BR001,AO002,Kredit Mikro,Mikro,70500000,21.0,12
DSB0002913,APP0004849,PR0022010,2025-09-18,BR001,AO002,Kredit Konsumtif,Konsumtif,117500000,18.0,24
DSB0002914,APP0004850,PR0022011,2026-07-01,BR004,AO015,Kredit Mikro,Mikro,72500000,21.0,18
DSB0002915,APP0004852,PR0022016,2025-08-26,BR002,AO007,Kredit Payroll,Payroll,93500000,15.5,48
DSB0002916,APP0004854,PR0022019,2025-08-23,BR002,AO007,Kredit Mikro,Mikro,19500000,21.0,12
DSB0002917,APP0004855,PR0022023,2026-04-30,BR007,AO026,Kredit Konsumtif,Konsumtif,121000000,18.0,24
DSB0002918,APP0004856,PR0022027,2025-08-30,BR007,AO027,Kredit Mikro,Mikro,98000000,21.0,18
DSB0002919,APP0004857,PR0022029,2025-08-15,BR001,AO003,Kredit Konsumtif,Konsumtif,139500000,18.0,12
DSB0002920,APP0004859,PR0022037,2026-03-19,BR007,AO026,Kredit Konsumtif,Konsumtif,93500000,18.0,24
DSB0002921,APP0004861,PR0022046,2025-12-30,BR006,AO024,Kredit Konsumtif,Konsumtif,120500000,18.0,24
DSB0002922,APP0004862,PR0022048,2025-10-14,BR002,AO005,Kredit Payroll,Payroll,72500000,15.5,60
DSB0002923,APP0004865,PR0022059,2025-08-16,BR006,AO022,Kredit Konsumtif,Konsumtif,98500000,18.0,24
DSB0002924,APP0004866,PR0022060,2026-04-19,BR003,AO011,Kredit Produktif SME,SME,195500000,19.0,24
DSB0002925,APP0004869,PR0022068,2026-06-18,BR006,AO022,Kredit Konsumtif,Konsumtif,73000000,18.0,24
DSB0002926,APP0004871,PR0022073,2026-01-14,BR005,AO019,Kredit Konsumtif,Konsumtif,49500000,18.0,24
DSB0002927,APP0004874,PR0022082,2025-12-28,BR005,AO019,Kredit Mikro,Mikro,94000000,21.0,36
DSB0002928,APP0004877,PR0022105,2026-05-31,BR003,AO010,Kredit Konsumtif,Konsumtif,28000000,18.0,18
DSB0002929,APP0004881,PR0022115,2025-07-18,BR004,AO013,Kredit Konsumtif,Konsumtif,29000000,18.0,36
DSB0002930,APP0004883,PR0022118,2025-07-31,BR001,AO001,Kredit Konsumtif,Konsumtif,48000000,18.0,12
DSB0002931,APP0004884,PR0022121,2026-05-20,BR007,AO025,Kredit Konsumtif,Konsumtif,120000000,18.0,18
DSB0002932,APP0004887,PR0022129,2026-06-24,BR001,AO003,Kredit Konsumtif,Konsumtif,97500000,18.0,24
DSB0002933,APP0004888,PR0022131,2025-08-27,BR006,AO024,Kredit Produktif SME,SME,721500000,19.0,48
DSB0002934,APP0004890,PR0022138,2025-11-25,BR004,AO014,Kredit Mikro,Mikro,70500000,21.0,18
DSB0002935,APP0004891,PR0022139,2026-03-21,BR004,AO016,Kredit Mikro,Mikro,19500000,21.0,12
DSB0002936,APP0004892,PR0022142,2025-12-01,BR003,AO009,Kredit Konsumtif,Konsumtif,48500000,18.0,36
DSB0002937,APP0004893,PR0022148,2026-06-12,BR006,AO024,Kredit Konsumtif,Konsumtif,71000000,18.0,24
DSB0002938,APP0004894,PR0022159,2025-12-10,BR005,AO020,Kredit Produktif SME,SME,475000000,19.0,48
DSB0002939,APP0004895,PR0022160,2025-08-27,BR002,AO007,Kredit Produktif SME,SME,197000000,19.0,60
DSB0002940,APP0004896,PR0022164,2025-09-07,BR004,AO013,Kredit Mikro,Mikro,74500000,21.0,24
DSB0002941,APP0004898,PR0022166,2026-01-24,BR005,AO019,Kredit Mikro,Mikro,28500000,21.0,36
DSB0002942,APP0004901,PR0022184,2025-09-18,BR003,AO012,Kredit Payroll,Payroll,149500000,15.5,48
DSB0002943,APP0004902,PR0022202,2026-02-22,BR006,AO023,Kredit Konsumtif,Konsumtif,147000000,18.0,24
DSB0002944,APP0004904,PR0022211,2026-07-01,BR002,AO006,Kredit Mikro,Mikro,47000000,21.0,36
DSB0002945,APP0004905,PR0022213,2025-09-18,BR001,AO003,Kredit Konsumtif,Konsumtif,49000000,18.0,24
DSB0002946,APP0004906,PR0022214,2026-01-31,BR003,AO009,Kredit Produktif SME,SME,715000000,19.0,48
DSB0002947,APP0004907,PR0022219,2026-01-17,BR002,AO008,Kredit Payroll,Payroll,189000000,15.5,12
DSB0002948,APP0004908,PR0022236,2025-10-14,BR001,AO002,Kredit Mikro,Mikro,49500000,21.0,36
DSB0002949,APP0004910,PR0022245,2025-09-24,BR001,AO001,Kredit Payroll,Payroll,94000000,15.5,24
DSB0002950,APP0004911,PR0022246,2025-09-16,BR002,AO006,Kredit Mikro,Mikro,29000000,21.0,18
DSB0002951,APP0004913,PR0022271,2026-03-03,BR006,AO022,Kredit Mikro,Mikro,28500000,21.0,12
DSB0002952,APP0004915,PR0022283,2026-04-15,BR005,AO020,Kredit Produktif SME,SME,142500000,19.0,12
DSB0002953,APP0004916,PR0022286,2026-04-12,BR001,AO001,Kredit Payroll,Payroll,95500000,15.5,12
DSB0002954,APP0004918,PR0022288,2026-03-29,BR007,AO026,Kredit Mikro,Mikro,19000000,21.0,36
DSB0002955,APP0004919,PR0022300,2026-03-03,BR002,AO007,Kredit Mikro,Mikro,69500000,21.0,36
DSB0002956,APP0004921,PR0022306,2025-09-13,BR003,AO011,Kredit Konsumtif,Konsumtif,138500000,18.0,18
DSB0002957,APP0004922,PR0022309,2025-12-01,BR006,AO024,Kredit Produktif SME,SME,98000000,19.0,60
DSB0002958,APP0004923,PR0022310,2025-11-26,BR006,AO021,Kredit Mikro,Mikro,50000000,21.0,36
DSB0002959,APP0004925,PR0022313,2026-07-01,BR001,AO004,Kredit Konsumtif,Konsumtif,122500000,18.0,12
DSB0002960,APP0004927,PR0022320,2026-01-31,BR006,AO023,Kredit Payroll,Payroll,197500000,15.5,24
DSB0002961,APP0004928,PR0022325,2025-09-29,BR001,AO002,Kredit Mikro,Mikro,93000000,21.0,12
DSB0002962,APP0004930,PR0022328,2026-04-27,BR007,AO026,Kredit Payroll,Payroll,200000000,15.5,36
DSB0002963,APP0004931,PR0022330,2026-05-21,BR002,AO006,Kredit Payroll,Payroll,186000000,15.5,12
DSB0002964,APP0004932,PR0022331,2025-07-23,BR001,AO004,Kredit Konsumtif,Konsumtif,46500000,18.0,24
DSB0002965,APP0004934,PR0022336,2026-01-16,BR001,AO003,Kredit Payroll,Payroll,146000000,15.5,60
DSB0002966,APP0004937,PR0022340,2026-01-17,BR001,AO001,Kredit Payroll,Payroll,48500000,15.5,60
DSB0002967,APP0004942,PR0022353,2026-07-01,BR007,AO025,Kredit Produktif SME,SME,278000000,19.0,24
DSB0002968,APP0004943,PR0022355,2025-10-24,BR002,AO008,Kredit Payroll,Payroll,47000000,15.5,36
DSB0002969,APP0004944,PR0022365,2026-06-22,BR001,AO003,Kredit Konsumtif,Konsumtif,98000000,18.0,12
DSB0002970,APP0004945,PR0022366,2026-06-17,BR005,AO020,Kredit Konsumtif,Konsumtif,93000000,18.0,12
DSB0002971,APP0004946,PR0022372,2025-12-19,BR001,AO003,Kredit Konsumtif,Konsumtif,46500000,18.0,18
DSB0002972,APP0004951,PR0022413,2026-06-22,BR005,AO018,Kredit Payroll,Payroll,49500000,15.5,36
DSB0002973,APP0004952,PR0022414,2025-10-31,BR002,AO005,Kredit Payroll,Payroll,92000000,15.5,12
DSB0002974,APP0004953,PR0022417,2026-03-19,BR002,AO008,Kredit Konsumtif,Konsumtif,98500000,18.0,36
DSB0002975,APP0004954,PR0022420,2026-01-19,BR006,AO023,Kredit Produktif SME,SME,481500000,19.0,60
DSB0002976,APP0004956,PR0022431,2025-10-22,BR005,AO020,Kredit Konsumtif,Konsumtif,121500000,18.0,24
DSB0002977,APP0004961,PR0022441,2025-11-13,BR001,AO001,Kredit Payroll,Payroll,92000000,15.5,48
DSB0002978,APP0004962,PR0022446,2026-06-28,BR005,AO017,Kredit Konsumtif,Konsumtif,147500000,18.0,36
DSB0002979,APP0004964,PR0022450,2025-12-08,BR004,AO013,Kredit Konsumtif,Konsumtif,145000000,18.0,18
DSB0002980,APP0004967,PR0022461,2026-02-14,BR007,AO026,Kredit Payroll,Payroll,97000000,15.5,36
DSB0002981,APP0004970,PR0022473,2026-03-03,BR003,AO009,Kredit Konsumtif,Konsumtif,98000000,18.0,12
DSB0002982,APP0004971,PR0022478,2026-03-09,BR004,AO013,Kredit Payroll,Payroll,73000000,15.5,48
DSB0002983,APP0004972,PR0022479,2025-09-16,BR001,AO004,Kredit Produktif SME,SME,99500000,19.0,60
DSB0002984,APP0004974,PR0022483,2026-05-01,BR001,AO004,Kredit Mikro,Mikro,69500000,21.0,12
DSB0002985,APP0004975,PR0022484,2025-07-27,BR006,AO022,Kredit Produktif SME,SME,147500000,19.0,36
DSB0002986,APP0004980,PR0022522,2025-11-14,BR005,AO019,Kredit Payroll,Payroll,71000000,15.5,60
DSB0002987,APP0004981,PR0022528,2026-02-16,BR002,AO008,Kredit Konsumtif,Konsumtif,121500000,18.0,18
DSB0002988,APP0004982,PR0022532,2026-03-27,BR003,AO011,Kredit Mikro,Mikro,95000000,21.0,24
DSB0002989,APP0004983,PR0022533,2025-08-31,BR005,AO019,Kredit Konsumtif,Konsumtif,146500000,18.0,24
DSB0002990,APP0004984,PR0022537,2026-02-13,BR002,AO006,Kredit Konsumtif,Konsumtif,28500000,18.0,36
DSB0002991,APP0004987,PR0022556,2025-10-28,BR007,AO027,Kredit Mikro,Mikro,48500000,21.0,12
DSB0002992,APP0004988,PR0022571,2026-01-26,BR001,AO001,Kredit Konsumtif,Konsumtif,117500000,18.0,36
DSB0002993,APP0004991,PR0022593,2026-02-25,BR003,AO012,Kredit Produktif SME,SME,712000000,19.0,48
DSB0002994,APP0004992,PR0022601,2026-01-31,BR004,AO015,Kredit Payroll,Payroll,138500000,15.5,36
DSB0002995,APP0004993,PR0022607,2025-12-31,BR001,AO002,Kredit Payroll,Payroll,75000000,15.5,12
DSB0002996,APP0004994,PR0022610,2026-06-20,BR002,AO008,Kredit Konsumtif,Konsumtif,142500000,18.0,18
DSB0002997,APP0004995,PR0022614,2026-05-23,BR001,AO004,Kredit Produktif SME,SME,978500000,19.0,36
DSB0002998,APP0004997,PR0022626,2026-03-14,BR005,AO019,Kredit Konsumtif,Konsumtif,98000000,18.0,18
DSB0002999,APP0004998,PR0022627,2025-07-19,BR001,AO003,Kredit Payroll,Payroll,148000000,15.5,60
DSB0003000,APP0004999,PR0022629,2025-09-15,BR002,AO006,Kredit Mikro,Mikro,74500000,21.0,24
DSB0003001,APP0005004,PR0022643,2025-10-17,BR007,AO027,Kredit Payroll,Payroll,186500000,15.5,60
DSB0003002,APP0005006,PR0022652,2026-06-25,BR001,AO002,Kredit Konsumtif,Konsumtif,29500000,18.0,36
DSB0003003,APP0005009,PR0022659,2026-01-30,BR003,AO011,Kredit Payroll,Payroll,150000000,15.5,36
DSB0003004,APP0005010,PR0022661,2026-01-19,BR005,AO020,Kredit Mikro,Mikro,29000000,21.0,18
DSB0003005,APP0005011,PR0022670,2025-12-12,BR007,AO027,Kredit Mikro,Mikro,18500000,21.0,18
DSB0003006,APP0005012,PR0022672,2026-05-31,BR007,AO027,Kredit Payroll,Payroll,72000000,15.5,24
DSB0003007,APP0005014,PR0022676,2026-04-21,BR002,AO008,Kredit Konsumtif,Konsumtif,125000000,18.0,12
DSB0003008,APP0005016,PR0022690,2026-05-31,BR006,AO024,Kredit Payroll,Payroll,74500000,15.5,60
DSB0003009,APP0005017,PR0022693,2026-05-06,BR001,AO001,Kredit Mikro,Mikro,74000000,21.0,24
DSB0003010,APP0005019,PR0022700,2025-09-11,BR001,AO002,Kredit Payroll,Payroll,192000000,15.5,60
DSB0003011,APP0005020,PR0022712,2025-11-27,BR007,AO028,Kredit Konsumtif,Konsumtif,74500000,18.0,36
DSB0003012,APP0005021,PR0022719,2026-05-01,BR005,AO019,Kredit Konsumtif,Konsumtif,93500000,18.0,12
DSB0003013,APP0005022,PR0022723,2025-09-13,BR001,AO003,Kredit Produktif SME,SME,284000000,19.0,24
DSB0003014,APP0005023,PR0022726,2026-03-20,BR001,AO004,Kredit Konsumtif,Konsumtif,147000000,18.0,18
DSB0003015,APP0005025,PR0022729,2026-05-22,BR005,AO017,Kredit Payroll,Payroll,195500000,15.5,24
DSB0003016,APP0005026,PR0022736,2026-06-10,BR002,AO007,Kredit Payroll,Payroll,69000000,15.5,24
DSB0003017,APP0005027,PR0022741,2025-10-17,BR001,AO003,Kredit Mikro,Mikro,70000000,21.0,36
DSB0003018,APP0005029,PR0022750,2026-02-18,BR003,AO011,Kredit Payroll,Payroll,139500000,15.5,48
DSB0003019,APP0005030,PR0022751,2025-12-29,BR001,AO003,Kredit Konsumtif,Konsumtif,28500000,18.0,36
DSB0003020,APP0005031,PR0022753,2026-01-31,BR006,AO022,Kredit Payroll,Payroll,47500000,15.5,60
DSB0003021,APP0005034,PR0022767,2026-01-31,BR004,AO015,Kredit Konsumtif,Konsumtif,122000000,18.0,24
DSB0003022,APP0005035,PR0022770,2025-09-29,BR005,AO020,Kredit Konsumtif,Konsumtif,49000000,18.0,36
DSB0003023,APP0005039,PR0022785,2026-05-26,BR002,AO006,Kredit Konsumtif,Konsumtif,148500000,18.0,24
DSB0003024,APP0005040,PR0022790,2026-03-03,BR007,AO027,Kredit Mikro,Mikro,28500000,21.0,24
DSB0003025,APP0005041,PR0022795,2026-03-21,BR002,AO006,Kredit Produktif SME,SME,284500000,19.0,48
DSB0003026,APP0005043,PR0022802,2025-07-19,BR001,AO001,Kredit Mikro,Mikro,19500000,21.0,36
DSB0003027,APP0005047,PR0022828,2026-03-01,BR003,AO011,Kredit Mikro,Mikro,19000000,21.0,36
DSB0003028,APP0005048,PR0022833,2026-01-13,BR006,AO021,Kredit Mikro,Mikro,28000000,21.0,24
DSB0003029,APP0005050,PR0022837,2025-07-15,BR004,AO016,Kredit Konsumtif,Konsumtif,73000000,18.0,24
DSB0003030,APP0005051,PR0022848,2026-06-21,BR003,AO009,Kredit Payroll,Payroll,187000000,15.5,36
DSB0003031,APP0005054,PR0022862,2025-12-21,BR006,AO022,Kredit Produktif SME,SME,194500000,19.0,24
DSB0003032,APP0005055,PR0022863,2026-06-19,BR006,AO022,Kredit Konsumtif,Konsumtif,121000000,18.0,12
DSB0003033,APP0005058,PR0022888,2026-02-11,BR002,AO006,Kredit Payroll,Payroll,197000000,15.5,60
DSB0003034,APP0005059,PR0022889,2025-07-31,BR004,AO015,Kredit Konsumtif,Konsumtif,27500000,18.0,24
DSB0003035,APP0005062,PR0022923,2025-12-10,BR004,AO015,Kredit Mikro,Mikro,29000000,21.0,18
DSB0003036,APP0005063,PR0022924,2025-10-01,BR004,AO015,Kredit Konsumtif,Konsumtif,73500000,18.0,18
DSB0003037,APP0005064,PR0022937,2026-04-15,BR007,AO025,Kredit Mikro,Mikro,28500000,21.0,12
DSB0003038,APP0005065,PR0022942,2025-10-30,BR002,AO007,Kredit Produktif SME,SME,291000000,19.0,36
DSB0003039,APP0005066,PR0022943,2026-03-10,BR001,AO003,Kredit Konsumtif,Konsumtif,120500000,18.0,12
DSB0003040,APP0005067,PR0022947,2025-11-22,BR001,AO002,Kredit Mikro,Mikro,19000000,21.0,12
DSB0003041,APP0005077,PR0023027,2026-01-22,BR002,AO007,Kredit Mikro,Mikro,29500000,21.0,18
DSB0003042,APP0005078,PR0023029,2025-07-13,BR006,AO024,Kredit Konsumtif,Konsumtif,125000000,18.0,36
DSB0003043,APP0005081,PR0023049,2026-01-31,BR001,AO002,Kredit Produktif SME,SME,464000000,19.0,12
DSB0003044,APP0005082,PR0023053,2026-02-24,BR005,AO019,Kredit Mikro,Mikro,48000000,21.0,18
DSB0003045,APP0005086,PR0023075,2025-09-25,BR005,AO020,Kredit Mikro,Mikro,30000000,21.0,18
DSB0003046,APP0005088,PR0023086,2025-10-30,BR001,AO001,Kredit Payroll,Payroll,196000000,15.5,36
DSB0003047,APP0005089,PR0023093,2026-05-01,BR002,AO007,Kredit Produktif SME,SME,188000000,19.0,36
DSB0003048,APP0005090,PR0023096,2026-04-16,BR005,AO018,Kredit Konsumtif,Konsumtif,98000000,18.0,12
DSB0003049,APP0005091,PR0023101,2025-10-31,BR001,AO002,Kredit Produktif SME,SME,709500000,19.0,24
DSB0003050,APP0005092,PR0023105,2026-02-18,BR002,AO008,Kredit Payroll,Payroll,70000000,15.5,12
DSB0003051,APP0005093,PR0023107,2026-04-21,BR007,AO028,Kredit Payroll,Payroll,73500000,15.5,60
DSB0003052,APP0005094,PR0023109,2026-03-22,BR001,AO001,Kredit Produktif SME,SME,744500000,19.0,60
DSB0003053,APP0005096,PR0023120,2025-11-30,BR006,AO023,Kredit Mikro,Mikro,99000000,21.0,18
DSB0003054,APP0005097,PR0023125,2025-08-21,BR002,AO005,Kredit Mikro,Mikro,29500000,21.0,12
DSB0003055,APP0005100,PR0023145,2025-12-18,BR003,AO009,Kredit Mikro,Mikro,19000000,21.0,12
DSB0003056,APP0005101,PR0023149,2026-07-01,BR006,AO022,Kredit Mikro,Mikro,75000000,21.0,24
DSB0003057,APP0005102,PR0023151,2025-07-21,BR006,AO024,Kredit Konsumtif,Konsumtif,29000000,18.0,24
DSB0003058,APP0005104,PR0023162,2026-01-27,BR005,AO020,Kredit Produktif SME,SME,192500000,19.0,60
DSB0003059,APP0005105,PR0023172,2025-11-24,BR005,AO020,Kredit Payroll,Payroll,145000000,15.5,48
DSB0003060,APP0005107,PR0023176,2025-09-23,BR007,AO026,Kredit Mikro,Mikro,93500000,21.0,18
DSB0003061,APP0005108,PR0023180,2025-10-18,BR006,AO022,Kredit Mikro,Mikro,46000000,21.0,18
DSB0003062,APP0005113,PR0023206,2025-10-27,BR003,AO012,Kredit Mikro,Mikro,20000000,21.0,12
DSB0003063,APP0005115,PR0023212,2026-03-29,BR007,AO026,Kredit Mikro,Mikro,96500000,21.0,24
DSB0003064,APP0005117,PR0023222,2025-07-30,BR001,AO003,Kredit Payroll,Payroll,69000000,15.5,60
DSB0003065,APP0005118,PR0023223,2025-09-29,BR003,AO011,Kredit Konsumtif,Konsumtif,29500000,18.0,36
DSB0003066,APP0005121,PR0023230,2025-07-23,BR007,AO026,Kredit Produktif SME,SME,947000000,19.0,48
DSB0003067,APP0005122,PR0023232,2025-10-23,BR005,AO018,Kredit Payroll,Payroll,95000000,15.5,36
DSB0003068,APP0005123,PR0023233,2026-07-01,BR002,AO008,Kredit Produktif SME,SME,98500000,19.0,24
DSB0003069,APP0005125,PR0023251,2026-05-14,BR002,AO008,Kredit Payroll,Payroll,74000000,15.5,12
DSB0003070,APP0005127,PR0023256,2025-10-01,BR005,AO019,Kredit Payroll,Payroll,93000000,15.5,24
DSB0003071,APP0005128,PR0023259,2025-12-31,BR007,AO025,Kredit Konsumtif,Konsumtif,72500000,18.0,18
DSB0003072,APP0005129,PR0023271,2026-06-06,BR003,AO011,Kredit Payroll,Payroll,145500000,15.5,24
DSB0003073,APP0005131,PR0023278,2025-08-26,BR006,AO023,Kredit Payroll,Payroll,48500000,15.5,36
DSB0003074,APP0005132,PR0023280,2025-12-20,BR006,AO024,Kredit Payroll,Payroll,48500000,15.5,48
DSB0003075,APP0005134,PR0023290,2026-01-31,BR007,AO027,Kredit Payroll,Payroll,72000000,15.5,12
DSB0003076,APP0005135,PR0023293,2025-09-29,BR007,AO027,Kredit Konsumtif,Konsumtif,28000000,18.0,36
DSB0003077,APP0005137,PR0023297,2025-11-29,BR001,AO004,Kredit Payroll,Payroll,46000000,15.5,36
DSB0003078,APP0005138,PR0023303,2026-04-12,BR007,AO028,Kredit Mikro,Mikro,73500000,21.0,36
DSB0003079,APP0005139,PR0023307,2025-08-17,BR005,AO018,Kredit Payroll,Payroll,95000000,15.5,48
DSB0003080,APP0005140,PR0023323,2025-08-13,BR005,AO020,Kredit Payroll,Payroll,74000000,15.5,24
DSB0003081,APP0005142,PR0023337,2026-01-12,BR006,AO023,Kredit Payroll,Payroll,48000000,15.5,24
DSB0003082,APP0005145,PR0023343,2025-09-11,BR003,AO011,Kredit Konsumtif,Konsumtif,147500000,18.0,12
DSB0003083,APP0005146,PR0023345,2026-03-31,BR007,AO026,Kredit Payroll,Payroll,186000000,15.5,48
DSB0003084,APP0005147,PR0023348,2026-05-31,BR006,AO022,Kredit Konsumtif,Konsumtif,74500000,18.0,18
DSB0003085,APP0005148,PR0023351,2025-09-07,BR003,AO011,Kredit Mikro,Mikro,99000000,21.0,36
DSB0003086,APP0005149,PR0023357,2025-08-21,BR004,AO013,Kredit Produktif SME,SME,92500000,19.0,60
DSB0003087,APP0005150,PR0023362,2025-12-31,BR005,AO020,Kredit Payroll,Payroll,195500000,15.5,60
DSB0003088,APP0005151,PR0023363,2026-03-31,BR007,AO027,Kredit Payroll,Payroll,99500000,15.5,36
DSB0003089,APP0005152,PR0023368,2026-05-31,BR001,AO003,Kredit Mikro,Mikro,29000000,21.0,24
DSB0003090,APP0005153,PR0023380,2025-07-24,BR006,AO022,Kredit Konsumtif,Konsumtif,95500000,18.0,18
DSB0003091,APP0005156,PR0023385,2026-04-29,BR001,AO004,Kredit Payroll,Payroll,48000000,15.5,24
DSB0003092,APP0005157,PR0023388,2025-08-21,BR001,AO001,Kredit Mikro,Mikro,95000000,21.0,36
DSB0003093,APP0005161,PR0023404,2026-03-31,BR002,AO008,Kredit Konsumtif,Konsumtif,29500000,18.0,12
DSB0003094,APP0005162,PR0023405,2026-01-30,BR001,AO003,Kredit Produktif SME,SME,941500000,19.0,36
DSB0003095,APP0005164,PR0023414,2026-05-31,BR001,AO001,Kredit Konsumtif,Konsumtif,92500000,18.0,36
DSB0003096,APP0005166,PR0023417,2026-04-21,BR001,AO003,Kredit Payroll,Payroll,69500000,15.5,12
DSB0003097,APP0005168,PR0023427,2026-03-01,BR006,AO024,Kredit Payroll,Payroll,189500000,15.5,24
DSB0003098,APP0005171,PR0023443,2025-08-14,BR003,AO011,Kredit Produktif SME,SME,146500000,19.0,48
DSB0003099,APP0005172,PR0023447,2026-02-28,BR007,AO027,Kredit Produktif SME,SME,97500000,19.0,60
DSB0003100,APP0005173,PR0023448,2025-07-16,BR002,AO008,Kredit Konsumtif,Konsumtif,28500000,18.0,12
DSB0003101,APP0005175,PR0023468,2026-05-01,BR001,AO003,Kredit Konsumtif,Konsumtif,118000000,18.0,24
DSB0003102,APP0005176,PR0023469,2025-11-21,BR002,AO008,Kredit Produktif SME,SME,748500000,19.0,24
DSB0003103,APP0005178,PR0023479,2026-03-23,BR002,AO006,Kredit Konsumtif,Konsumtif,73000000,18.0,24
DSB0003104,APP0005181,PR0023485,2026-06-27,BR007,AO025,Kredit Mikro,Mikro,94000000,21.0,24
DSB0003105,APP0005182,PR0023486,2026-01-15,BR003,AO009,Kredit Konsumtif,Konsumtif,122000000,18.0,12
DSB0003106,APP0005185,PR0023504,2026-02-20,BR001,AO001,Kredit Payroll,Payroll,70000000,15.5,36
DSB0003107,APP0005186,PR0023507,2026-02-17,BR007,AO026,Kredit Konsumtif,Konsumtif,46500000,18.0,36
DSB0003108,APP0005188,PR0023514,2026-01-10,BR002,AO005,Kredit Produktif SME,SME,194000000,19.0,24
DSB0003109,APP0005189,PR0023519,2026-05-31,BR006,AO021,Kredit Payroll,Payroll,145500000,15.5,12
DSB0003110,APP0005191,PR0023526,2026-05-15,BR002,AO006,Kredit Mikro,Mikro,20000000,21.0,12
DSB0003111,APP0005193,PR0023531,2025-10-25,BR005,AO017,Kredit Konsumtif,Konsumtif,118000000,18.0,18
DSB0003112,APP0005195,PR0023539,2026-03-01,BR001,AO003,Kredit Produktif SME,SME,495500000,19.0,24
DSB0003113,APP0005196,PR0023546,2025-12-31,BR002,AO008,Kredit Payroll,Payroll,194500000,15.5,60
DSB0003114,APP0005197,PR0023551,2025-10-13,BR001,AO004,Kredit Konsumtif,Konsumtif,147500000,18.0,36
DSB0003115,APP0005198,PR0023554,2026-01-16,BR004,AO016,Kredit Konsumtif,Konsumtif,123000000,18.0,12
DSB0003116,APP0005199,PR0023556,2026-02-15,BR002,AO006,Kredit Produktif SME,SME,482500000,19.0,60
DSB0003117,APP0005200,PR0023562,2026-05-22,BR001,AO003,Kredit Produktif SME,SME,191500000,19.0,24
DSB0003118,APP0005201,PR0023565,2025-12-12,BR001,AO004,Kredit Payroll,Payroll,97000000,15.5,48
DSB0003119,APP0005202,PR0023567,2025-11-10,BR002,AO007,Kredit Payroll,Payroll,49500000,15.5,36
DSB0003120,APP0005204,PR0023577,2025-11-18,BR005,AO020,Kredit Mikro,Mikro,92000000,21.0,18
DSB0003121,APP0005206,PR0023588,2025-07-31,BR004,AO016,Kredit Konsumtif,Konsumtif,121000000,18.0,12
DSB0003122,APP0005209,PR0023609,2025-12-31,BR001,AO003,Kredit Konsumtif,Konsumtif,50000000,18.0,12
DSB0003123,APP0005214,PR0023634,2025-11-20,BR005,AO019,Kredit Produktif SME,SME,950000000,19.0,60
DSB0003124,APP0005215,PR0023636,2025-08-31,BR001,AO003,Kredit Mikro,Mikro,29000000,21.0,24
DSB0003125,APP0005216,PR0023638,2026-02-27,BR002,AO007,Kredit Konsumtif,Konsumtif,73500000,18.0,24
DSB0003126,APP0005217,PR0023640,2026-05-01,BR002,AO008,Kredit Produktif SME,SME,141500000,19.0,60
DSB0003127,APP0005219,PR0023654,2025-12-27,BR007,AO026,Kredit Konsumtif,Konsumtif,146000000,18.0,12
DSB0003128,APP0005220,PR0023661,2026-02-26,BR001,AO004,Kredit Konsumtif,Konsumtif,30000000,18.0,24
DSB0003129,APP0005221,PR0023666,2025-12-20,BR005,AO018,Kredit Konsumtif,Konsumtif,28000000,18.0,36
DSB0003130,APP0005222,PR0023668,2025-12-11,BR002,AO007,Kredit Mikro,Mikro,73500000,21.0,36
DSB0003131,APP0005223,PR0023678,2025-12-30,BR003,AO009,Kredit Payroll,Payroll,70500000,15.5,60
DSB0003132,APP0005225,PR0023689,2026-03-29,BR007,AO025,Kredit Payroll,Payroll,147500000,15.5,24
DSB0003133,APP0005230,PR0023727,2025-12-31,BR007,AO026,Kredit Payroll,Payroll,47000000,15.5,24
DSB0003134,APP0005231,PR0023732,2025-09-26,BR001,AO003,Kredit Payroll,Payroll,73500000,15.5,60
DSB0003135,APP0005232,PR0023737,2025-08-31,BR003,AO009,Kredit Payroll,Payroll,94000000,15.5,24
DSB0003136,APP0005233,PR0023749,2025-08-27,BR005,AO019,Kredit Payroll,Payroll,196500000,15.5,36
DSB0003137,APP0005234,PR0023753,2025-11-07,BR001,AO002,Kredit Payroll,Payroll,73000000,15.5,60
DSB0003138,APP0005235,PR0023755,2026-05-17,BR002,AO007,Kredit Produktif SME,SME,283000000,19.0,12
DSB0003139,APP0005236,PR0023760,2025-12-19,BR002,AO007,Kredit Konsumtif,Konsumtif,117000000,18.0,24
DSB0003140,APP0005237,PR0023763,2025-08-25,BR005,AO018,Kredit Payroll,Payroll,188000000,15.5,36
DSB0003141,APP0005239,PR0023774,2026-04-24,BR001,AO004,Kredit Payroll,Payroll,97000000,15.5,48
DSB0003142,APP0005240,PR0023777,2025-08-21,BR001,AO002,Kredit Konsumtif,Konsumtif,28500000,18.0,36
DSB0003143,APP0005243,PR0023794,2026-06-12,BR003,AO011,Kredit Produktif SME,SME,297000000,19.0,36
DSB0003144,APP0005245,PR0023799,2026-02-14,BR004,AO013,Kredit Produktif SME,SME,190000000,19.0,48
DSB0003145,APP0005247,PR0023803,2025-09-06,BR004,AO014,Kredit Konsumtif,Konsumtif,147000000,18.0,24
DSB0003146,APP0005249,PR0023811,2025-09-16,BR007,AO027,Kredit Payroll,Payroll,145500000,15.5,36
DSB0003147,APP0005251,PR0023813,2026-03-18,BR003,AO010,Kredit Produktif SME,SME,186500000,19.0,60
DSB0003148,APP0005254,PR0023819,2025-08-25,BR007,AO026,Kredit Konsumtif,Konsumtif,49500000,18.0,12
DSB0003149,APP0005255,PR0023821,2026-01-31,BR001,AO003,Kredit Mikro,Mikro,47000000,21.0,12
DSB0003150,APP0005257,PR0023827,2026-02-13,BR002,AO006,Kredit Konsumtif,Konsumtif,98000000,18.0,36
DSB0003151,APP0005260,PR0023832,2026-02-23,BR007,AO027,Kredit Payroll,Payroll,97500000,15.5,24
DSB0003152,APP0005263,PR0023863,2026-04-11,BR006,AO022,Kredit Produktif SME,SME,139500000,19.0,36
DSB0003153,APP0005264,PR0023870,2026-04-16,BR005,AO018,Kredit Produktif SME,SME,298000000,19.0,60
DSB0003154,APP0005265,PR0023873,2026-01-17,BR006,AO021,Kredit Konsumtif,Konsumtif,28500000,18.0,12
DSB0003155,APP0005267,PR0023883,2025-12-19,BR004,AO014,Kredit Mikro,Mikro,47500000,21.0,12
DSB0003156,APP0005270,PR0023891,2025-12-01,BR004,AO016,Kredit Mikro,Mikro,29500000,21.0,36
DSB0003157,APP0005271,PR0023893,2025-11-30,BR001,AO003,Kredit Payroll,Payroll,96500000,15.5,48
DSB0003158,APP0005272,PR0023902,2026-05-13,BR003,AO010,Kredit Payroll,Payroll,145000000,15.5,36
DSB0003159,APP0005274,PR0023908,2025-12-28,BR006,AO024,Kredit Konsumtif,Konsumtif,29000000,18.0,18
DSB0003160,APP0005278,PR0023917,2025-07-23,BR003,AO011,Kredit Payroll,Payroll,193000000,15.5,48
DSB0003161,APP0005279,PR0023920,2026-03-31,BR006,AO024,Kredit Konsumtif,Konsumtif,49000000,18.0,18
DSB0003162,APP0005281,PR0023924,2026-01-31,BR002,AO008,Kredit Mikro,Mikro,72000000,21.0,12
DSB0003163,APP0005282,PR0023939,2026-05-31,BR003,AO011,Kredit Produktif SME,SME,139000000,19.0,48
DSB0003164,APP0005283,PR0023942,2025-09-27,BR005,AO019,Kredit Konsumtif,Konsumtif,48000000,18.0,36
DSB0003165,APP0005284,PR0023944,2025-12-14,BR005,AO018,Kredit Mikro,Mikro,19000000,21.0,18
DSB0003166,APP0005285,PR0023949,2025-10-01,BR004,AO014,Kredit Konsumtif,Konsumtif,48500000,18.0,18
DSB0003167,APP0005286,PR0023952,2026-06-27,BR007,AO026,Kredit Payroll,Payroll,188000000,15.5,60
DSB0003168,APP0005288,PR0023967,2025-12-12,BR005,AO018,Kredit Payroll,Payroll,144500000,15.5,12
DSB0003169,APP0005290,PR0023977,2025-10-09,BR007,AO027,Kredit Mikro,Mikro,69500000,21.0,18
DSB0003170,APP0005293,PR0023983,2025-08-31,BR002,AO007,Kredit Payroll,Payroll,197500000,15.5,48
DSB0003171,APP0005295,PR0023987,2025-10-28,BR007,AO028,Kredit Konsumtif,Konsumtif,119500000,18.0,36
DSB0003172,APP0005296,PR0023988,2025-10-01,BR007,AO027,Kredit Payroll,Payroll,47500000,15.5,36
DSB0003173,APP0005297,PR0023992,2025-09-14,BR005,AO017,Kredit Konsumtif,Konsumtif,46500000,18.0,12
DSB0003174,APP0005299,PR0023997,2025-11-25,BR005,AO018,Kredit Produktif SME,SME,484500000,19.0,24
DSB0003175,APP0005300,PR0024004,2026-05-01,BR001,AO004,Kredit Konsumtif,Konsumtif,75000000,18.0,24
DSB0003176,APP0005301,PR0024010,2025-08-18,BR001,AO001,Kredit Produktif SME,SME,940500000,19.0,48
DSB0003177,APP0005303,PR0024021,2025-07-15,BR005,AO017,Kredit Konsumtif,Konsumtif,97500000,18.0,24
DSB0003178,APP0005304,PR0024026,2026-04-19,BR002,AO008,Kredit Payroll,Payroll,138500000,15.5,60
DSB0003179,APP0005305,PR0024027,2025-10-01,BR002,AO006,Kredit Payroll,Payroll,140500000,15.5,36
DSB0003180,APP0005307,PR0024045,2025-10-01,BR003,AO010,Kredit Payroll,Payroll,72500000,15.5,12
DSB0003181,APP0005309,PR0024065,2026-06-18,BR003,AO009,Kredit Konsumtif,Konsumtif,73000000,18.0,18
DSB0003182,APP0005311,PR0024073,2026-03-11,BR003,AO011,Kredit Konsumtif,Konsumtif,29500000,18.0,18
DSB0003183,APP0005313,PR0024086,2025-09-21,BR001,AO003,Kredit Payroll,Payroll,191000000,15.5,48
DSB0003184,APP0005314,PR0024087,2025-10-17,BR003,AO012,Kredit Payroll,Payroll,47500000,15.5,36
DSB0003185,APP0005316,PR0024092,2025-12-23,BR006,AO022,Kredit Mikro,Mikro,92500000,21.0,18
DSB0003186,APP0005318,PR0024100,2025-07-31,BR001,AO001,Kredit Payroll,Payroll,98000000,15.5,36
DSB0003187,APP0005320,PR0024113,2025-11-20,BR003,AO010,Kredit Produktif SME,SME,185500000,19.0,12
DSB0003188,APP0005321,PR0024120,2026-02-13,BR004,AO013,Kredit Konsumtif,Konsumtif,93500000,18.0,18
DSB0003189,APP0005323,PR0024122,2025-12-01,BR005,AO018,Kredit Mikro,Mikro,72500000,21.0,18
DSB0003190,APP0005325,PR0024134,2026-05-11,BR007,AO027,Kredit Produktif SME,SME,725500000,19.0,24
DSB0003191,APP0005326,PR0024135,2026-05-01,BR001,AO003,Kredit Payroll,Payroll,47500000,15.5,12
DSB0003192,APP0005327,PR0024137,2025-11-16,BR003,AO011,Kredit Konsumtif,Konsumtif,123500000,18.0,12
DSB0003193,APP0005328,PR0024138,2025-07-31,BR001,AO003,Kredit Mikro,Mikro,27500000,21.0,18
DSB0003194,APP0005331,PR0024161,2026-03-01,BR005,AO019,Kredit Konsumtif,Konsumtif,70500000,18.0,18
DSB0003195,APP0005332,PR0024163,2025-08-30,BR005,AO017,Kredit Konsumtif,Konsumtif,93000000,18.0,12
DSB0003196,APP0005333,PR0024166,2026-05-01,BR002,AO008,Kredit Produktif SME,SME,967500000,19.0,36
DSB0003197,APP0005334,PR0024169,2026-06-25,BR006,AO022,Kredit Konsumtif,Konsumtif,75000000,18.0,18
DSB0003198,APP0005337,PR0024186,2025-12-01,BR002,AO005,Kredit Konsumtif,Konsumtif,46000000,18.0,18
DSB0003199,APP0005338,PR0024188,2026-02-24,BR006,AO021,Kredit Konsumtif,Konsumtif,121500000,18.0,24
DSB0003200,APP0005340,PR0024210,2026-02-22,BR006,AO021,Kredit Produktif SME,SME,287000000,19.0,60
DSB0003201,APP0005344,PR0024227,2026-02-24,BR003,AO011,Kredit Konsumtif,Konsumtif,72000000,18.0,36
DSB0003202,APP0005350,PR0024242,2025-10-22,BR004,AO015,Kredit Mikro,Mikro,94000000,21.0,18
DSB0003203,APP0005351,PR0024248,2025-10-20,BR004,AO013,Kredit Konsumtif,Konsumtif,72000000,18.0,24
DSB0003204,APP0005354,PR0024270,2026-01-21,BR002,AO008,Kredit Konsumtif,Konsumtif,145000000,18.0,36
DSB0003205,APP0005358,PR0024315,2025-07-16,BR007,AO026,Kredit Produktif SME,SME,198500000,19.0,36
DSB0003206,APP0005359,PR0024318,2025-09-26,BR006,AO022,Kredit Payroll,Payroll,95500000,15.5,24
DSB0003207,APP0005361,PR0024322,2025-11-14,BR006,AO024,Kredit Konsumtif,Konsumtif,96000000,18.0,36
DSB0003208,APP0005362,PR0024323,2025-12-22,BR006,AO023,Kredit Konsumtif,Konsumtif,69500000,18.0,36
DSB0003209,APP0005363,PR0024326,2026-06-17,BR006,AO024,Kredit Payroll,Payroll,73500000,15.5,36
DSB0003210,APP0005367,PR0024341,2026-05-19,BR005,AO019,Kredit Konsumtif,Konsumtif,92500000,18.0,24
DSB0003211,APP0005369,PR0024357,2026-03-21,BR005,AO020,Kredit Konsumtif,Konsumtif,120500000,18.0,12
DSB0003212,APP0005370,PR0024360,2026-01-07,BR001,AO002,Kredit Konsumtif,Konsumtif,70500000,18.0,24
DSB0003213,APP0005371,PR0024367,2025-12-19,BR005,AO020,Kredit Konsumtif,Konsumtif,146000000,18.0,12
DSB0003214,APP0005373,PR0024373,2026-03-16,BR001,AO001,Kredit Mikro,Mikro,48000000,21.0,24
DSB0003215,APP0005374,PR0024378,2025-09-19,BR006,AO024,Kredit Konsumtif,Konsumtif,28000000,18.0,18
DSB0003216,APP0005375,PR0024384,2026-04-26,BR001,AO001,Kredit Produktif SME,SME,146000000,19.0,48
DSB0003217,APP0005378,PR0024396,2026-03-03,BR005,AO018,Kredit Payroll,Payroll,74500000,15.5,48
DSB0003218,APP0005379,PR0024400,2026-05-06,BR001,AO004,Kredit Mikro,Mikro,72000000,21.0,36
DSB0003219,APP0005381,PR0024409,2025-12-21,BR003,AO010,Kredit Konsumtif,Konsumtif,49500000,18.0,18
DSB0003220,APP0005383,PR0024423,2025-11-18,BR005,AO017,Kredit Mikro,Mikro,19500000,21.0,36
DSB0003221,APP0005384,PR0024431,2025-12-26,BR002,AO006,Kredit Produktif SME,SME,95000000,19.0,48
DSB0003222,APP0005388,PR0024442,2025-09-22,BR007,AO028,Kredit Mikro,Mikro,46500000,21.0,18
DSB0003223,APP0005390,PR0024448,2025-07-31,BR004,AO013,Kredit Produktif SME,SME,194000000,19.0,24
DSB0003224,APP0005391,PR0024450,2025-12-24,BR002,AO007,Kredit Payroll,Payroll,146000000,15.5,48
DSB0003225,APP0005392,PR0024454,2025-08-18,BR002,AO007,Kredit Mikro,Mikro,20000000,21.0,18
DSB0003226,APP0005394,PR0024460,2026-04-28,BR005,AO017,Kredit Payroll,Payroll,97500000,15.5,48
DSB0003227,APP0005395,PR0024461,2026-05-22,BR005,AO018,Kredit Konsumtif,Konsumtif,118500000,18.0,24
DSB0003228,APP0005399,PR0024488,2025-09-17,BR002,AO005,Kredit Payroll,Payroll,191500000,15.5,48
DSB0003229,APP0005400,PR0024491,2026-01-31,BR002,AO005,Kredit Konsumtif,Konsumtif,115500000,18.0,36
DSB0003230,APP0005401,PR0024492,2026-01-30,BR004,AO015,Kredit Payroll,Payroll,71500000,15.5,60
DSB0003231,APP0005402,PR0024500,2026-03-28,BR006,AO023,Kredit Konsumtif,Konsumtif,140000000,18.0,12
DSB0003232,APP0005403,PR0024503,2025-08-25,BR007,AO027,Kredit Konsumtif,Konsumtif,72000000,18.0,12
DSB0003233,APP0005404,PR0024506,2026-01-06,BR002,AO008,Kredit Payroll,Payroll,189000000,15.5,24
DSB0003234,APP0005405,PR0024508,2026-03-31,BR005,AO019,Kredit Mikro,Mikro,28000000,21.0,24
DSB0003235,APP0005408,PR0024516,2026-03-31,BR001,AO001,Kredit Mikro,Mikro,50000000,21.0,36
DSB0003236,APP0005409,PR0024517,2026-03-08,BR007,AO025,Kredit Payroll,Payroll,97500000,15.5,36
DSB0003237,APP0005410,PR0024519,2025-10-14,BR001,AO003,Kredit Mikro,Mikro,50000000,21.0,24
DSB0003238,APP0005412,PR0024532,2025-09-23,BR006,AO021,Kredit Konsumtif,Konsumtif,145000000,18.0,18
DSB0003239,APP0005414,PR0024549,2025-09-10,BR006,AO024,Kredit Konsumtif,Konsumtif,71000000,18.0,12
DSB0003240,APP0005416,PR0024551,2025-11-14,BR004,AO014,Kredit Payroll,Payroll,93000000,15.5,24
DSB0003241,APP0005417,PR0024552,2025-07-24,BR005,AO020,Kredit Produktif SME,SME,285000000,19.0,48
DSB0003242,APP0005418,PR0024553,2025-10-19,BR007,AO028,Kredit Payroll,Payroll,50000000,15.5,60
DSB0003243,APP0005419,PR0024558,2025-08-31,BR006,AO021,Kredit Produktif SME,SME,184500000,19.0,60
DSB0003244,APP0005421,PR0024564,2025-12-01,BR001,AO004,Kredit Mikro,Mikro,20000000,21.0,36
DSB0003245,APP0005422,PR0024566,2026-01-22,BR001,AO001,Kredit Produktif SME,SME,144500000,19.0,60
DSB0003246,APP0005424,PR0024569,2026-01-31,BR001,AO002,Kredit Konsumtif,Konsumtif,47000000,18.0,36
DSB0003247,APP0005425,PR0024571,2026-02-24,BR001,AO003,Kredit Konsumtif,Konsumtif,140500000,18.0,18
DSB0003248,APP0005427,PR0024581,2025-09-30,BR005,AO018,Kredit Konsumtif,Konsumtif,27500000,18.0,18
DSB0003249,APP0005428,PR0024588,2026-03-31,BR006,AO021,Kredit Konsumtif,Konsumtif,30000000,18.0,18
DSB0003250,APP0005430,PR0024595,2026-03-01,BR005,AO019,Kredit Payroll,Payroll,48000000,15.5,12
DSB0003251,APP0005431,PR0024601,2025-07-08,BR002,AO007,Kredit Mikro,Mikro,28000000,21.0,24
DSB0003252,APP0005432,PR0024606,2025-10-31,BR001,AO002,Kredit Konsumtif,Konsumtif,139500000,18.0,36
DSB0003253,APP0005433,PR0024607,2026-01-31,BR005,AO020,Kredit Konsumtif,Konsumtif,48500000,18.0,24
DSB0003254,APP0005435,PR0024618,2026-05-24,BR001,AO003,Kredit Mikro,Mikro,19500000,21.0,24
DSB0003255,APP0005439,PR0024633,2026-02-23,BR001,AO002,Kredit Konsumtif,Konsumtif,46500000,18.0,12
DSB0003256,APP0005441,PR0024650,2026-04-19,BR001,AO004,Kredit Konsumtif,Konsumtif,116500000,18.0,12
DSB0003257,APP0005442,PR0024651,2026-03-31,BR003,AO011,Kredit Produktif SME,SME,198000000,19.0,36
DSB0003258,APP0005444,PR0024654,2026-01-12,BR001,AO003,Kredit Konsumtif,Konsumtif,49000000,18.0,12
DSB0003259,APP0005445,PR0024656,2026-03-12,BR002,AO008,Kredit Payroll,Payroll,75000000,15.5,48
DSB0003260,APP0005446,PR0024665,2025-08-31,BR005,AO020,Kredit Produktif SME,SME,285000000,19.0,48
DSB0003261,APP0005447,PR0024668,2025-11-27,BR006,AO021,Kredit Konsumtif,Konsumtif,69500000,18.0,24
DSB0003262,APP0005450,PR0024689,2026-04-17,BR001,AO003,Kredit Mikro,Mikro,19000000,21.0,18
DSB0003263,APP0005452,PR0024697,2026-01-15,BR006,AO021,Kredit Payroll,Payroll,138500000,15.5,60
DSB0003264,APP0005454,PR0024717,2026-02-10,BR006,AO024,Kredit Mikro,Mikro,70000000,21.0,18
DSB0003265,APP0005458,PR0024732,2026-03-18,BR007,AO027,Kredit Produktif SME,SME,191000000,19.0,24
DSB0003266,APP0005460,PR0024750,2026-05-01,BR003,AO009,Kredit Konsumtif,Konsumtif,124000000,18.0,36
DSB0003267,APP0005461,PR0024753,2026-04-27,BR002,AO007,Kredit Konsumtif,Konsumtif,48500000,18.0,36
DSB0003268,APP0005464,PR0024756,2026-06-27,BR003,AO010,Kredit Konsumtif,Konsumtif,72000000,18.0,12
DSB0003269,APP0005466,PR0024768,2026-07-01,BR007,AO028,Kredit Payroll,Payroll,47000000,15.5,48
DSB0003270,APP0005467,PR0024769,2025-08-31,BR007,AO027,Kredit Konsumtif,Konsumtif,142000000,18.0,36
DSB0003271,APP0005468,PR0024773,2026-03-11,BR005,AO019,Kredit Produktif SME,SME,189000000,19.0,36
DSB0003272,APP0005469,PR0024777,2025-12-31,BR003,AO012,Kredit Mikro,Mikro,19000000,21.0,18
DSB0003273,APP0005474,PR0024813,2026-02-26,BR005,AO017,Kredit Konsumtif,Konsumtif,46500000,18.0,36
DSB0003274,APP0005476,PR0024825,2025-11-19,BR006,AO021,Kredit Mikro,Mikro,69000000,21.0,24
DSB0003275,APP0005477,PR0024832,2026-05-30,BR005,AO017,Kredit Mikro,Mikro,72500000,21.0,36
DSB0003276,APP0005478,PR0024834,2025-10-15,BR001,AO003,Kredit Konsumtif,Konsumtif,49500000,18.0,24
DSB0003277,APP0005480,PR0024849,2025-12-01,BR006,AO023,Kredit Konsumtif,Konsumtif,28000000,18.0,36
DSB0003278,APP0005482,PR0024854,2026-05-17,BR001,AO003,Kredit Payroll,Payroll,139500000,15.5,24
DSB0003279,APP0005485,PR0024865,2025-07-21,BR003,AO009,Kredit Mikro,Mikro,74000000,21.0,12
DSB0003280,APP0005486,PR0024866,2026-04-17,BR007,AO025,Kredit Konsumtif,Konsumtif,49000000,18.0,24
DSB0003281,APP0005487,PR0024873,2025-11-15,BR001,AO001,Kredit Konsumtif,Konsumtif,98000000,18.0,36
DSB0003282,APP0005491,PR0024891,2025-11-20,BR003,AO012,Kredit Payroll,Payroll,145500000,15.5,48
DSB0003283,APP0005493,PR0024896,2026-02-14,BR007,AO028,Kredit Mikro,Mikro,46000000,21.0,18
DSB0003284,APP0005494,PR0024898,2026-01-31,BR007,AO025,Kredit Payroll,Payroll,73500000,15.5,12
DSB0003285,APP0005495,PR0024899,2025-08-23,BR004,AO015,Kredit Mikro,Mikro,50000000,21.0,36
DSB0003286,APP0005499,PR0024907,2026-07-01,BR003,AO010,Kredit Produktif SME,SME,922500000,19.0,60
DSB0003287,APP0005500,PR0024911,2026-01-31,BR003,AO009,Kredit Payroll,Payroll,186000000,15.5,60
DSB0003288,APP0005501,PR0024917,2026-04-28,BR002,AO007,Kredit Payroll,Payroll,97500000,15.5,36
DSB0003289,APP0005502,PR0024920,2026-07-01,BR003,AO012,Kredit Produktif SME,SME,298000000,19.0,24
DSB0003290,APP0005503,PR0024921,2026-02-15,BR006,AO022,Kredit Mikro,Mikro,48500000,21.0,12
DSB0003291,APP0005506,PR0024929,2025-10-25,BR004,AO014,Kredit Payroll,Payroll,46000000,15.5,12
DSB0003292,APP0005508,PR0024931,2026-05-31,BR003,AO010,Kredit Payroll,Payroll,193500000,15.5,36
DSB0003293,APP0005509,PR0024933,2026-01-31,BR006,AO024,Kredit Mikro,Mikro,18500000,21.0,36
DSB0003294,APP0005511,PR0024938,2025-07-31,BR005,AO018,Kredit Mikro,Mikro,99500000,21.0,24
DSB0003295,APP0005512,PR0024939,2025-10-01,BR006,AO023,Kredit Produktif SME,SME,96000000,19.0,48
DSB0003296,APP0005514,PR0024947,2025-07-12,BR001,AO004,Kredit Payroll,Payroll,193000000,15.5,36
DSB0003297,APP0005515,PR0024951,2025-08-27,BR002,AO008,Kredit Produktif SME,SME,736500000,19.0,24
DSB0003298,APP0005516,PR0024952,2026-05-16,BR004,AO016,Kredit Mikro,Mikro,93000000,21.0,36
DSB0003299,APP0005520,PR0024986,2025-08-25,BR006,AO021,Kredit Produktif SME,SME,993500000,19.0,60
DSB0003300,APP0005521,PR0024987,2026-05-31,BR001,AO003,Kredit Produktif SME,SME,982500000,19.0,12
DSB0003301,APP0005523,PR0024996,2026-01-14,BR005,AO017,Kredit Payroll,Payroll,50000000,15.5,60
DSB0003302,APP0005524,PR0024997,2026-07-01,BR006,AO021,Kredit Mikro,Mikro,69500000,21.0,24
DSB0003303,APP0005525,PR0025013,2026-06-16,BR005,AO018,Kredit Produktif SME,SME,149500000,19.0,60
DSB0003304,APP0005526,PR0025014,2025-09-06,BR001,AO002,Kredit Payroll,Payroll,48000000,15.5,48
DSB0003305,APP0005527,PR0025018,2025-10-11,BR003,AO011,Kredit Mikro,Mikro,29000000,21.0,36
DSB0003306,APP0005528,PR0025020,2025-11-11,BR001,AO003,Kredit Konsumtif,Konsumtif,120500000,18.0,12
DSB0003307,APP0005531,PR0025040,2025-07-18,BR003,AO011,Kredit Produktif SME,SME,95000000,19.0,12
DSB0003308,APP0005532,PR0025042,2026-02-20,BR005,AO017,Kredit Payroll,Payroll,96000000,15.5,12
DSB0003309,APP0005534,PR0025047,2025-10-30,BR006,AO023,Kredit Mikro,Mikro,69000000,21.0,36
DSB0003310,APP0005538,PR0025061,2026-05-22,BR001,AO004,Kredit Konsumtif,Konsumtif,123000000,18.0,36
DSB0003311,APP0005539,PR0025063,2025-08-17,BR006,AO022,Kredit Produktif SME,SME,480500000,19.0,24
DSB0003312,APP0005540,PR0025072,2025-09-14,BR003,AO012,Kredit Payroll,Payroll,96000000,15.5,36
DSB0003313,APP0005545,PR0025101,2026-07-01,BR006,AO024,Kredit Payroll,Payroll,146500000,15.5,24
DSB0003314,APP0005546,PR0025105,2025-07-31,BR005,AO018,Kredit Konsumtif,Konsumtif,29000000,18.0,36
DSB0003315,APP0005548,PR0025116,2025-12-19,BR006,AO023,Kredit Mikro,Mikro,94500000,21.0,18
DSB0003316,APP0005549,PR0025121,2026-02-22,BR006,AO023,Kredit Mikro,Mikro,20000000,21.0,18
DSB0003317,APP0005550,PR0025129,2026-05-01,BR002,AO008,Kredit Konsumtif,Konsumtif,116000000,18.0,36
DSB0003318,APP0005552,PR0025139,2026-03-03,BR001,AO003,Kredit Produktif SME,SME,289500000,19.0,12
DSB0003319,APP0005554,PR0025141,2025-10-19,BR001,AO004,Kredit Payroll,Payroll,73000000,15.5,12
DSB0003320,APP0005556,PR0025149,2026-04-19,BR005,AO019,Kredit Konsumtif,Konsumtif,47000000,18.0,36
DSB0003321,APP0005557,PR0025163,2026-03-08,BR002,AO005,Kredit Payroll,Payroll,69500000,15.5,24
DSB0003322,APP0005558,PR0025164,2026-06-08,BR006,AO021,Kredit Konsumtif,Konsumtif,147000000,18.0,36
DSB0003323,APP0005562,PR0025179,2026-06-23,BR002,AO008,Kredit Payroll,Payroll,193000000,15.5,24
DSB0003324,APP0005563,PR0025181,2025-09-22,BR007,AO027,Kredit Konsumtif,Konsumtif,99500000,18.0,12
DSB0003325,APP0005567,PR0025191,2025-08-16,BR006,AO023,Kredit Mikro,Mikro,49500000,21.0,36
DSB0003326,APP0005568,PR0025208,2025-08-20,BR006,AO021,Kredit Mikro,Mikro,18500000,21.0,24
DSB0003327,APP0005569,PR0025216,2025-10-01,BR003,AO010,Kredit Konsumtif,Konsumtif,74000000,18.0,18
DSB0003328,APP0005571,PR0025223,2025-10-01,BR001,AO004,Kredit Mikro,Mikro,71500000,21.0,36
DSB0003329,APP0005573,PR0025228,2026-01-31,BR006,AO024,Kredit Konsumtif,Konsumtif,46500000,18.0,18
DSB0003330,APP0005574,PR0025232,2025-10-28,BR003,AO010,Kredit Payroll,Payroll,69500000,15.5,24
DSB0003331,APP0005577,PR0025267,2025-07-13,BR004,AO016,Kredit Produktif SME,SME,187000000,19.0,12
DSB0003332,APP0005578,PR0025270,2025-11-23,BR002,AO008,Kredit Konsumtif,Konsumtif,116000000,18.0,24
DSB0003333,APP0005579,PR0025271,2025-10-26,BR006,AO021,Kredit Payroll,Payroll,71000000,15.5,60
DSB0003334,APP0005580,PR0025272,2025-07-16,BR005,AO020,Kredit Produktif SME,SME,97000000,19.0,24
DSB0003335,APP0005583,PR0025281,2025-09-19,BR003,AO012,Kredit Konsumtif,Konsumtif,29500000,18.0,36
DSB0003336,APP0005584,PR0025282,2025-12-18,BR005,AO020,Kredit Mikro,Mikro,49000000,21.0,18
DSB0003337,APP0005585,PR0025286,2026-03-22,BR004,AO013,Kredit Konsumtif,Konsumtif,117000000,18.0,18
DSB0003338,APP0005586,PR0025293,2025-09-14,BR005,AO017,Kredit Payroll,Payroll,187000000,15.5,12
DSB0003339,APP0005588,PR0025303,2026-04-12,BR005,AO018,Kredit Payroll,Payroll,146500000,15.5,36
DSB0003340,APP0005589,PR0025309,2026-01-07,BR002,AO005,Kredit Konsumtif,Konsumtif,70500000,18.0,18
DSB0003341,APP0005591,PR0025312,2025-11-10,BR003,AO012,Kredit Produktif SME,SME,94000000,19.0,48
DSB0003342,APP0005592,PR0025320,2026-01-31,BR005,AO018,Kredit Produktif SME,SME,283500000,19.0,48
DSB0003343,APP0005593,PR0025324,2026-05-19,BR005,AO019,Kredit Produktif SME,SME,189000000,19.0,12
DSB0003344,APP0005594,PR0025331,2025-09-24,BR004,AO013,Kredit Payroll,Payroll,99500000,15.5,48
DSB0003345,APP0005595,PR0025338,2025-09-30,BR007,AO026,Kredit Konsumtif,Konsumtif,143500000,18.0,36
DSB0003346,APP0005596,PR0025350,2025-12-01,BR005,AO017,Kredit Payroll,Payroll,49500000,15.5,24
DSB0003347,APP0005597,PR0025354,2026-03-17,BR001,AO002,Kredit Konsumtif,Konsumtif,120500000,18.0,12
DSB0003348,APP0005598,PR0025356,2026-04-18,BR004,AO014,Kredit Mikro,Mikro,29500000,21.0,12
DSB0003349,APP0005599,PR0025359,2025-10-31,BR001,AO003,Kredit Payroll,Payroll,71500000,15.5,24
DSB0003350,APP0005600,PR0025362,2025-10-31,BR004,AO013,Kredit Produktif SME,SME,147000000,19.0,12
DSB0003351,APP0005602,PR0025376,2025-10-01,BR004,AO013,Kredit Payroll,Payroll,99000000,15.5,48
DSB0003352,APP0005607,PR0025398,2025-12-13,BR001,AO002,Kredit Payroll,Payroll,139500000,15.5,60
DSB0003353,APP0005609,PR0025409,2025-08-31,BR004,AO014,Kredit Mikro,Mikro,73500000,21.0,18
DSB0003354,APP0005610,PR0025413,2026-04-16,BR004,AO013,Kredit Konsumtif,Konsumtif,149500000,18.0,24
DSB0003355,APP0005611,PR0025415,2026-03-03,BR001,AO004,Kredit Konsumtif,Konsumtif,49500000,18.0,36
DSB0003356,APP0005612,PR0025419,2026-01-29,BR002,AO005,Kredit Konsumtif,Konsumtif,30000000,18.0,36
DSB0003357,APP0005613,PR0025424,2026-01-28,BR007,AO026,Kredit Konsumtif,Konsumtif,139000000,18.0,24
DSB0003358,APP0005617,PR0025455,2026-04-10,BR003,AO010,Kredit Produktif SME,SME,199500000,19.0,48
DSB0003359,APP0005619,PR0025459,2025-10-01,BR007,AO028,Kredit Mikro,Mikro,70500000,21.0,36
DSB0003360,APP0005621,PR0025465,2025-08-21,BR007,AO028,Kredit Konsumtif,Konsumtif,69500000,18.0,12
DSB0003361,APP0005622,PR0025474,2025-11-28,BR002,AO006,Kredit Konsumtif,Konsumtif,117000000,18.0,36
DSB0003362,APP0005623,PR0025475,2026-04-16,BR005,AO017,Kredit Mikro,Mikro,30000000,21.0,18
DSB0003363,APP0005624,PR0025479,2026-05-31,BR006,AO023,Kredit Mikro,Mikro,19000000,21.0,24
DSB0003364,APP0005625,PR0025480,2025-10-31,BR004,AO014,Kredit Konsumtif,Konsumtif,49500000,18.0,36
DSB0003365,APP0005627,PR0025485,2026-02-28,BR004,AO016,Kredit Konsumtif,Konsumtif,98500000,18.0,24
DSB0003366,APP0005628,PR0025489,2026-06-12,BR001,AO003,Kredit Produktif SME,SME,146000000,19.0,48
DSB0003367,APP0005630,PR0025504,2025-08-23,BR005,AO019,Kredit Konsumtif,Konsumtif,48500000,18.0,36
DSB0003368,APP0005631,PR0025510,2025-10-15,BR004,AO015,Kredit Konsumtif,Konsumtif,93000000,18.0,18
DSB0003369,APP0005633,PR0025515,2026-01-12,BR006,AO023,Kredit Payroll,Payroll,190500000,15.5,24
DSB0003370,APP0005634,PR0025517,2025-10-21,BR002,AO008,Kredit Konsumtif,Konsumtif,74000000,18.0,12
DSB0003371,APP0005637,PR0025532,2026-04-12,BR003,AO012,Kredit Payroll,Payroll,94500000,15.5,48
DSB0003372,APP0005638,PR0025540,2025-12-01,BR003,AO012,Kredit Mikro,Mikro,49000000,21.0,18
DSB0003373,APP0005639,PR0025541,2025-10-01,BR001,AO003,Kredit Mikro,Mikro,19500000,21.0,24
DSB0003374,APP0005640,PR0025548,2026-06-24,BR007,AO028,Kredit Payroll,Payroll,48000000,15.5,60
DSB0003375,APP0005641,PR0025553,2026-05-31,BR003,AO011,Kredit Produktif SME,SME,145500000,19.0,60
DSB0003376,APP0005642,PR0025554,2025-10-29,BR003,AO009,Kredit Payroll,Payroll,69000000,15.5,36
DSB0003377,APP0005643,PR0025556,2025-07-31,BR002,AO008,Kredit Payroll,Payroll,94500000,15.5,48
DSB0003378,APP0005644,PR0025559,2025-08-18,BR006,AO022,Kredit Konsumtif,Konsumtif,115000000,18.0,36
DSB0003379,APP0005646,PR0025565,2025-10-01,BR003,AO012,Kredit Payroll,Payroll,148500000,15.5,48
DSB0003380,APP0005647,PR0025567,2026-06-15,BR001,AO003,Kredit Mikro,Mikro,19000000,21.0,12
DSB0003381,APP0005648,PR0025571,2026-01-18,BR006,AO024,Kredit Payroll,Payroll,48500000,15.5,48
DSB0003382,APP0005650,PR0025583,2025-10-22,BR002,AO006,Kredit Payroll,Payroll,140000000,15.5,24
DSB0003383,APP0005652,PR0025592,2025-11-09,BR002,AO005,Kredit Konsumtif,Konsumtif,145000000,18.0,18
DSB0003384,APP0005653,PR0025600,2026-03-13,BR002,AO008,Kredit Mikro,Mikro,95000000,21.0,18
DSB0003385,APP0005654,PR0025602,2026-03-16,BR006,AO022,Kredit Payroll,Payroll,188500000,15.5,48
DSB0003386,APP0005655,PR0025603,2026-05-14,BR003,AO012,Kredit Payroll,Payroll,189000000,15.5,12
DSB0003387,APP0005659,PR0025630,2025-10-01,BR001,AO001,Kredit Konsumtif,Konsumtif,140000000,18.0,24
DSB0003388,APP0005660,PR0025632,2026-01-31,BR002,AO005,Kredit Konsumtif,Konsumtif,94500000,18.0,12
DSB0003389,APP0005661,PR0025646,2026-01-15,BR002,AO007,Kredit Konsumtif,Konsumtif,143000000,18.0,24
DSB0003390,APP0005663,PR0025650,2026-03-26,BR002,AO008,Kredit Konsumtif,Konsumtif,46500000,18.0,24
DSB0003391,APP0005669,PR0025674,2026-02-28,BR005,AO018,Kredit Payroll,Payroll,74000000,15.5,24
DSB0003392,APP0005671,PR0025679,2025-07-20,BR005,AO019,Kredit Produktif SME,SME,299000000,19.0,24
DSB0003393,APP0005674,PR0025692,2025-11-24,BR007,AO026,Kredit Mikro,Mikro,19500000,21.0,18
DSB0003394,APP0005675,PR0025695,2025-12-30,BR004,AO013,Kredit Konsumtif,Konsumtif,143500000,18.0,36
DSB0003395,APP0005676,PR0025700,2025-11-23,BR007,AO026,Kredit Produktif SME,SME,193500000,19.0,36
DSB0003396,APP0005679,PR0025705,2026-02-27,BR005,AO020,Kredit Konsumtif,Konsumtif,72000000,18.0,36
DSB0003397,APP0005680,PR0025706,2025-08-27,BR002,AO007,Kredit Mikro,Mikro,47000000,21.0,18
DSB0003398,APP0005681,PR0025708,2025-12-09,BR002,AO006,Kredit Mikro,Mikro,29000000,21.0,24
DSB0003399,APP0005684,PR0025742,2025-10-01,BR002,AO006,Kredit Konsumtif,Konsumtif,116500000,18.0,12
DSB0003400,APP0005686,PR0025750,2026-03-10,BR003,AO011,Kredit Payroll,Payroll,148000000,15.5,36
DSB0003401,APP0005690,PR0025774,2026-01-16,BR006,AO022,Kredit Mikro,Mikro,74500000,21.0,12
DSB0003402,APP0005691,PR0025776,2026-06-17,BR006,AO024,Kredit Payroll,Payroll,145500000,15.5,36
DSB0003403,APP0005692,PR0025777,2026-03-14,BR001,AO001,Kredit Konsumtif,Konsumtif,124000000,18.0,12
DSB0003404,APP0005693,PR0025779,2025-09-12,BR006,AO023,Kredit Mikro,Mikro,70500000,21.0,36
DSB0003405,APP0005698,PR0025809,2025-08-21,BR006,AO022,Kredit Konsumtif,Konsumtif,142000000,18.0,18
DSB0003406,APP0005699,PR0025810,2025-09-22,BR002,AO006,Kredit Konsumtif,Konsumtif,99500000,18.0,36
DSB0003407,APP0005702,PR0025827,2026-02-13,BR006,AO024,Kredit Mikro,Mikro,95000000,21.0,36
DSB0003408,APP0005705,PR0025840,2026-02-26,BR002,AO008,Kredit Payroll,Payroll,49500000,15.5,36
DSB0003409,APP0005706,PR0025845,2025-12-17,BR003,AO012,Kredit Konsumtif,Konsumtif,73000000,18.0,18
DSB0003410,APP0005707,PR0025851,2025-10-17,BR003,AO012,Kredit Konsumtif,Konsumtif,115500000,18.0,12
DSB0003411,APP0005708,PR0025853,2026-05-28,BR007,AO028,Kredit Konsumtif,Konsumtif,144500000,18.0,12
DSB0003412,APP0005709,PR0025855,2026-02-28,BR002,AO008,Kredit Konsumtif,Konsumtif,149500000,18.0,36
DSB0003413,APP0005710,PR0025863,2026-04-22,BR003,AO010,Kredit Mikro,Mikro,28500000,21.0,24
DSB0003414,APP0005711,PR0025870,2026-04-16,BR005,AO018,Kredit Konsumtif,Konsumtif,49500000,18.0,18
DSB0003415,APP0005712,PR0025875,2026-03-31,BR001,AO002,Kredit Payroll,Payroll,49500000,15.5,24
DSB0003416,APP0005714,PR0025886,2025-08-31,BR006,AO022,Kredit Produktif SME,SME,287000000,19.0,36
DSB0003417,APP0005715,PR0025894,2026-03-02,BR005,AO017,Kredit Konsumtif,Konsumtif,123000000,18.0,24
DSB0003418,APP0005716,PR0025897,2026-01-29,BR006,AO023,Kredit Konsumtif,Konsumtif,28000000,18.0,24
DSB0003419,APP0005718,PR0025910,2026-03-07,BR002,AO008,Kredit Payroll,Payroll,73000000,15.5,12
DSB0003420,APP0005719,PR0025914,2026-03-03,BR005,AO018,Kredit Payroll,Payroll,49000000,15.5,48
DSB0003421,APP0005723,PR0025925,2025-11-24,BR001,AO003,Kredit Konsumtif,Konsumtif,95500000,18.0,18
DSB0003422,APP0005724,PR0025931,2025-09-30,BR004,AO014,Kredit Payroll,Payroll,71000000,15.5,36
DSB0003423,APP0005726,PR0025936,2025-10-19,BR002,AO006,Kredit Payroll,Payroll,70000000,15.5,12
DSB0003424,APP0005727,PR0025939,2026-07-01,BR001,AO004,Kredit Konsumtif,Konsumtif,28500000,18.0,36
DSB0003425,APP0005728,PR0025949,2026-01-21,BR001,AO002,Kredit Produktif SME,SME,139000000,19.0,48
DSB0003426,APP0005729,PR0025952,2025-10-31,BR001,AO001,Kredit Mikro,Mikro,73000000,21.0,12
DSB0003427,APP0005734,PR0025982,2025-10-20,BR003,AO010,Kredit Konsumtif,Konsumtif,30000000,18.0,12
DSB0003428,APP0005736,PR0026002,2025-10-18,BR004,AO015,Kredit Konsumtif,Konsumtif,146000000,18.0,12
DSB0003429,APP0005740,PR0026017,2025-11-11,BR005,AO018,Kredit Produktif SME,SME,185500000,19.0,12
DSB0003430,APP0005741,PR0026018,2026-01-15,BR005,AO018,Kredit Payroll,Payroll,93000000,15.5,60
DSB0003431,APP0005742,PR0026019,2025-12-01,BR006,AO022,Kredit Payroll,Payroll,93500000,15.5,12
DSB0003432,APP0005743,PR0026024,2026-02-25,BR002,AO007,Kredit Payroll,Payroll,194500000,15.5,24
DSB0003433,APP0005746,PR0026037,2025-11-24,BR001,AO003,Kredit Payroll,Payroll,147500000,15.5,48
DSB0003434,APP0005749,PR0026044,2026-04-06,BR005,AO018,Kredit Produktif SME,SME,296500000,19.0,24
DSB0003435,APP0005751,PR0026066,2025-11-11,BR003,AO010,Kredit Konsumtif,Konsumtif,99000000,18.0,24
DSB0003436,APP0005753,PR0026080,2026-01-17,BR002,AO006,Kredit Produktif SME,SME,197500000,19.0,12
DSB0003437,APP0005754,PR0026081,2026-01-13,BR003,AO009,Kredit Konsumtif,Konsumtif,46500000,18.0,12
DSB0003438,APP0005755,PR0026083,2025-12-27,BR005,AO017,Kredit Payroll,Payroll,147000000,15.5,60
DSB0003439,APP0005757,PR0026090,2025-12-16,BR007,AO027,Kredit Konsumtif,Konsumtif,138500000,18.0,24
DSB0003440,APP0005761,PR0026100,2026-01-30,BR001,AO003,Kredit Payroll,Payroll,48500000,15.5,48
DSB0003441,APP0005763,PR0026104,2025-08-28,BR005,AO020,Kredit Produktif SME,SME,95000000,19.0,60
DSB0003442,APP0005764,PR0026109,2026-06-23,BR006,AO023,Kredit Konsumtif,Konsumtif,98000000,18.0,24
DSB0003443,APP0005767,PR0026115,2026-03-27,BR003,AO012,Kredit Konsumtif,Konsumtif,49000000,18.0,12
DSB0003444,APP0005768,PR0026118,2026-06-30,BR001,AO004,Kredit Payroll,Payroll,47000000,15.5,48
DSB0003445,APP0005770,PR0026128,2025-09-07,BR003,AO012,Kredit Konsumtif,Konsumtif,142000000,18.0,18
DSB0003446,APP0005771,PR0026131,2025-12-12,BR006,AO022,Kredit Produktif SME,SME,191500000,19.0,24
DSB0003447,APP0005773,PR0026144,2026-05-15,BR004,AO016,Kredit Produktif SME,SME,188000000,19.0,48
DSB0003448,APP0005774,PR0026148,2025-10-18,BR007,AO026,Kredit Konsumtif,Konsumtif,93000000,18.0,12
DSB0003449,APP0005776,PR0026161,2025-08-30,BR002,AO007,Kredit Payroll,Payroll,48500000,15.5,12
DSB0003450,APP0005778,PR0026164,2025-10-15,BR006,AO021,Kredit Mikro,Mikro,50000000,21.0,36
DSB0003451,APP0005780,PR0026169,2026-04-10,BR007,AO027,Kredit Produktif SME,SME,187500000,19.0,36
DSB0003452,APP0005781,PR0026177,2025-07-22,BR001,AO002,Kredit Produktif SME,SME,142000000,19.0,36
DSB0003453,APP0005782,PR0026181,2026-01-21,BR004,AO013,Kredit Produktif SME,SME,949500000,19.0,48
DSB0003454,APP0005783,PR0026182,2026-05-01,BR004,AO015,Kredit Konsumtif,Konsumtif,142500000,18.0,24
DSB0003455,APP0005784,PR0026195,2026-05-17,BR006,AO024,Kredit Konsumtif,Konsumtif,119500000,18.0,36
DSB0003456,APP0005785,PR0026202,2025-08-18,BR007,AO028,Kredit Produktif SME,SME,96000000,19.0,36
DSB0003457,APP0005787,PR0026204,2025-08-31,BR002,AO005,Kredit Konsumtif,Konsumtif,96000000,18.0,36
DSB0003458,APP0005789,PR0026221,2026-03-31,BR001,AO004,Kredit Mikro,Mikro,28000000,21.0,24
DSB0003459,APP0005790,PR0026224,2025-12-01,BR006,AO023,Kredit Konsumtif,Konsumtif,121500000,18.0,36
DSB0003460,APP0005791,PR0026226,2025-07-15,BR005,AO020,Kredit Mikro,Mikro,47000000,21.0,36
DSB0003461,APP0005793,PR0026230,2026-02-18,BR001,AO003,Kredit Konsumtif,Konsumtif,119500000,18.0,36
DSB0003462,APP0005794,PR0026238,2025-12-09,BR007,AO025,Kredit Produktif SME,SME,941500000,19.0,24
DSB0003463,APP0005796,PR0026257,2026-03-31,BR001,AO002,Kredit Payroll,Payroll,140500000,15.5,24
DSB0003464,APP0005799,PR0026262,2025-10-31,BR003,AO010,Kredit Konsumtif,Konsumtif,146000000,18.0,18
DSB0003465,APP0005800,PR0026264,2025-12-26,BR001,AO004,Kredit Payroll,Payroll,199000000,15.5,60
DSB0003466,APP0005801,PR0026269,2025-08-31,BR003,AO011,Kredit Payroll,Payroll,48000000,15.5,36
DSB0003467,APP0005803,PR0026282,2026-01-31,BR001,AO004,Kredit Konsumtif,Konsumtif,74000000,18.0,18
DSB0003468,APP0005804,PR0026288,2026-03-14,BR001,AO002,Kredit Payroll,Payroll,94500000,15.5,12
DSB0003469,APP0005805,PR0026289,2026-03-17,BR003,AO010,Kredit Produktif SME,SME,144500000,19.0,24
DSB0003470,APP0005809,PR0026302,2025-07-31,BR005,AO018,Kredit Produktif SME,SME,187000000,19.0,36
DSB0003471,APP0005810,PR0026308,2025-10-28,BR004,AO014,Kredit Konsumtif,Konsumtif,95500000,18.0,12
DSB0003472,APP0005811,PR0026309,2026-01-26,BR001,AO004,Kredit Payroll,Payroll,142000000,15.5,12
DSB0003473,APP0005812,PR0026318,2025-08-31,BR006,AO022,Kredit Payroll,Payroll,199500000,15.5,24
DSB0003474,APP0005816,PR0026329,2026-02-19,BR004,AO013,Kredit Mikro,Mikro,73000000,21.0,24
DSB0003475,APP0005817,PR0026330,2026-05-01,BR003,AO010,Kredit Mikro,Mikro,48000000,21.0,12
DSB0003476,APP0005820,PR0026339,2026-05-01,BR006,AO024,Kredit Payroll,Payroll,47500000,15.5,24
DSB0003477,APP0005826,PR0026382,2025-08-31,BR006,AO022,Kredit Produktif SME,SME,699000000,19.0,60
DSB0003478,APP0005827,PR0026385,2026-06-17,BR006,AO022,Kredit Mikro,Mikro,95500000,21.0,12
DSB0003479,APP0005828,PR0026395,2026-06-29,BR002,AO006,Kredit Payroll,Payroll,46500000,15.5,60
DSB0003480,APP0005831,PR0026399,2026-06-24,BR006,AO024,Kredit Produktif SME,SME,188000000,19.0,36
DSB0003481,APP0005832,PR0026407,2026-01-29,BR001,AO001,Kredit Konsumtif,Konsumtif,141500000,18.0,18
DSB0003482,APP0005836,PR0026426,2025-12-29,BR002,AO006,Kredit Konsumtif,Konsumtif,29500000,18.0,36
DSB0003483,APP0005837,PR0026427,2025-09-26,BR007,AO027,Kredit Payroll,Payroll,143000000,15.5,24
DSB0003484,APP0005838,PR0026432,2025-08-31,BR002,AO008,Kredit Payroll,Payroll,75000000,15.5,12
DSB0003485,APP0005839,PR0026434,2025-11-25,BR005,AO018,Kredit Produktif SME,SME,149000000,19.0,12
DSB0003486,APP0005840,PR0026435,2025-09-08,BR001,AO001,Kredit Produktif SME,SME,93000000,19.0,48
DSB0003487,APP0005842,PR0026443,2026-01-20,BR001,AO002,Kredit Produktif SME,SME,975500000,19.0,48
DSB0003488,APP0005843,PR0026447,2025-12-01,BR002,AO006,Kredit Konsumtif,Konsumtif,73500000,18.0,24
DSB0003489,APP0005844,PR0026449,2025-11-15,BR002,AO008,Kredit Mikro,Mikro,72500000,21.0,36
DSB0003490,APP0005845,PR0026451,2025-07-28,BR002,AO005,Kredit Produktif SME,SME,281500000,19.0,60
DSB0003491,APP0005847,PR0026453,2026-04-18,BR007,AO025,Kredit Konsumtif,Konsumtif,49500000,18.0,18
DSB0003492,APP0005849,PR0026463,2025-08-31,BR002,AO006,Kredit Konsumtif,Konsumtif,72000000,18.0,12
DSB0003493,APP0005852,PR0026470,2026-03-16,BR001,AO002,Kredit Konsumtif,Konsumtif,46000000,18.0,24
DSB0003494,APP0005854,PR0026475,2026-04-25,BR005,AO018,Kredit Payroll,Payroll,100000000,15.5,36
DSB0003495,APP0005856,PR0026483,2025-12-01,BR006,AO024,Kredit Produktif SME,SME,280000000,19.0,48
DSB0003496,APP0005858,PR0026486,2025-11-20,BR004,AO015,Kredit Payroll,Payroll,94000000,15.5,12
DSB0003497,APP0005859,PR0026495,2025-08-16,BR001,AO002,Kredit Konsumtif,Konsumtif,73000000,18.0,24
DSB0003498,APP0005861,PR0026509,2025-10-30,BR003,AO010,Kredit Payroll,Payroll,49000000,15.5,24
DSB0003499,APP0005862,PR0026512,2026-06-23,BR007,AO028,Kredit Produktif SME,SME,283500000,19.0,36
DSB0003500,APP0005867,PR0026537,2025-11-28,BR002,AO007,Kredit Payroll,Payroll,74000000,15.5,60
DSB0003501,APP0005870,PR0026547,2026-01-22,BR003,AO012,Kredit Mikro,Mikro,47000000,21.0,24
DSB0003502,APP0005871,PR0026551,2026-03-27,BR006,AO022,Kredit Mikro,Mikro,29500000,21.0,36
DSB0003503,APP0005872,PR0026573,2025-10-12,BR005,AO020,Kredit Mikro,Mikro,30000000,21.0,12
DSB0003504,APP0005873,PR0026578,2025-07-15,BR001,AO003,Kredit Payroll,Payroll,198000000,15.5,36
DSB0003505,APP0005874,PR0026581,2026-02-25,BR002,AO007,Kredit Payroll,Payroll,48000000,15.5,60
DSB0003506,APP0005875,PR0026589,2026-04-18,BR001,AO004,Kredit Mikro,Mikro,19000000,21.0,18
DSB0003507,APP0005876,PR0026591,2025-09-12,BR002,AO006,Kredit Mikro,Mikro,97000000,21.0,24
DSB0003508,APP0005879,PR0026608,2026-06-25,BR003,AO010,Kredit Konsumtif,Konsumtif,30000000,18.0,18
DSB0003509,APP0005881,PR0026614,2026-06-24,BR001,AO001,Kredit Mikro,Mikro,28000000,21.0,36
DSB0003510,APP0005882,PR0026619,2026-03-03,BR003,AO010,Kredit Payroll,Payroll,138500000,15.5,60
DSB0003511,APP0005884,PR0026627,2025-12-01,BR001,AO003,Kredit Payroll,Payroll,195000000,15.5,12
DSB0003512,APP0005885,PR0026629,2025-12-01,BR002,AO006,Kredit Produktif SME,SME,480000000,19.0,24
DSB0003513,APP0005888,PR0026649,2026-05-11,BR007,AO028,Kredit Payroll,Payroll,74000000,15.5,60
DSB0003514,APP0005891,PR0026656,2026-05-31,BR002,AO007,Kredit Konsumtif,Konsumtif,72000000,18.0,36
DSB0003515,APP0005892,PR0026657,2026-05-01,BR002,AO005,Kredit Konsumtif,Konsumtif,95000000,18.0,24
DSB0003516,APP0005893,PR0026661,2026-06-23,BR004,AO014,Kredit Mikro,Mikro,46500000,21.0,24
DSB0003517,APP0005894,PR0026664,2026-05-30,BR004,AO013,Kredit Mikro,Mikro,99500000,21.0,18
DSB0003518,APP0005895,PR0026666,2026-01-24,BR007,AO028,Kredit Konsumtif,Konsumtif,140000000,18.0,18
DSB0003519,APP0005896,PR0026669,2026-01-30,BR002,AO008,Kredit Mikro,Mikro,97000000,21.0,24
DSB0003520,APP0005897,PR0026670,2025-10-31,BR004,AO014,Kredit Konsumtif,Konsumtif,75000000,18.0,36
DSB0003521,APP0005899,PR0026691,2026-03-13,BR001,AO001,Kredit Konsumtif,Konsumtif,122000000,18.0,36
DSB0003522,APP0005900,PR0026693,2025-08-21,BR004,AO016,Kredit Konsumtif,Konsumtif,29000000,18.0,18
DSB0003523,APP0005902,PR0026699,2025-07-31,BR007,AO028,Kredit Mikro,Mikro,19500000,21.0,18
DSB0003524,APP0005904,PR0026712,2026-01-23,BR002,AO006,Kredit Konsumtif,Konsumtif,73000000,18.0,24
DSB0003525,APP0005905,PR0026717,2025-10-09,BR007,AO025,Kredit Produktif SME,SME,145000000,19.0,12
DSB0003526,APP0005906,PR0026719,2026-01-19,BR003,AO012,Kredit Payroll,Payroll,147500000,15.5,36
DSB0003527,APP0005908,PR0026733,2025-12-31,BR003,AO009,Kredit Konsumtif,Konsumtif,121000000,18.0,36
DSB0003528,APP0005909,PR0026735,2025-09-09,BR002,AO005,Kredit Payroll,Payroll,148000000,15.5,60
DSB0003529,APP0005910,PR0026738,2025-07-31,BR005,AO020,Kredit Produktif SME,SME,141000000,19.0,12
DSB0003530,APP0005912,PR0026744,2026-05-14,BR004,AO013,Kredit Produktif SME,SME,95000000,19.0,36
DSB0003531,APP0005914,PR0026749,2026-02-24,BR005,AO018,Kredit Produktif SME,SME,94500000,19.0,36
DSB0003532,APP0005916,PR0026759,2026-02-25,BR001,AO003,Kredit Produktif SME,SME,146000000,19.0,12
DSB0003533,APP0005918,PR0026763,2026-01-31,BR001,AO001,Kredit Produktif SME,SME,471000000,19.0,60
DSB0003534,APP0005919,PR0026768,2025-10-27,BR002,AO007,Kredit Mikro,Mikro,29000000,21.0,36
DSB0003535,APP0005922,PR0026785,2025-12-31,BR002,AO008,Kredit Mikro,Mikro,46000000,21.0,12
DSB0003536,APP0005928,PR0026804,2025-12-17,BR003,AO011,Kredit Produktif SME,SME,142500000,19.0,60
DSB0003537,APP0005929,PR0026810,2025-07-16,BR004,AO013,Kredit Payroll,Payroll,49000000,15.5,36
DSB0003538,APP0005930,PR0026821,2026-06-26,BR005,AO019,Kredit Konsumtif,Konsumtif,142500000,18.0,12
DSB0003539,APP0005932,PR0026828,2025-08-19,BR002,AO007,Kredit Payroll,Payroll,193000000,15.5,24
DSB0003540,APP0005935,PR0026834,2025-08-17,BR001,AO003,Kredit Payroll,Payroll,98000000,15.5,48
DSB0003541,APP0005937,PR0026839,2025-09-30,BR006,AO023,Kredit Payroll,Payroll,47500000,15.5,60
DSB0003542,APP0005938,PR0026842,2025-07-26,BR003,AO009,Kredit Produktif SME,SME,147000000,19.0,60
DSB0003543,APP0005940,PR0026850,2026-02-19,BR005,AO019,Kredit Payroll,Payroll,139500000,15.5,36
DSB0003544,APP0005941,PR0026853,2026-01-26,BR003,AO010,Kredit Payroll,Payroll,99500000,15.5,48
DSB0003545,APP0005944,PR0026861,2026-06-08,BR002,AO005,Kredit Mikro,Mikro,97500000,21.0,36
DSB0003546,APP0005945,PR0026866,2026-02-25,BR005,AO020,Kredit Payroll,Payroll,50000000,15.5,60
DSB0003547,APP0005948,PR0026889,2026-01-22,BR005,AO020,Kredit Produktif SME,SME,291500000,19.0,48
DSB0003548,APP0005950,PR0026891,2026-07-01,BR001,AO003,Kredit Konsumtif,Konsumtif,139500000,18.0,36
DSB0003549,APP0005951,PR0026917,2026-01-26,BR003,AO011,Kredit Payroll,Payroll,47000000,15.5,24
DSB0003550,APP0005953,PR0026920,2025-10-01,BR002,AO005,Kredit Mikro,Mikro,72500000,21.0,24
DSB0003551,APP0005954,PR0026925,2026-04-23,BR006,AO024,Kredit Mikro,Mikro,73500000,21.0,12
DSB0003552,APP0005955,PR0026931,2025-07-25,BR005,AO018,Kredit Payroll,Payroll,93500000,15.5,60
DSB0003553,APP0005957,PR0026933,2025-10-28,BR003,AO009,Kredit Konsumtif,Konsumtif,147500000,18.0,36
DSB0003554,APP0005961,PR0026948,2026-02-26,BR006,AO021,Kredit Payroll,Payroll,189500000,15.5,12
DSB0003555,APP0005963,PR0026951,2026-03-30,BR001,AO001,Kredit Payroll,Payroll,48500000,15.5,48
DSB0003556,APP0005964,PR0026953,2025-12-31,BR006,AO022,Kredit Payroll,Payroll,71500000,15.5,36
DSB0003557,APP0005965,PR0026961,2026-03-13,BR001,AO004,Kredit Produktif SME,SME,199000000,19.0,48
DSB0003558,APP0005966,PR0026963,2026-01-23,BR002,AO006,Kredit Payroll,Payroll,46500000,15.5,36
DSB0003559,APP0005968,PR0026968,2026-07-01,BR001,AO001,Kredit Mikro,Mikro,49500000,21.0,36
DSB0003560,APP0005969,PR0026969,2026-05-31,BR003,AO011,Kredit Payroll,Payroll,49500000,15.5,60
DSB0003561,APP0005970,PR0026970,2025-09-27,BR006,AO021,Kredit Konsumtif,Konsumtif,69000000,18.0,18
DSB0003562,APP0005972,PR0026986,2025-09-18,BR001,AO001,Kredit Mikro,Mikro,28000000,21.0,36
DSB0003563,APP0005974,PR0026991,2025-10-20,BR001,AO001,Kredit Mikro,Mikro,69500000,21.0,18
DSB0003564,APP0005975,PR0026999,2025-08-17,BR004,AO016,Kredit Payroll,Payroll,46500000,15.5,48
DSB0003565,APP0005977,PR0027029,2025-12-24,BR006,AO022,Kredit Produktif SME,SME,98000000,19.0,24
DSB0003566,APP0005979,PR0027038,2025-10-25,BR001,AO004,Kredit Mikro,Mikro,99500000,21.0,24
DSB0003567,APP0005980,PR0027047,2025-12-20,BR004,AO013,Kredit Produktif SME,SME,95500000,19.0,36
DSB0003568,APP0005982,PR0027071,2025-10-31,BR003,AO012,Kredit Konsumtif,Konsumtif,48500000,18.0,18
DSB0003569,APP0005983,PR0027074,2025-08-30,BR004,AO014,Kredit Konsumtif,Konsumtif,117500000,18.0,18
DSB0003570,APP0005984,PR0027075,2025-07-28,BR002,AO008,Kredit Konsumtif,Konsumtif,30000000,18.0,24
DSB0003571,APP0005986,PR0027091,2026-05-01,BR001,AO001,Kredit Konsumtif,Konsumtif,98500000,18.0,36
DSB0003572,APP0005989,PR0027103,2025-08-30,BR005,AO017,Kredit Payroll,Payroll,146000000,15.5,48
DSB0003573,APP0005991,PR0027127,2026-05-31,BR003,AO009,Kredit Payroll,Payroll,48000000,15.5,48
DSB0003574,APP0005992,PR0027129,2026-06-30,BR001,AO001,Kredit Konsumtif,Konsumtif,119000000,18.0,24
DSB0003575,APP0005993,PR0027132,2025-08-16,BR001,AO002,Kredit Payroll,Payroll,142500000,15.5,36
DSB0003576,APP0005994,PR0027138,2025-11-29,BR004,AO016,Kredit Konsumtif,Konsumtif,49000000,18.0,36
DSB0003577,APP0005995,PR0027144,2026-03-03,BR006,AO023,Kredit Konsumtif,Konsumtif,29000000,18.0,18
DSB0003578,APP0005996,PR0027152,2025-07-10,BR005,AO019,Kredit Payroll,Payroll,189000000,15.5,48
DSB0003579,APP0005999,PR0027165,2026-06-10,BR007,AO027,Kredit Payroll,Payroll,191500000,15.5,24
DSB0003580,APP0006002,PR0027177,2025-12-15,BR006,AO022,Kredit Produktif SME,SME,287500000,19.0,12
DSB0003581,APP0006003,PR0027178,2025-09-18,BR005,AO019,Kredit Mikro,Mikro,19500000,21.0,36
DSB0003582,APP0006005,PR0027194,2026-05-01,BR005,AO017,Kredit Konsumtif,Konsumtif,46500000,18.0,12
DSB0003583,APP0006006,PR0027200,2025-10-30,BR007,AO025,Kredit Konsumtif,Konsumtif,73500000,18.0,24
DSB0003584,APP0006007,PR0027208,2026-03-19,BR001,AO004,Kredit Payroll,Payroll,197000000,15.5,48
DSB0003585,APP0006009,PR0027215,2026-03-28,BR001,AO003,Kredit Payroll,Payroll,194500000,15.5,36
DSB0003586,APP0006010,PR0027223,2025-07-19,BR001,AO002,Kredit Mikro,Mikro,71000000,21.0,18
DSB0003587,APP0006011,PR0027230,2025-08-18,BR001,AO003,Kredit Mikro,Mikro,100000000,21.0,24
DSB0003588,APP0006014,PR0027250,2025-12-01,BR002,AO005,Kredit Payroll,Payroll,191500000,15.5,12
DSB0003589,APP0006015,PR0027254,2025-12-12,BR002,AO007,Kredit Konsumtif,Konsumtif,70500000,18.0,24
DSB0003590,APP0006017,PR0027261,2025-10-01,BR001,AO001,Kredit Konsumtif,Konsumtif,28000000,18.0,18
DSB0003591,APP0006018,PR0027263,2025-07-17,BR001,AO004,Kredit Mikro,Mikro,19000000,21.0,18
DSB0003592,APP0006019,PR0027264,2026-01-21,BR004,AO014,Kredit Mikro,Mikro,29000000,21.0,12
DSB0003593,APP0006020,PR0027271,2026-03-19,BR002,AO008,Kredit Payroll,Payroll,49500000,15.5,60
DSB0003594,APP0006022,PR0027277,2025-10-29,BR007,AO025,Kredit Produktif SME,SME,99000000,19.0,24
DSB0003595,APP0006023,PR0027279,2025-11-27,BR007,AO028,Kredit Mikro,Mikro,28000000,21.0,18
DSB0003596,APP0006024,PR0027283,2026-02-19,BR001,AO002,Kredit Mikro,Mikro,98000000,21.0,36
DSB0003597,APP0006027,PR0027297,2026-06-28,BR007,AO028,Kredit Payroll,Payroll,193000000,15.5,12
DSB0003598,APP0006028,PR0027298,2025-11-12,BR002,AO005,Kredit Payroll,Payroll,142000000,15.5,24
DSB0003599,APP0006029,PR0027318,2025-08-08,BR005,AO019,Kredit Produktif SME,SME,188500000,19.0,48
DSB0003600,APP0006031,PR0027322,2025-12-24,BR005,AO020,Kredit Konsumtif,Konsumtif,28000000,18.0,36
DSB0003601,APP0006034,PR0027327,2026-06-24,BR005,AO020,Kredit Konsumtif,Konsumtif,30000000,18.0,36
DSB0003602,APP0006035,PR0027328,2026-03-29,BR001,AO001,Kredit Produktif SME,SME,141000000,19.0,24
DSB0003603,APP0006037,PR0027333,2025-10-01,BR002,AO006,Kredit Konsumtif,Konsumtif,96000000,18.0,18
DSB0003604,APP0006038,PR0027334,2025-09-30,BR004,AO015,Kredit Konsumtif,Konsumtif,27500000,18.0,12
DSB0003605,APP0006039,PR0027337,2025-10-01,BR007,AO027,Kredit Konsumtif,Konsumtif,141000000,18.0,24
DSB0003606,APP0006040,PR0027342,2025-10-26,BR001,AO003,Kredit Konsumtif,Konsumtif,75000000,18.0,18
DSB0003607,APP0006042,PR0027357,2026-01-19,BR007,AO026,Kredit Payroll,Payroll,96500000,15.5,60
DSB0003608,APP0006044,PR0027377,2026-03-24,BR004,AO016,Kredit Mikro,Mikro,72500000,21.0,24
DSB0003609,APP0006046,PR0027379,2026-01-29,BR001,AO004,Kredit Produktif SME,SME,149500000,19.0,48
DSB0003610,APP0006047,PR0027386,2026-02-24,BR006,AO022,Kredit Payroll,Payroll,147000000,15.5,48
DSB0003611,APP0006048,PR0027390,2026-03-28,BR003,AO010,Kredit Konsumtif,Konsumtif,124500000,18.0,12
DSB0003612,APP0006050,PR0027402,2026-05-24,BR001,AO004,Kredit Payroll,Payroll,48500000,15.5,24
DSB0003613,APP0006053,PR0027417,2026-05-12,BR006,AO023,Kredit Konsumtif,Konsumtif,149500000,18.0,12
DSB0003614,APP0006054,PR0027419,2026-02-12,BR003,AO012,Kredit Produktif SME,SME,929500000,19.0,36
DSB0003615,APP0006055,PR0027421,2026-03-03,BR005,AO020,Kredit Konsumtif,Konsumtif,30000000,18.0,18
DSB0003616,APP0006057,PR0027428,2025-10-27,BR003,AO010,Kredit Payroll,Payroll,195000000,15.5,60
DSB0003617,APP0006059,PR0027434,2026-05-31,BR003,AO011,Kredit Konsumtif,Konsumtif,98000000,18.0,24
DSB0003618,APP0006060,PR0027436,2025-07-26,BR006,AO023,Kredit Payroll,Payroll,98000000,15.5,36
DSB0003619,APP0006062,PR0027445,2025-10-27,BR007,AO027,Kredit Mikro,Mikro,48000000,21.0,18
DSB0003620,APP0006063,PR0027453,2026-01-31,BR001,AO004,Kredit Produktif SME,SME,475000000,19.0,36
DSB0003621,APP0006064,PR0027454,2026-05-31,BR001,AO003,Kredit Konsumtif,Konsumtif,94500000,18.0,24
DSB0003622,APP0006065,PR0027464,2025-12-15,BR001,AO004,Kredit Payroll,Payroll,196500000,15.5,36
DSB0003623,APP0006066,PR0027472,2025-07-27,BR005,AO019,Kredit Konsumtif,Konsumtif,148500000,18.0,36
DSB0003624,APP0006067,PR0027479,2025-12-23,BR001,AO003,Kredit Konsumtif,Konsumtif,116000000,18.0,24
DSB0003625,APP0006068,PR0027480,2026-06-22,BR001,AO002,Kredit Mikro,Mikro,93000000,21.0,18
DSB0003626,APP0006069,PR0027493,2026-05-01,BR005,AO018,Kredit Mikro,Mikro,28000000,21.0,36
DSB0003627,APP0006070,PR0027494,2026-04-18,BR001,AO003,Kredit Produktif SME,SME,748000000,19.0,60
DSB0003628,APP0006071,PR0027499,2025-11-26,BR007,AO028,Kredit Produktif SME,SME,476500000,19.0,36
DSB0003629,APP0006076,PR0027564,2025-08-30,BR001,AO003,Kredit Payroll,Payroll,193500000,15.5,60
DSB0003630,APP0006082,PR0027598,2025-08-11,BR005,AO017,Kredit Produktif SME,SME,742500000,19.0,24
DSB0003631,APP0006084,PR0027608,2025-10-31,BR002,AO006,Kredit Konsumtif,Konsumtif,116000000,18.0,24
DSB0003632,APP0006085,PR0027611,2026-05-01,BR003,AO010,Kredit Konsumtif,Konsumtif,27500000,18.0,36
DSB0003633,APP0006086,PR0027613,2026-04-26,BR002,AO007,Kredit Payroll,Payroll,71500000,15.5,48
DSB0003634,APP0006087,PR0027623,2026-03-29,BR003,AO010,Kredit Konsumtif,Konsumtif,119500000,18.0,18
DSB0003635,APP0006088,PR0027624,2025-10-01,BR002,AO008,Kredit Konsumtif,Konsumtif,99500000,18.0,24
DSB0003636,APP0006089,PR0027625,2026-01-08,BR001,AO004,Kredit Mikro,Mikro,95500000,21.0,18
DSB0003637,APP0006091,PR0027633,2026-06-24,BR002,AO005,Kredit Produktif SME,SME,92000000,19.0,48
DSB0003638,APP0006092,PR0027638,2026-02-17,BR001,AO003,Kredit Mikro,Mikro,18500000,21.0,12
DSB0003639,APP0006094,PR0027643,2026-05-31,BR005,AO020,Kredit Konsumtif,Konsumtif,74000000,18.0,12
DSB0003640,APP0006096,PR0027646,2026-02-15,BR002,AO005,Kredit Konsumtif,Konsumtif,29500000,18.0,12
DSB0003641,APP0006097,PR0027652,2026-07-01,BR003,AO012,Kredit Produktif SME,SME,293000000,19.0,60
DSB0003642,APP0006100,PR0027670,2025-10-27,BR005,AO019,Kredit Payroll,Payroll,148500000,15.5,48
DSB0003643,APP0006102,PR0027680,2025-07-19,BR006,AO024,Kredit Payroll,Payroll,72000000,15.5,12
DSB0003644,APP0006103,PR0027682,2025-08-25,BR002,AO007,Kredit Payroll,Payroll,49000000,15.5,12
DSB0003645,APP0006104,PR0027685,2025-09-25,BR006,AO023,Kredit Konsumtif,Konsumtif,28000000,18.0,18
DSB0003646,APP0006106,PR0027691,2025-12-24,BR001,AO004,Kredit Mikro,Mikro,29500000,21.0,24
DSB0003647,APP0006108,PR0027697,2025-07-29,BR003,AO012,Kredit Payroll,Payroll,71500000,15.5,36
DSB0003648,APP0006111,PR0027710,2026-03-03,BR002,AO006,Kredit Produktif SME,SME,956000000,19.0,36
DSB0003649,APP0006112,PR0027722,2026-04-10,BR004,AO016,Kredit Konsumtif,Konsumtif,69000000,18.0,24
DSB0003650,APP0006113,PR0027724,2025-07-31,BR005,AO020,Kredit Konsumtif,Konsumtif,94000000,18.0,36
DSB0003651,APP0006114,PR0027725,2025-10-01,BR001,AO003,Kredit Mikro,Mikro,99000000,21.0,24
DSB0003652,APP0006116,PR0027744,2026-01-31,BR006,AO023,Kredit Payroll,Payroll,73000000,15.5,24
DSB0003653,APP0006117,PR0027746,2026-03-31,BR006,AO022,Kredit Mikro,Mikro,98000000,21.0,36
DSB0003654,APP0006118,PR0027747,2025-12-31,BR002,AO008,Kredit Produktif SME,SME,198500000,19.0,12
DSB0003655,APP0006119,PR0027750,2026-06-04,BR005,AO019,Kredit Mikro,Mikro,19500000,21.0,12
DSB0003656,APP0006121,PR0027765,2026-03-22,BR001,AO002,Kredit Konsumtif,Konsumtif,139000000,18.0,12
DSB0003657,APP0006122,PR0027771,2025-07-23,BR007,AO025,Kredit Konsumtif,Konsumtif,74000000,18.0,12
DSB0003658,APP0006126,PR0027792,2026-06-14,BR001,AO002,Kredit Payroll,Payroll,143500000,15.5,24
DSB0003659,APP0006127,PR0027799,2026-04-16,BR006,AO022,Kredit Payroll,Payroll,70000000,15.5,24
DSB0003660,APP0006128,PR0027804,2025-12-31,BR005,AO019,Kredit Mikro,Mikro,95500000,21.0,36
DSB0003661,APP0006129,PR0027807,2026-01-31,BR003,AO010,Kredit Payroll,Payroll,96000000,15.5,36
DSB0003662,APP0006130,PR0027809,2026-03-31,BR006,AO021,Kredit Payroll,Payroll,198500000,15.5,24
DSB0003663,APP0006132,PR0027823,2026-02-20,BR007,AO028,Kredit Konsumtif,Konsumtif,116000000,18.0,36
DSB0003664,APP0006133,PR0027824,2026-07-01,BR001,AO004,Kredit Mikro,Mikro,19000000,21.0,18
DSB0003665,APP0006138,PR0027848,2026-04-17,BR005,AO018,Kredit Produktif SME,SME,293000000,19.0,24
DSB0003666,APP0006140,PR0027862,2026-03-08,BR004,AO016,Kredit Mikro,Mikro,69500000,21.0,12
DSB0003667,APP0006144,PR0027878,2025-12-29,BR004,AO015,Kredit Konsumtif,Konsumtif,96500000,18.0,12
DSB0003668,APP0006146,PR0027892,2025-07-13,BR005,AO018,Kredit Payroll,Payroll,69000000,15.5,36
DSB0003669,APP0006147,PR0027893,2025-07-14,BR001,AO002,Kredit Konsumtif,Konsumtif,122500000,18.0,18
DSB0003670,APP0006149,PR0027897,2026-01-31,BR006,AO022,Kredit Produktif SME,SME,716000000,19.0,60
DSB0003671,APP0006153,PR0027917,2025-09-11,BR007,AO028,Kredit Konsumtif,Konsumtif,49000000,18.0,24
DSB0003672,APP0006154,PR0027923,2025-12-01,BR001,AO004,Kredit Konsumtif,Konsumtif,144000000,18.0,18
DSB0003673,APP0006158,PR0027947,2026-04-26,BR001,AO003,Kredit Payroll,Payroll,194500000,15.5,48
DSB0003674,APP0006161,PR0027963,2026-03-28,BR005,AO020,Kredit Konsumtif,Konsumtif,29000000,18.0,12
DSB0003675,APP0006162,PR0027964,2025-09-20,BR005,AO017,Kredit Produktif SME,SME,98000000,19.0,60
DSB0003676,APP0006163,PR0027971,2025-09-20,BR002,AO007,Kredit Konsumtif,Konsumtif,123000000,18.0,24
DSB0003677,APP0006164,PR0027973,2025-12-21,BR005,AO020,Kredit Mikro,Mikro,93000000,21.0,24
DSB0003678,APP0006165,PR0027974,2026-02-20,BR003,AO010,Kredit Konsumtif,Konsumtif,72000000,18.0,18
DSB0003679,APP0006166,PR0027978,2026-02-26,BR003,AO009,Kredit Payroll,Payroll,96500000,15.5,48
DSB0003680,APP0006168,PR0027985,2025-10-05,BR002,AO005,Kredit Produktif SME,SME,147500000,19.0,48
DSB0003681,APP0006170,PR0027996,2025-11-21,BR001,AO001,Kredit Mikro,Mikro,75000000,21.0,12
DSB0003682,APP0006171,PR0027998,2025-10-01,BR007,AO028,Kredit Konsumtif,Konsumtif,139500000,18.0,18
DSB0003683,APP0006174,PR0028019,2025-09-20,BR003,AO010,Kredit Mikro,Mikro,20000000,21.0,18
DSB0003684,APP0006175,PR0028026,2025-07-17,BR007,AO028,Kredit Mikro,Mikro,49500000,21.0,18
DSB0003685,APP0006177,PR0028043,2026-07-01,BR007,AO025,Kredit Konsumtif,Konsumtif,149000000,18.0,12
DSB0003686,APP0006178,PR0028044,2026-04-20,BR001,AO003,Kredit Payroll,Payroll,147000000,15.5,24
DSB0003687,APP0006181,PR0028075,2026-05-31,BR003,AO009,Kredit Mikro,Mikro,18500000,21.0,18
DSB0003688,APP0006182,PR0028079,2026-02-15,BR006,AO024,Kredit Konsumtif,Konsumtif,47500000,18.0,18
DSB0003689,APP0006183,PR0028083,2025-10-22,BR007,AO028,Kredit Mikro,Mikro,72000000,21.0,24
DSB0003690,APP0006185,PR0028091,2025-12-01,BR005,AO020,Kredit Produktif SME,SME,964500000,19.0,36
DSB0003691,APP0006186,PR0028098,2025-12-25,BR005,AO018,Kredit Konsumtif,Konsumtif,70500000,18.0,18
DSB0003692,APP0006188,PR0028110,2026-02-25,BR003,AO010,Kredit Mikro,Mikro,47000000,21.0,36
DSB0003693,APP0006191,PR0028121,2026-04-24,BR005,AO019,Kredit Mikro,Mikro,48500000,21.0,18
DSB0003694,APP0006192,PR0028122,2025-12-31,BR002,AO006,Kredit Konsumtif,Konsumtif,70500000,18.0,18
DSB0003695,APP0006194,PR0028126,2026-03-03,BR005,AO020,Kredit Payroll,Payroll,139500000,15.5,60
DSB0003696,APP0006195,PR0028133,2025-10-28,BR001,AO003,Kredit Mikro,Mikro,92000000,21.0,12
DSB0003697,APP0006197,PR0028141,2026-05-31,BR006,AO021,Kredit Payroll,Payroll,147000000,15.5,12
DSB0003698,APP0006199,PR0028145,2026-04-30,BR004,AO015,Kredit Payroll,Payroll,69500000,15.5,12
DSB0003699,APP0006202,PR0028160,2025-12-31,BR007,AO025,Kredit Mikro,Mikro,19500000,21.0,24
DSB0003700,APP0006203,PR0028163,2026-03-15,BR002,AO008,Kredit Produktif SME,SME,288000000,19.0,36
DSB0003701,APP0006204,PR0028167,2025-11-25,BR002,AO006,Kredit Konsumtif,Konsumtif,29500000,18.0,12
DSB0003702,APP0006208,PR0028179,2025-10-13,BR006,AO023,Kredit Payroll,Payroll,99500000,15.5,12
DSB0003703,APP0006210,PR0028193,2026-04-22,BR001,AO004,Kredit Payroll,Payroll,94000000,15.5,36
DSB0003704,APP0006211,PR0028204,2025-11-12,BR004,AO013,Kredit Payroll,Payroll,144000000,15.5,12
DSB0003705,APP0006212,PR0028207,2026-03-24,BR002,AO006,Kredit Produktif SME,SME,967000000,19.0,60
DSB0003706,APP0006213,PR0028222,2025-12-01,BR007,AO027,Kredit Mikro,Mikro,99500000,21.0,24
DSB0003707,APP0006214,PR0028223,2025-12-22,BR006,AO023,Kredit Konsumtif,Konsumtif,72500000,18.0,12
DSB0003708,APP0006215,PR0028227,2026-01-13,BR001,AO002,Kredit Konsumtif,Konsumtif,70000000,18.0,36
DSB0003709,APP0006216,PR0028232,2025-07-26,BR005,AO020,Kredit Payroll,Payroll,49000000,15.5,36
DSB0003710,APP0006217,PR0028233,2025-09-22,BR007,AO025,Kredit Payroll,Payroll,96500000,15.5,60
DSB0003711,APP0006218,PR0028238,2026-03-31,BR007,AO027,Kredit Payroll,Payroll,74500000,15.5,12
DSB0003712,APP0006221,PR0028256,2026-03-03,BR001,AO003,Kredit Payroll,Payroll,192000000,15.5,48
DSB0003713,APP0006222,PR0028265,2026-02-08,BR002,AO008,Kredit Konsumtif,Konsumtif,144000000,18.0,18
DSB0003714,APP0006225,PR0028280,2025-10-13,BR001,AO004,Kredit Payroll,Payroll,192500000,15.5,24
DSB0003715,APP0006226,PR0028281,2026-01-18,BR006,AO021,Kredit Konsumtif,Konsumtif,116000000,18.0,24
DSB0003716,APP0006227,PR0028283,2025-07-13,BR003,AO011,Kredit Produktif SME,SME,972500000,19.0,36
DSB0003717,APP0006230,PR0028293,2025-12-01,BR001,AO001,Kredit Konsumtif,Konsumtif,92000000,18.0,36
DSB0003718,APP0006231,PR0028294,2025-10-10,BR002,AO007,Kredit Mikro,Mikro,94500000,21.0,12
DSB0003719,APP0006232,PR0028295,2026-03-28,BR006,AO022,Kredit Konsumtif,Konsumtif,121500000,18.0,18
DSB0003720,APP0006233,PR0028298,2026-04-20,BR005,AO020,Kredit Payroll,Payroll,46500000,15.5,60
DSB0003721,APP0006234,PR0028301,2026-05-31,BR001,AO001,Kredit Payroll,Payroll,94500000,15.5,36
DSB0003722,APP0006235,PR0028307,2025-12-19,BR001,AO004,Kredit Konsumtif,Konsumtif,118000000,18.0,24
DSB0003723,APP0006240,PR0028324,2026-02-24,BR001,AO002,Kredit Konsumtif,Konsumtif,124500000,18.0,12
DSB0003724,APP0006241,PR0028329,2025-07-23,BR002,AO006,Kredit Mikro,Mikro,74000000,21.0,12
DSB0003725,APP0006242,PR0028330,2026-06-29,BR004,AO015,Kredit Konsumtif,Konsumtif,29000000,18.0,18
DSB0003726,APP0006244,PR0028339,2026-01-31,BR006,AO023,Kredit Konsumtif,Konsumtif,69500000,18.0,36
DSB0003727,APP0006245,PR0028341,2026-01-13,BR001,AO001,Kredit Konsumtif,Konsumtif,139000000,18.0,24
DSB0003728,APP0006246,PR0028355,2025-12-19,BR003,AO012,Kredit Payroll,Payroll,141500000,15.5,60
DSB0003729,APP0006249,PR0028365,2025-08-31,BR001,AO003,Kredit Produktif SME,SME,94000000,19.0,12
DSB0003730,APP0006250,PR0028366,2026-06-26,BR006,AO023,Kredit Mikro,Mikro,28500000,21.0,36
DSB0003731,APP0006251,PR0028372,2025-08-31,BR006,AO022,Kredit Payroll,Payroll,188500000,15.5,24
DSB0003732,APP0006253,PR0028380,2025-08-29,BR002,AO005,Kredit Payroll,Payroll,69500000,15.5,12
DSB0003733,APP0006257,PR0028395,2026-02-19,BR003,AO010,Kredit Konsumtif,Konsumtif,28500000,18.0,12
DSB0003734,APP0006260,PR0028408,2026-05-01,BR005,AO017,Kredit Mikro,Mikro,98000000,21.0,24
DSB0003735,APP0006261,PR0028409,2026-01-31,BR003,AO012,Kredit Konsumtif,Konsumtif,140000000,18.0,18
DSB0003736,APP0006263,PR0028420,2025-11-18,BR003,AO011,Kredit Konsumtif,Konsumtif,49500000,18.0,12
DSB0003737,APP0006268,PR0028450,2026-05-01,BR006,AO024,Kredit Konsumtif,Konsumtif,149000000,18.0,36
DSB0003738,APP0006269,PR0028452,2026-02-16,BR002,AO008,Kredit Produktif SME,SME,147500000,19.0,60
DSB0003739,APP0006277,PR0028488,2025-10-01,BR007,AO026,Kredit Mikro,Mikro,93000000,21.0,36
DSB0003740,APP0006280,PR0028502,2025-07-19,BR003,AO009,Kredit Mikro,Mikro,19500000,21.0,36
DSB0003741,APP0006281,PR0028503,2025-07-30,BR006,AO023,Kredit Produktif SME,SME,145500000,19.0,36
DSB0003742,APP0006282,PR0028508,2025-07-29,BR001,AO001,Kredit Payroll,Payroll,48000000,15.5,12
DSB0003743,APP0006283,PR0028521,2025-11-19,BR002,AO006,Kredit Produktif SME,SME,736500000,19.0,24
DSB0003744,APP0006285,PR0028531,2025-12-30,BR003,AO010,Kredit Payroll,Payroll,47000000,15.5,36
DSB0003745,APP0006287,PR0028535,2025-10-15,BR001,AO001,Kredit Payroll,Payroll,73500000,15.5,12
DSB0003746,APP0006288,PR0028536,2025-10-01,BR001,AO002,Kredit Mikro,Mikro,74500000,21.0,24
DSB0003747,APP0006289,PR0028537,2025-12-27,BR006,AO023,Kredit Mikro,Mikro,19000000,21.0,36
DSB0003748,APP0006290,PR0028541,2025-09-28,BR003,AO011,Kredit Produktif SME,SME,295500000,19.0,60
DSB0003749,APP0006291,PR0028548,2026-01-20,BR002,AO006,Kredit Mikro,Mikro,30000000,21.0,18
DSB0003750,APP0006293,PR0028557,2025-09-12,BR001,AO004,Kredit Payroll,Payroll,74500000,15.5,12
DSB0003751,APP0006296,PR0028561,2026-03-03,BR006,AO024,Kredit Konsumtif,Konsumtif,28000000,18.0,36
DSB0003752,APP0006298,PR0028574,2026-01-11,BR001,AO001,Kredit Payroll,Payroll,196500000,15.5,12
DSB0003753,APP0006299,PR0028580,2026-03-31,BR002,AO007,Kredit Mikro,Mikro,71500000,21.0,12
DSB0003754,APP0006300,PR0028585,2026-02-19,BR001,AO003,Kredit Produktif SME,SME,197000000,19.0,60
DSB0003755,APP0006302,PR0028587,2025-10-17,BR002,AO006,Kredit Konsumtif,Konsumtif,70000000,18.0,36
DSB0003756,APP0006303,PR0028590,2025-07-17,BR004,AO015,Kredit Produktif SME,SME,93500000,19.0,60
DSB0003757,APP0006304,PR0028591,2026-05-29,BR002,AO006,Kredit Konsumtif,Konsumtif,93500000,18.0,36
DSB0003758,APP0006307,PR0028599,2025-12-01,BR006,AO024,Kredit Payroll,Payroll,195500000,15.5,36
DSB0003759,APP0006308,PR0028600,2026-03-03,BR004,AO016,Kredit Konsumtif,Konsumtif,74000000,18.0,36
DSB0003760,APP0006310,PR0028604,2026-02-10,BR003,AO012,Kredit Produktif SME,SME,95500000,19.0,60
DSB0003761,APP0006312,PR0028610,2026-05-17,BR007,AO027,Kredit Payroll,Payroll,47500000,15.5,36
DSB0003762,APP0006313,PR0028611,2026-02-27,BR005,AO017,Kredit Payroll,Payroll,97500000,15.5,60
DSB0003763,APP0006314,PR0028617,2026-01-22,BR001,AO003,Kredit Mikro,Mikro,97500000,21.0,36
DSB0003764,APP0006316,PR0028623,2026-01-15,BR001,AO002,Kredit Konsumtif,Konsumtif,94000000,18.0,24
DSB0003765,APP0006317,PR0028627,2025-10-10,BR005,AO018,Kredit Produktif SME,SME,93500000,19.0,48
DSB0003766,APP0006319,PR0028634,2025-12-23,BR001,AO003,Kredit Konsumtif,Konsumtif,47500000,18.0,18
DSB0003767,APP0006323,PR0028647,2025-11-26,BR003,AO009,Kredit Konsumtif,Konsumtif,48000000,18.0,18
DSB0003768,APP0006324,PR0028662,2026-02-18,BR002,AO006,Kredit Produktif SME,SME,497000000,19.0,36
DSB0003769,APP0006325,PR0028663,2025-11-18,BR002,AO005,Kredit Produktif SME,SME,749500000,19.0,36
DSB0003770,APP0006327,PR0028667,2026-04-21,BR007,AO025,Kredit Mikro,Mikro,20000000,21.0,24
DSB0003771,APP0006328,PR0028673,2026-05-31,BR007,AO028,Kredit Konsumtif,Konsumtif,48500000,18.0,36
DSB0003772,APP0006330,PR0028676,2026-05-23,BR002,AO007,Kredit Payroll,Payroll,95000000,15.5,24
DSB0003773,APP0006331,PR0028680,2025-07-31,BR006,AO021,Kredit Payroll,Payroll,71500000,15.5,36
DSB0003774,APP0006333,PR0028690,2026-01-20,BR007,AO025,Kredit Konsumtif,Konsumtif,28500000,18.0,24
DSB0003775,APP0006335,PR0028711,2026-05-16,BR001,AO004,Kredit Mikro,Mikro,30000000,21.0,12
DSB0003776,APP0006336,PR0028714,2025-08-19,BR006,AO021,Kredit Konsumtif,Konsumtif,49500000,18.0,12
DSB0003777,APP0006337,PR0028715,2025-09-28,BR005,AO019,Kredit Konsumtif,Konsumtif,72500000,18.0,18
DSB0003778,APP0006338,PR0028727,2026-05-31,BR001,AO001,Kredit Payroll,Payroll,199000000,15.5,12
DSB0003779,APP0006339,PR0028729,2026-06-20,BR003,AO010,Kredit Payroll,Payroll,95500000,15.5,24
DSB0003780,APP0006341,PR0028756,2026-02-27,BR005,AO020,Kredit Konsumtif,Konsumtif,140500000,18.0,18
DSB0003781,APP0006342,PR0028768,2026-02-14,BR007,AO026,Kredit Konsumtif,Konsumtif,71500000,18.0,18
DSB0003782,APP0006344,PR0028774,2026-05-01,BR007,AO027,Kredit Payroll,Payroll,96500000,15.5,12
DSB0003783,APP0006346,PR0028779,2026-05-28,BR006,AO024,Kredit Konsumtif,Konsumtif,73500000,18.0,18
DSB0003784,APP0006349,PR0028815,2025-10-20,BR004,AO014,Kredit Konsumtif,Konsumtif,47000000,18.0,12
DSB0003785,APP0006351,PR0028819,2026-04-21,BR001,AO003,Kredit Konsumtif,Konsumtif,28500000,18.0,24
DSB0003786,APP0006354,PR0028849,2025-07-31,BR001,AO004,Kredit Konsumtif,Konsumtif,69000000,18.0,36
DSB0003787,APP0006355,PR0028850,2025-12-10,BR006,AO021,Kredit Payroll,Payroll,46500000,15.5,48
DSB0003788,APP0006357,PR0028865,2025-12-31,BR003,AO009,Kredit Payroll,Payroll,71500000,15.5,24
DSB0003789,APP0006359,PR0028873,2026-02-08,BR003,AO012,Kredit Mikro,Mikro,99500000,21.0,24
DSB0003790,APP0006360,PR0028877,2025-07-31,BR001,AO004,Kredit Mikro,Mikro,71000000,21.0,12
DSB0003791,APP0006361,PR0028885,2026-01-19,BR007,AO026,Kredit Konsumtif,Konsumtif,28500000,18.0,18
DSB0003792,APP0006362,PR0028889,2025-09-16,BR003,AO010,Kredit Payroll,Payroll,49000000,15.5,24
DSB0003793,APP0006363,PR0028896,2026-03-31,BR005,AO018,Kredit Konsumtif,Konsumtif,75000000,18.0,12
DSB0003794,APP0006365,PR0028912,2026-05-01,BR002,AO007,Kredit Konsumtif,Konsumtif,140500000,18.0,12
DSB0003795,APP0006366,PR0028915,2026-01-31,BR006,AO021,Kredit Konsumtif,Konsumtif,30000000,18.0,12
DSB0003796,APP0006367,PR0028925,2026-04-27,BR003,AO011,Kredit Konsumtif,Konsumtif,72000000,18.0,18
DSB0003797,APP0006369,PR0028927,2025-12-31,BR003,AO009,Kredit Payroll,Payroll,187500000,15.5,12
DSB0003798,APP0006370,PR0028929,2025-10-19,BR006,AO022,Kredit Mikro,Mikro,29500000,21.0,24
DSB0003799,APP0006371,PR0028931,2025-10-01,BR006,AO024,Kredit Payroll,Payroll,47500000,15.5,24
DSB0003800,APP0006372,PR0028937,2026-01-26,BR006,AO021,Kredit Payroll,Payroll,71500000,15.5,60
DSB0003801,APP0006373,PR0028939,2025-11-08,BR004,AO013,Kredit Konsumtif,Konsumtif,96500000,18.0,36
DSB0003802,APP0006375,PR0028949,2025-09-24,BR005,AO018,Kredit Konsumtif,Konsumtif,29500000,18.0,24
DSB0003803,APP0006378,PR0028962,2026-05-01,BR001,AO003,Kredit Konsumtif,Konsumtif,148500000,18.0,12
DSB0003804,APP0006384,PR0028981,2025-08-31,BR003,AO010,Kredit Mikro,Mikro,97000000,21.0,24
DSB0003805,APP0006385,PR0028987,2025-12-08,BR006,AO021,Kredit Mikro,Mikro,19000000,21.0,12
DSB0003806,APP0006386,PR0028988,2026-07-01,BR006,AO022,Kredit Mikro,Mikro,29000000,21.0,18
DSB0003807,APP0006388,PR0029000,2025-11-19,BR005,AO019,Kredit Mikro,Mikro,72000000,21.0,18
DSB0003808,APP0006389,PR0029002,2026-01-13,BR006,AO024,Kredit Mikro,Mikro,18500000,21.0,36
DSB0003809,APP0006390,PR0029004,2026-03-03,BR004,AO015,Kredit Mikro,Mikro,29000000,21.0,12
DSB0003810,APP0006391,PR0029011,2026-07-01,BR003,AO009,Kredit Konsumtif,Konsumtif,93000000,18.0,36
DSB0003811,APP0006392,PR0029013,2025-09-28,BR005,AO017,Kredit Payroll,Payroll,50000000,15.5,60
DSB0003812,APP0006393,PR0029015,2025-11-27,BR003,AO010,Kredit Konsumtif,Konsumtif,124500000,18.0,24
DSB0003813,APP0006394,PR0029019,2026-03-21,BR002,AO006,Kredit Produktif SME,SME,197000000,19.0,36
DSB0003814,APP0006396,PR0029023,2026-06-22,BR007,AO026,Kredit Produktif SME,SME,469500000,19.0,48
DSB0003815,APP0006399,PR0029031,2026-01-26,BR003,AO009,Kredit Payroll,Payroll,46000000,15.5,36
DSB0003816,APP0006400,PR0029032,2026-01-26,BR003,AO009,Kredit Produktif SME,SME,280500000,19.0,48
DSB0003817,APP0006401,PR0029033,2026-03-27,BR001,AO001,Kredit Payroll,Payroll,94000000,15.5,60
DSB0003818,APP0006404,PR0029040,2026-06-21,BR007,AO027,Kredit Konsumtif,Konsumtif,70500000,18.0,18
DSB0003819,APP0006405,PR0029049,2025-10-01,BR006,AO024,Kredit Konsumtif,Konsumtif,47500000,18.0,24
DSB0003820,APP0006407,PR0029054,2026-05-11,BR002,AO006,Kredit Produktif SME,SME,935500000,19.0,48
DSB0003821,APP0006408,PR0029064,2026-01-13,BR003,AO010,Kredit Mikro,Mikro,29500000,21.0,36
DSB0003822,APP0006409,PR0029067,2025-12-25,BR004,AO013,Kredit Produktif SME,SME,185500000,19.0,60
DSB0003823,APP0006412,PR0029077,2025-12-10,BR006,AO023,Kredit Payroll,Payroll,47000000,15.5,12
DSB0003824,APP0006414,PR0029102,2026-03-31,BR004,AO014,Kredit Payroll,Payroll,96500000,15.5,12
DSB0003825,APP0006419,PR0029126,2025-11-24,BR001,AO003,Kredit Produktif SME,SME,93000000,19.0,60
DSB0003826,APP0006421,PR0029130,2025-12-21,BR002,AO006,Kredit Konsumtif,Konsumtif,97000000,18.0,24
DSB0003827,APP0006422,PR0029139,2026-06-16,BR002,AO006,Kredit Mikro,Mikro,20000000,21.0,12
DSB0003828,APP0006423,PR0029141,2026-06-11,BR003,AO010,Kredit Konsumtif,Konsumtif,124000000,18.0,36
DSB0003829,APP0006424,PR0029149,2026-03-02,BR003,AO011,Kredit Produktif SME,SME,141000000,19.0,60
DSB0003830,APP0006425,PR0029152,2025-08-29,BR001,AO003,Kredit Mikro,Mikro,71000000,21.0,12
DSB0003831,APP0006426,PR0029153,2025-11-22,BR002,AO008,Kredit Produktif SME,SME,186000000,19.0,12
DSB0003832,APP0006428,PR0029157,2026-02-24,BR001,AO002,Kredit Produktif SME,SME,460500000,19.0,12
DSB0003833,APP0006429,PR0029158,2026-05-31,BR005,AO020,Kredit Payroll,Payroll,195000000,15.5,12
DSB0003834,APP0006431,PR0029165,2025-08-31,BR006,AO022,Kredit Produktif SME,SME,478500000,19.0,12
DSB0003835,APP0006432,PR0029172,2025-11-13,BR006,AO021,Kredit Konsumtif,Konsumtif,47000000,18.0,24
DSB0003836,APP0006433,PR0029176,2026-05-25,BR005,AO018,Kredit Mikro,Mikro,47500000,21.0,24
DSB0003837,APP0006434,PR0029177,2025-07-25,BR006,AO022,Kredit Produktif SME,SME,286000000,19.0,60
DSB0003838,APP0006435,PR0029180,2025-12-23,BR007,AO026,Kredit Mikro,Mikro,19500000,21.0,18
DSB0003839,APP0006437,PR0029184,2026-03-31,BR005,AO020,Kredit Payroll,Payroll,96000000,15.5,36
DSB0003840,APP0006438,PR0029185,2026-04-21,BR005,AO018,Kredit Konsumtif,Konsumtif,73000000,18.0,18
DSB0003841,APP0006441,PR0029210,2025-08-31,BR002,AO007,Kredit Produktif SME,SME,279500000,19.0,36
DSB0003842,APP0006443,PR0029218,2026-06-30,BR006,AO024,Kredit Payroll,Payroll,194000000,15.5,24
DSB0003843,APP0006444,PR0029219,2026-06-20,BR005,AO019,Kredit Mikro,Mikro,28500000,21.0,36
DSB0003844,APP0006447,PR0029234,2026-05-31,BR005,AO017,Kredit Payroll,Payroll,72500000,15.5,12
DSB0003845,APP0006449,PR0029241,2026-03-03,BR002,AO006,Kredit Mikro,Mikro,28500000,21.0,12
DSB0003846,APP0006450,PR0029245,2025-10-30,BR001,AO003,Kredit Produktif SME,SME,96000000,19.0,24
DSB0003847,APP0006455,PR0029261,2025-10-29,BR007,AO026,Kredit Konsumtif,Konsumtif,95000000,18.0,12
DSB0003848,APP0006456,PR0029263,2025-08-27,BR007,AO027,Kredit Payroll,Payroll,96000000,15.5,48
DSB0003849,APP0006457,PR0029264,2026-01-28,BR001,AO001,Kredit Konsumtif,Konsumtif,140500000,18.0,18
DSB0003850,APP0006458,PR0029266,2026-01-21,BR004,AO013,Kredit Produktif SME,SME,96500000,19.0,24
DSB0003851,APP0006461,PR0029277,2025-08-10,BR004,AO013,Kredit Payroll,Payroll,188500000,15.5,12
DSB0003852,APP0006462,PR0029283,2025-07-10,BR001,AO004,Kredit Produktif SME,SME,199500000,19.0,24
DSB0003853,APP0006463,PR0029287,2025-12-24,BR006,AO023,Kredit Produktif SME,SME,97000000,19.0,12
DSB0003854,APP0006464,PR0029292,2025-10-17,BR005,AO017,Kredit Konsumtif,Konsumtif,71000000,18.0,24
DSB0003855,APP0006466,PR0029300,2026-06-18,BR006,AO023,Kredit Payroll,Payroll,92500000,15.5,48
DSB0003856,APP0006467,PR0029301,2026-05-17,BR006,AO023,Kredit Konsumtif,Konsumtif,100000000,18.0,12
DSB0003857,APP0006468,PR0029305,2026-03-03,BR006,AO022,Kredit Konsumtif,Konsumtif,74500000,18.0,36
DSB0003858,APP0006469,PR0029309,2025-09-15,BR001,AO002,Kredit Mikro,Mikro,99000000,21.0,36
DSB0003859,APP0006470,PR0029312,2026-01-29,BR002,AO008,Kredit Payroll,Payroll,185500000,15.5,24
DSB0003860,APP0006477,PR0029344,2026-05-01,BR005,AO020,Kredit Konsumtif,Konsumtif,122000000,18.0,24
DSB0003861,APP0006478,PR0029345,2026-04-17,BR005,AO017,Kredit Payroll,Payroll,198500000,15.5,36
DSB0003862,APP0006479,PR0029349,2026-01-25,BR002,AO006,Kredit Konsumtif,Konsumtif,141500000,18.0,24
DSB0003863,APP0006483,PR0029380,2026-04-23,BR001,AO004,Kredit Mikro,Mikro,99500000,21.0,36
DSB0003864,APP0006485,PR0029396,2025-09-22,BR001,AO003,Kredit Konsumtif,Konsumtif,144000000,18.0,18
DSB0003865,APP0006486,PR0029397,2026-02-22,BR003,AO011,Kredit Konsumtif,Konsumtif,71500000,18.0,18
DSB0003866,APP0006489,PR0029407,2025-07-31,BR001,AO003,Kredit Konsumtif,Konsumtif,29500000,18.0,18
DSB0003867,APP0006490,PR0029409,2025-10-01,BR002,AO008,Kredit Konsumtif,Konsumtif,149500000,18.0,36
DSB0003868,APP0006491,PR0029414,2025-10-29,BR006,AO024,Kredit Konsumtif,Konsumtif,117500000,18.0,24
DSB0003869,APP0006493,PR0029423,2025-07-19,BR004,AO013,Kredit Payroll,Payroll,199000000,15.5,24
DSB0003870,APP0006495,PR0029427,2025-09-20,BR006,AO021,Kredit Payroll,Payroll,141000000,15.5,36
DSB0003871,APP0006500,PR0029451,2026-01-17,BR007,AO027,Kredit Konsumtif,Konsumtif,96500000,18.0,36
DSB0003872,APP0006501,PR0029454,2026-03-30,BR005,AO020,Kredit Mikro,Mikro,30000000,21.0,24
DSB0003873,APP0006502,PR0029457,2026-03-31,BR007,AO028,Kredit Produktif SME,SME,190500000,19.0,12
DSB0003874,APP0006503,PR0029460,2026-03-31,BR002,AO006,Kredit Konsumtif,Konsumtif,70500000,18.0,12
DSB0003875,APP0006504,PR0029463,2025-09-30,BR007,AO026,Kredit Konsumtif,Konsumtif,94000000,18.0,18
DSB0003876,APP0006507,PR0029477,2026-01-24,BR001,AO003,Kredit Mikro,Mikro,97500000,21.0,24
DSB0003877,APP0006510,PR0029490,2025-11-07,BR004,AO016,Kredit Produktif SME,SME,694000000,19.0,24
DSB0003878,APP0006511,PR0029495,2025-07-31,BR006,AO021,Kredit Payroll,Payroll,98000000,15.5,36
DSB0003879,APP0006512,PR0029496,2026-05-19,BR004,AO014,Kredit Produktif SME,SME,184000000,19.0,24
DSB0003880,APP0006513,PR0029503,2025-10-16,BR002,AO006,Kredit Konsumtif,Konsumtif,71000000,18.0,24
DSB0003881,APP0006514,PR0029508,2025-10-01,BR001,AO004,Kredit Produktif SME,SME,285500000,19.0,36
DSB0003882,APP0006516,PR0029515,2025-07-20,BR001,AO002,Kredit Mikro,Mikro,28500000,21.0,18
DSB0003883,APP0006519,PR0029522,2026-02-19,BR004,AO013,Kredit Payroll,Payroll,185500000,15.5,24
DSB0003884,APP0006522,PR0029531,2026-03-02,BR004,AO016,Kredit Payroll,Payroll,99000000,15.5,60
DSB0003885,APP0006524,PR0029537,2026-02-28,BR007,AO025,Kredit Payroll,Payroll,74000000,15.5,48
DSB0003886,APP0006525,PR0029542,2026-01-31,BR002,AO008,Kredit Konsumtif,Konsumtif,47000000,18.0,18
DSB0003887,APP0006527,PR0029553,2025-12-15,BR001,AO002,Kredit Produktif SME,SME,286500000,19.0,60
DSB0003888,APP0006528,PR0029555,2025-11-16,BR004,AO013,Kredit Payroll,Payroll,48000000,15.5,60
DSB0003889,APP0006529,PR0029558,2025-11-20,BR007,AO026,Kredit Konsumtif,Konsumtif,70500000,18.0,12
DSB0003890,APP0006530,PR0029560,2026-05-30,BR004,AO013,Kredit Mikro,Mikro,48000000,21.0,36
DSB0003891,APP0006531,PR0029570,2025-08-21,BR003,AO009,Kredit Konsumtif,Konsumtif,69500000,18.0,18
DSB0003892,APP0006533,PR0029575,2026-01-31,BR006,AO022,Kredit Mikro,Mikro,19000000,21.0,12
DSB0003893,APP0006534,PR0029576,2025-12-10,BR002,AO007,Kredit Konsumtif,Konsumtif,71000000,18.0,12
DSB0003894,APP0006535,PR0029581,2026-05-01,BR005,AO018,Kredit Payroll,Payroll,49500000,15.5,36
DSB0003895,APP0006536,PR0029585,2025-08-31,BR003,AO012,Kredit Konsumtif,Konsumtif,96500000,18.0,12
DSB0003896,APP0006538,PR0029591,2026-01-26,BR001,AO002,Kredit Konsumtif,Konsumtif,28500000,18.0,24
DSB0003897,APP0006540,PR0029600,2025-10-01,BR001,AO003,Kredit Payroll,Payroll,147000000,15.5,60
DSB0003898,APP0006541,PR0029603,2025-11-22,BR001,AO003,Kredit Mikro,Mikro,96000000,21.0,24
DSB0003899,APP0006542,PR0029608,2025-08-12,BR003,AO011,Kredit Konsumtif,Konsumtif,69500000,18.0,18
DSB0003900,APP0006543,PR0029610,2025-09-06,BR002,AO006,Kredit Konsumtif,Konsumtif,118000000,18.0,12
DSB0003901,APP0006544,PR0029611,2026-07-01,BR002,AO006,Kredit Mikro,Mikro,74000000,21.0,36
DSB0003902,APP0006545,PR0029616,2025-09-29,BR003,AO010,Kredit Konsumtif,Konsumtif,49500000,18.0,36
DSB0003903,APP0006550,PR0029636,2025-09-14,BR003,AO010,Kredit Konsumtif,Konsumtif,95000000,18.0,24
DSB0003904,APP0006553,PR0029647,2025-08-06,BR007,AO026,Kredit Konsumtif,Konsumtif,124000000,18.0,24
DSB0003905,APP0006554,PR0029651,2026-01-17,BR005,AO020,Kredit Payroll,Payroll,71500000,15.5,60
DSB0003906,APP0006555,PR0029661,2026-05-01,BR003,AO009,Kredit Payroll,Payroll,140000000,15.5,24
DSB0003907,APP0006556,PR0029672,2026-03-15,BR001,AO002,Kredit Payroll,Payroll,199500000,15.5,48
DSB0003908,APP0006557,PR0029674,2025-10-01,BR005,AO019,Kredit Konsumtif,Konsumtif,49500000,18.0,36
DSB0003909,APP0006558,PR0029680,2025-07-10,BR003,AO011,Kredit Produktif SME,SME,188500000,19.0,12
DSB0003910,APP0006559,PR0029681,2026-01-10,BR005,AO018,Kredit Konsumtif,Konsumtif,139000000,18.0,36
DSB0003911,APP0006560,PR0029682,2026-01-31,BR004,AO014,Kredit Payroll,Payroll,99000000,15.5,24
DSB0003912,APP0006561,PR0029685,2026-05-27,BR001,AO001,Kredit Payroll,Payroll,188500000,15.5,60
DSB0003913,APP0006562,PR0029693,2026-01-20,BR004,AO015,Kredit Mikro,Mikro,50000000,21.0,36
DSB0003914,APP0006563,PR0029696,2026-06-23,BR001,AO002,Kredit Payroll,Payroll,72000000,15.5,24
DSB0003915,APP0006564,PR0029697,2025-08-19,BR007,AO025,Kredit Payroll,Payroll,69000000,15.5,12
DSB0003916,APP0006565,PR0029710,2026-01-20,BR003,AO010,Kredit Konsumtif,Konsumtif,115500000,18.0,24
DSB0003917,APP0006566,PR0029713,2026-04-23,BR002,AO008,Kredit Produktif SME,SME,95000000,19.0,60
DSB0003918,APP0006567,PR0029717,2025-08-31,BR003,AO012,Kredit Payroll,Payroll,72500000,15.5,36
DSB0003919,APP0006568,PR0029718,2025-11-25,BR007,AO028,Kredit Konsumtif,Konsumtif,141000000,18.0,18
DSB0003920,APP0006571,PR0029731,2025-11-13,BR003,AO011,Kredit Mikro,Mikro,19500000,21.0,36
DSB0003921,APP0006572,PR0029741,2026-01-09,BR002,AO006,Kredit Mikro,Mikro,48000000,21.0,24
DSB0003922,APP0006575,PR0029761,2026-03-15,BR005,AO017,Kredit Konsumtif,Konsumtif,74000000,18.0,24
DSB0003923,APP0006576,PR0029762,2026-01-18,BR006,AO023,Kredit Konsumtif,Konsumtif,121500000,18.0,18
DSB0003924,APP0006577,PR0029769,2026-02-23,BR001,AO002,Kredit Produktif SME,SME,976500000,19.0,24
DSB0003925,APP0006578,PR0029773,2025-12-15,BR004,AO014,Kredit Konsumtif,Konsumtif,70000000,18.0,36
DSB0003926,APP0006579,PR0029779,2025-07-22,BR003,AO009,Kredit Produktif SME,SME,952500000,19.0,48
DSB0003927,APP0006580,PR0029780,2026-06-16,BR004,AO014,Kredit Mikro,Mikro,20000000,21.0,18
DSB0003928,APP0006581,PR0029786,2025-10-22,BR001,AO003,Kredit Mikro,Mikro,70000000,21.0,24
DSB0003929,APP0006584,PR0029797,2026-05-31,BR003,AO011,Kredit Konsumtif,Konsumtif,48500000,18.0,36
DSB0003930,APP0006585,PR0029805,2025-08-21,BR001,AO003,Kredit Mikro,Mikro,29500000,21.0,12
DSB0003931,APP0006586,PR0029809,2026-03-03,BR004,AO016,Kredit Produktif SME,SME,195500000,19.0,24
DSB0003932,APP0006589,PR0029823,2026-05-14,BR003,AO010,Kredit Konsumtif,Konsumtif,27500000,18.0,36
DSB0003933,APP0006591,PR0029828,2025-08-31,BR001,AO003,Kredit Mikro,Mikro,75000000,21.0,36
DSB0003934,APP0006592,PR0029838,2025-09-27,BR002,AO006,Kredit Konsumtif,Konsumtif,149500000,18.0,12
DSB0003935,APP0006593,PR0029840,2025-11-05,BR006,AO022,Kredit Konsumtif,Konsumtif,122500000,18.0,36
DSB0003936,APP0006594,PR0029841,2026-01-31,BR006,AO021,Kredit Konsumtif,Konsumtif,96500000,18.0,24
DSB0003937,APP0006595,PR0029851,2026-04-26,BR005,AO020,Kredit Payroll,Payroll,49000000,15.5,60
DSB0003938,APP0006596,PR0029856,2025-12-01,BR005,AO018,Kredit Konsumtif,Konsumtif,28500000,18.0,12
DSB0003939,APP0006597,PR0029859,2025-10-29,BR001,AO004,Kredit Mikro,Mikro,19500000,21.0,12
DSB0003940,APP0006600,PR0029862,2025-08-24,BR001,AO001,Kredit Konsumtif,Konsumtif,118500000,18.0,24
DSB0003941,APP0006602,PR0029866,2025-09-24,BR004,AO015,Kredit Produktif SME,SME,288000000,19.0,36
DSB0003942,APP0006604,PR0029872,2026-04-29,BR001,AO004,Kredit Produktif SME,SME,747500000,19.0,36
DSB0003943,APP0006606,PR0029875,2025-10-28,BR001,AO004,Kredit Konsumtif,Konsumtif,74000000,18.0,18
DSB0003944,APP0006607,PR0029876,2025-10-01,BR006,AO024,Kredit Mikro,Mikro,48500000,21.0,36
DSB0003945,APP0006609,PR0029886,2026-05-12,BR001,AO002,Kredit Konsumtif,Konsumtif,124000000,18.0,18
DSB0003946,APP0006611,PR0029890,2025-12-01,BR001,AO003,Kredit Produktif SME,SME,97500000,19.0,60
DSB0003947,APP0006612,PR0029897,2025-12-01,BR007,AO025,Kredit Konsumtif,Konsumtif,145000000,18.0,18
DSB0003948,APP0006614,PR0029906,2026-03-26,BR007,AO025,Kredit Konsumtif,Konsumtif,28500000,18.0,18
DSB0003949,APP0006616,PR0029931,2026-03-01,BR006,AO021,Kredit Payroll,Payroll,99000000,15.5,36
DSB0003950,APP0006617,PR0029936,2026-04-19,BR005,AO019,Kredit Konsumtif,Konsumtif,124500000,18.0,18
DSB0003951,APP0006618,PR0029940,2025-08-22,BR004,AO013,Kredit Konsumtif,Konsumtif,147500000,18.0,12
DSB0003952,APP0006620,PR0029946,2025-10-01,BR004,AO016,Kredit Mikro,Mikro,49000000,21.0,36
DSB0003953,APP0006622,PR0029958,2026-05-01,BR004,AO013,Kredit Konsumtif,Konsumtif,92500000,18.0,12
DSB0003954,APP0006628,PR0029980,2026-06-22,BR001,AO001,Kredit Payroll,Payroll,49500000,15.5,36
DSB0003955,APP0006629,PR0029982,2025-09-30,BR002,AO006,Kredit Produktif SME,SME,293500000,19.0,24
DSB0003956,APP0006630,PR0029983,2026-05-29,BR003,AO009,Kredit Payroll,Payroll,74500000,15.5,36
DSB0003957,APP0006632,PR0029994,2026-01-14,BR006,AO021,Kredit Konsumtif,Konsumtif,75000000,18.0,24
DSB0003958,APP0006634,PR0030005,2025-11-15,BR003,AO010,Kredit Payroll,Payroll,96000000,15.5,12
DSB0003959,APP0006637,PR0030018,2025-12-20,BR005,AO017,Kredit Produktif SME,SME,943500000,19.0,36
DSB0003960,APP0006640,PR0030033,2025-12-12,BR004,AO015,Kredit Produktif SME,SME,185000000,19.0,48
DSB0003961,APP0006643,PR0030048,2026-05-20,BR001,AO003,Kredit Produktif SME,SME,185000000,19.0,24
DSB0003962,APP0006647,PR0030057,2026-01-31,BR003,AO012,Kredit Konsumtif,Konsumtif,73500000,18.0,36
DSB0003963,APP0006648,PR0030058,2025-10-13,BR003,AO011,Kredit Payroll,Payroll,98500000,15.5,60
DSB0003964,APP0006649,PR0030061,2026-03-24,BR005,AO018,Kredit Mikro,Mikro,69500000,21.0,18
DSB0003965,APP0006650,PR0030063,2025-10-31,BR007,AO026,Kredit Payroll,Payroll,97500000,15.5,60
DSB0003966,APP0006651,PR0030066,2026-03-31,BR002,AO008,Kredit Payroll,Payroll,49000000,15.5,24
DSB0003967,APP0006652,PR0030069,2026-04-24,BR004,AO013,Kredit Mikro,Mikro,19000000,21.0,18
DSB0003968,APP0006653,PR0030072,2026-01-24,BR004,AO013,Kredit Mikro,Mikro,97000000,21.0,12
DSB0003969,APP0006654,PR0030076,2025-07-25,BR002,AO007,Kredit Mikro,Mikro,74000000,21.0,18
DSB0003970,APP0006655,PR0030082,2025-07-11,BR001,AO003,Kredit Mikro,Mikro,71000000,21.0,24
DSB0003971,APP0006656,PR0030083,2025-12-31,BR002,AO008,Kredit Produktif SME,SME,286000000,19.0,24
DSB0003972,APP0006657,PR0030090,2026-03-14,BR002,AO006,Kredit Mikro,Mikro,99000000,21.0,12
DSB0003973,APP0006658,PR0030092,2026-04-18,BR001,AO003,Kredit Payroll,Payroll,47500000,15.5,36
DSB0003974,APP0006659,PR0030102,2025-10-19,BR005,AO019,Kredit Produktif SME,SME,98000000,19.0,48
DSB0003975,APP0006660,PR0030103,2025-09-17,BR007,AO025,Kredit Konsumtif,Konsumtif,72500000,18.0,18
DSB0003976,APP0006661,PR0030104,2025-12-21,BR007,AO028,Kredit Mikro,Mikro,19500000,21.0,24
DSB0003977,APP0006663,PR0030128,2025-11-20,BR002,AO008,Kredit Konsumtif,Konsumtif,146000000,18.0,36
DSB0003978,APP0006664,PR0030131,2025-11-30,BR006,AO023,Kredit Payroll,Payroll,99500000,15.5,48
DSB0003979,APP0006666,PR0030147,2026-03-03,BR003,AO010,Kredit Konsumtif,Konsumtif,29000000,18.0,12
DSB0003980,APP0006667,PR0030149,2026-04-29,BR004,AO014,Kredit Payroll,Payroll,143500000,15.5,12
DSB0003981,APP0006668,PR0030152,2025-08-13,BR004,AO013,Kredit Konsumtif,Konsumtif,46000000,18.0,18
DSB0003982,APP0006670,PR0030157,2025-11-12,BR006,AO023,Kredit Konsumtif,Konsumtif,117000000,18.0,36
DSB0003983,APP0006671,PR0030168,2025-09-28,BR002,AO006,Kredit Konsumtif,Konsumtif,50000000,18.0,24
DSB0003984,APP0006672,PR0030171,2026-04-14,BR005,AO018,Kredit Payroll,Payroll,73000000,15.5,36
DSB0003985,APP0006675,PR0030177,2026-01-23,BR002,AO008,Kredit Produktif SME,SME,144500000,19.0,24
DSB0003986,APP0006676,PR0030184,2025-10-24,BR007,AO026,Kredit Payroll,Payroll,73500000,15.5,48
DSB0003987,APP0006677,PR0030185,2026-05-01,BR006,AO023,Kredit Mikro,Mikro,97000000,21.0,18
DSB0003988,APP0006678,PR0030188,2026-01-31,BR001,AO004,Kredit Payroll,Payroll,69500000,15.5,24
DSB0003989,APP0006679,PR0030193,2026-07-01,BR001,AO001,Kredit Mikro,Mikro,49000000,21.0,18
DSB0003990,APP0006680,PR0030196,2026-02-11,BR007,AO025,Kredit Mikro,Mikro,97500000,21.0,18
DSB0003991,APP0006682,PR0030198,2025-10-21,BR002,AO008,Kredit Konsumtif,Konsumtif,74500000,18.0,18
DSB0003992,APP0006684,PR0030202,2025-10-01,BR001,AO002,Kredit Konsumtif,Konsumtif,28500000,18.0,18
DSB0003993,APP0006686,PR0030209,2026-05-17,BR001,AO004,Kredit Payroll,Payroll,70500000,15.5,60
DSB0003994,APP0006692,PR0030238,2026-01-31,BR007,AO025,Kredit Konsumtif,Konsumtif,146000000,18.0,24
DSB0003995,APP0006693,PR0030240,2026-01-21,BR001,AO003,Kredit Produktif SME,SME,197000000,19.0,60
DSB0003996,APP0006695,PR0030249,2025-12-16,BR006,AO021,Kredit Konsumtif,Konsumtif,149500000,18.0,18
DSB0003997,APP0006696,PR0030253,2025-09-18,BR004,AO014,Kredit Mikro,Mikro,29000000,21.0,12
DSB0003998,APP0006698,PR0030258,2026-03-14,BR004,AO013,Kredit Konsumtif,Konsumtif,28000000,18.0,24
DSB0003999,APP0006699,PR0030266,2026-03-29,BR002,AO006,Kredit Mikro,Mikro,19500000,21.0,18
DSB0004000,APP0006700,PR0030270,2026-05-27,BR003,AO011,Kredit Konsumtif,Konsumtif,138500000,18.0,36
DSB0004001,APP0006701,PR0030272,2026-01-17,BR005,AO018,Kredit Payroll,Payroll,72500000,15.5,12
DSB0004002,APP0006702,PR0030279,2026-06-30,BR004,AO016,Kredit Konsumtif,Konsumtif,148000000,18.0,36
DSB0004003,APP0006704,PR0030298,2026-01-25,BR005,AO019,Kredit Konsumtif,Konsumtif,73000000,18.0,18
DSB0004004,APP0006705,PR0030300,2025-08-16,BR003,AO010,Kredit Konsumtif,Konsumtif,28000000,18.0,36
DSB0004005,APP0006706,PR0030305,2025-09-23,BR007,AO027,Kredit Konsumtif,Konsumtif,71000000,18.0,36
DSB0004006,APP0006707,PR0030313,2025-07-11,BR003,AO010,Kredit Mikro,Mikro,71500000,21.0,24
DSB0004007,APP0006709,PR0030335,2025-12-16,BR007,AO028,Kredit Payroll,Payroll,49000000,15.5,36
DSB0004008,APP0006710,PR0030338,2025-12-31,BR002,AO008,Kredit Mikro,Mikro,71000000,21.0,12
DSB0004009,APP0006712,PR0030343,2025-12-31,BR005,AO019,Kredit Konsumtif,Konsumtif,148000000,18.0,24
DSB0004010,APP0006717,PR0030370,2026-05-01,BR003,AO012,Kredit Konsumtif,Konsumtif,50000000,18.0,36
DSB0004011,APP0006719,PR0030392,2026-03-03,BR002,AO008,Kredit Produktif SME,SME,94000000,19.0,48
DSB0004012,APP0006720,PR0030400,2025-08-18,BR006,AO021,Kredit Mikro,Mikro,29500000,21.0,12
DSB0004013,APP0006722,PR0030404,2026-05-20,BR003,AO010,Kredit Mikro,Mikro,20000000,21.0,24
DSB0004014,APP0006725,PR0030412,2025-11-27,BR006,AO023,Kredit Mikro,Mikro,19500000,21.0,12
DSB0004015,APP0006727,PR0030437,2026-03-31,BR003,AO012,Kredit Payroll,Payroll,73000000,15.5,36
DSB0004016,APP0006728,PR0030439,2025-12-25,BR007,AO026,Kredit Payroll,Payroll,144500000,15.5,24
DSB0004017,APP0006729,PR0030454,2026-02-13,BR007,AO026,Kredit Payroll,Payroll,184500000,15.5,36
DSB0004018,APP0006730,PR0030457,2025-08-16,BR005,AO019,Kredit Produktif SME,SME,469500000,19.0,48
DSB0004019,APP0006731,PR0030464,2026-05-01,BR007,AO025,Kredit Konsumtif,Konsumtif,120500000,18.0,24
DSB0004020,APP0006732,PR0030466,2025-11-29,BR005,AO017,Kredit Mikro,Mikro,30000000,21.0,24
DSB0004021,APP0006736,PR0030487,2025-08-18,BR007,AO025,Kredit Konsumtif,Konsumtif,69500000,18.0,12
DSB0004022,APP0006737,PR0030491,2025-08-20,BR001,AO003,Kredit Produktif SME,SME,280500000,19.0,36
DSB0004023,APP0006738,PR0030495,2026-05-15,BR001,AO001,Kredit Konsumtif,Konsumtif,92500000,18.0,24
DSB0004024,APP0006741,PR0030501,2025-10-31,BR001,AO003,Kredit Konsumtif,Konsumtif,94500000,18.0,12
DSB0004025,APP0006742,PR0030504,2026-06-15,BR003,AO012,Kredit Konsumtif,Konsumtif,29000000,18.0,18
DSB0004026,APP0006743,PR0030505,2025-12-29,BR007,AO025,Kredit Payroll,Payroll,199000000,15.5,48
DSB0004027,APP0006744,PR0030507,2026-03-28,BR001,AO001,Kredit Mikro,Mikro,20000000,21.0,36
DSB0004028,APP0006745,PR0030524,2025-08-15,BR005,AO020,Kredit Mikro,Mikro,19500000,21.0,24
DSB0004029,APP0006746,PR0030527,2025-08-20,BR001,AO004,Kredit Produktif SME,SME,199000000,19.0,12
DSB0004030,APP0006750,PR0030547,2026-04-26,BR002,AO007,Kredit Konsumtif,Konsumtif,123500000,18.0,24
DSB0004031,APP0006752,PR0030554,2025-12-31,BR001,AO003,Kredit Konsumtif,Konsumtif,93000000,18.0,18
DSB0004032,APP0006756,PR0030586,2026-06-29,BR006,AO021,Kredit Konsumtif,Konsumtif,117000000,18.0,12
DSB0004033,APP0006759,PR0030599,2026-03-31,BR001,AO003,Kredit Produktif SME,SME,470000000,19.0,60
DSB0004034,APP0006760,PR0030600,2026-05-30,BR003,AO009,Kredit Payroll,Payroll,70500000,15.5,24
DSB0004035,APP0006762,PR0030604,2026-05-15,BR002,AO008,Kredit Mikro,Mikro,20000000,21.0,24
DSB0004036,APP0006767,PR0030646,2026-01-31,BR003,AO009,Kredit Payroll,Payroll,95500000,15.5,48
DSB0004037,APP0006769,PR0030659,2026-03-12,BR003,AO012,Kredit Konsumtif,Konsumtif,98500000,18.0,18
DSB0004038,APP0006771,PR0030666,2025-10-19,BR001,AO001,Kredit Konsumtif,Konsumtif,28500000,18.0,12
DSB0004039,APP0006772,PR0030669,2026-05-28,BR007,AO025,Kredit Konsumtif,Konsumtif,147000000,18.0,24
DSB0004040,APP0006773,PR0030670,2025-10-01,BR004,AO013,Kredit Konsumtif,Konsumtif,46000000,18.0,36
DSB0004041,APP0006775,PR0030679,2026-03-31,BR003,AO010,Kredit Payroll,Payroll,185000000,15.5,12
DSB0004042,APP0006776,PR0030684,2025-09-25,BR007,AO025,Kredit Payroll,Payroll,74500000,15.5,12
DSB0004043,APP0006777,PR0030687,2025-09-23,BR002,AO008,Kredit Mikro,Mikro,47500000,21.0,36
DSB0004044,APP0006779,PR0030692,2025-07-13,BR004,AO013,Kredit Konsumtif,Konsumtif,123000000,18.0,12
DSB0004045,APP0006781,PR0030696,2026-05-31,BR004,AO015,Kredit Konsumtif,Konsumtif,147500000,18.0,18
DSB0004046,APP0006783,PR0030716,2026-03-18,BR002,AO006,Kredit Mikro,Mikro,70500000,21.0,36
DSB0004047,APP0006784,PR0030723,2026-04-23,BR006,AO024,Kredit Produktif SME,SME,190500000,19.0,12
DSB0004048,APP0006787,PR0030736,2025-09-23,BR001,AO002,Kredit Payroll,Payroll,144000000,15.5,48
DSB0004049,APP0006789,PR0030750,2026-03-30,BR007,AO027,Kredit Konsumtif,Konsumtif,148500000,18.0,24
DSB0004050,APP0006791,PR0030758,2025-12-21,BR001,AO001,Kredit Payroll,Payroll,95000000,15.5,36
DSB0004051,APP0006793,PR0030780,2026-03-21,BR006,AO021,Kredit Payroll,Payroll,49000000,15.5,12
DSB0004052,APP0006794,PR0030784,2026-06-17,BR003,AO011,Kredit Payroll,Payroll,139000000,15.5,60
DSB0004053,APP0006795,PR0030789,2025-12-25,BR006,AO023,Kredit Mikro,Mikro,72000000,21.0,24
DSB0004054,APP0006797,PR0030796,2025-12-28,BR007,AO028,Kredit Payroll,Payroll,145500000,15.5,36
DSB0004055,APP0006799,PR0030803,2025-09-19,BR005,AO019,Kredit Produktif SME,SME,292500000,19.0,48
DSB0004056,APP0006803,PR0030822,2025-10-01,BR002,AO006,Kredit Konsumtif,Konsumtif,29500000,18.0,24
DSB0004057,APP0006807,PR0030842,2026-02-16,BR007,AO025,Kredit Payroll,Payroll,49000000,15.5,48
DSB0004058,APP0006809,PR0030850,2025-10-28,BR002,AO006,Kredit Mikro,Mikro,49000000,21.0,36
DSB0004059,APP0006810,PR0030852,2026-02-27,BR002,AO006,Kredit Payroll,Payroll,96500000,15.5,48
DSB0004060,APP0006811,PR0030858,2025-10-24,BR006,AO021,Kredit Konsumtif,Konsumtif,69500000,18.0,18
DSB0004061,APP0006814,PR0030886,2026-07-01,BR002,AO005,Kredit Payroll,Payroll,98500000,15.5,12
DSB0004062,APP0006815,PR0030888,2026-05-31,BR001,AO002,Kredit Produktif SME,SME,285500000,19.0,12
DSB0004063,APP0006816,PR0030892,2025-10-21,BR001,AO004,Kredit Konsumtif,Konsumtif,69500000,18.0,12
DSB0004064,APP0006820,PR0030902,2025-07-29,BR002,AO005,Kredit Payroll,Payroll,138500000,15.5,60
DSB0004065,APP0006821,PR0030903,2026-01-25,BR002,AO005,Kredit Mikro,Mikro,74500000,21.0,24
DSB0004066,APP0006822,PR0030908,2025-08-23,BR004,AO013,Kredit Mikro,Mikro,28000000,21.0,24
DSB0004067,APP0006823,PR0030909,2026-07-01,BR003,AO010,Kredit Payroll,Payroll,188500000,15.5,60
DSB0004068,APP0006828,PR0030928,2025-10-31,BR005,AO017,Kredit Payroll,Payroll,46500000,15.5,36
DSB0004069,APP0006829,PR0030940,2025-09-21,BR003,AO011,Kredit Konsumtif,Konsumtif,148000000,18.0,36
DSB0004070,APP0006830,PR0030944,2025-10-01,BR001,AO003,Kredit Payroll,Payroll,147500000,15.5,12
DSB0004071,APP0006832,PR0030957,2026-01-28,BR005,AO020,Kredit Mikro,Mikro,28000000,21.0,18
DSB0004072,APP0006833,PR0030970,2025-10-23,BR003,AO009,Kredit Produktif SME,SME,485000000,19.0,60
DSB0004073,APP0006836,PR0030980,2025-07-18,BR007,AO026,Kredit Konsumtif,Konsumtif,28500000,18.0,12
DSB0004074,APP0006839,PR0031001,2025-09-24,BR002,AO008,Kredit Konsumtif,Konsumtif,97500000,18.0,24
DSB0004075,APP0006841,PR0031007,2025-09-29,BR007,AO027,Kredit Konsumtif,Konsumtif,48500000,18.0,18
DSB0004076,APP0006844,PR0031013,2025-08-17,BR006,AO022,Kredit Payroll,Payroll,99500000,15.5,12
DSB0004077,APP0006848,PR0031021,2026-03-02,BR005,AO018,Kredit Konsumtif,Konsumtif,29500000,18.0,18
DSB0004078,APP0006849,PR0031022,2026-03-17,BR001,AO003,Kredit Konsumtif,Konsumtif,95500000,18.0,24
DSB0004079,APP0006850,PR0031028,2026-05-01,BR006,AO023,Kredit Produktif SME,SME,189000000,19.0,12
DSB0004080,APP0006851,PR0031029,2026-06-13,BR003,AO010,Kredit Mikro,Mikro,29000000,21.0,36
DSB0004081,APP0006852,PR0031030,2025-12-22,BR006,AO021,Kredit Payroll,Payroll,184500000,15.5,36
DSB0004082,APP0006853,PR0031031,2025-09-09,BR005,AO018,Kredit Konsumtif,Konsumtif,115500000,18.0,36
DSB0004083,APP0006854,PR0031033,2026-06-19,BR005,AO018,Kredit Payroll,Payroll,48000000,15.5,60
DSB0004084,APP0006856,PR0031040,2025-11-17,BR005,AO018,Kredit Konsumtif,Konsumtif,69500000,18.0,18
DSB0004085,APP0006857,PR0031044,2026-02-14,BR003,AO010,Kredit Mikro,Mikro,47500000,21.0,18
DSB0004086,APP0006859,PR0031047,2025-08-16,BR005,AO018,Kredit Produktif SME,SME,93500000,19.0,24
DSB0004087,APP0006861,PR0031053,2026-06-29,BR005,AO019,Kredit Konsumtif,Konsumtif,97000000,18.0,18
DSB0004088,APP0006862,PR0031056,2025-10-28,BR002,AO008,Kredit Payroll,Payroll,145000000,15.5,60
DSB0004089,APP0006863,PR0031064,2025-12-17,BR001,AO001,Kredit Payroll,Payroll,48500000,15.5,24
DSB0004090,APP0006866,PR0031081,2025-12-18,BR007,AO027,Kredit Payroll,Payroll,70500000,15.5,36
DSB0004091,APP0006867,PR0031087,2026-06-29,BR002,AO008,Kredit Mikro,Mikro,28000000,21.0,24
DSB0004092,APP0006871,PR0031105,2026-07-01,BR006,AO022,Kredit Payroll,Payroll,70000000,15.5,12
DSB0004093,APP0006874,PR0031109,2026-03-31,BR006,AO021,Kredit Konsumtif,Konsumtif,46500000,18.0,18
DSB0004094,APP0006876,PR0031124,2025-11-10,BR002,AO005,Kredit Konsumtif,Konsumtif,124500000,18.0,12
DSB0004095,APP0006878,PR0031133,2025-09-29,BR003,AO011,Kredit Konsumtif,Konsumtif,147500000,18.0,12
DSB0004096,APP0006879,PR0031135,2025-08-22,BR006,AO023,Kredit Mikro,Mikro,49000000,21.0,24
DSB0004097,APP0006880,PR0031137,2025-09-13,BR003,AO009,Kredit Mikro,Mikro,50000000,21.0,12
DSB0004098,APP0006881,PR0031140,2026-02-23,BR007,AO027,Kredit Payroll,Payroll,93500000,15.5,12
DSB0004099,APP0006882,PR0031141,2026-03-25,BR004,AO013,Kredit Konsumtif,Konsumtif,142000000,18.0,24
DSB0004100,APP0006883,PR0031142,2026-03-25,BR006,AO021,Kredit Konsumtif,Konsumtif,28000000,18.0,24
DSB0004101,APP0006884,PR0031143,2026-01-16,BR002,AO007,Kredit Mikro,Mikro,47000000,21.0,36
DSB0004102,APP0006885,PR0031144,2025-07-31,BR003,AO011,Kredit Payroll,Payroll,94500000,15.5,48
DSB0004103,APP0006886,PR0031147,2026-05-01,BR004,AO013,Kredit Payroll,Payroll,96500000,15.5,24
DSB0004104,APP0006887,PR0031150,2025-08-12,BR007,AO025,Kredit Konsumtif,Konsumtif,29000000,18.0,18
DSB0004105,APP0006888,PR0031155,2025-12-27,BR004,AO016,Kredit Konsumtif,Konsumtif,29500000,18.0,36
DSB0004106,APP0006890,PR0031169,2026-02-20,BR001,AO004,Kredit Konsumtif,Konsumtif,30000000,18.0,24
DSB0004107,APP0006893,PR0031181,2025-10-30,BR001,AO004,Kredit Konsumtif,Konsumtif,122500000,18.0,24
DSB0004108,APP0006894,PR0031182,2026-04-26,BR004,AO015,Kredit Mikro,Mikro,71000000,21.0,12
DSB0004109,APP0006895,PR0031183,2026-04-10,BR007,AO026,Kredit Konsumtif,Konsumtif,144000000,18.0,18
DSB0004110,APP0006896,PR0031184,2026-04-24,BR006,AO023,Kredit Payroll,Payroll,92500000,15.5,36
DSB0004111,APP0006898,PR0031188,2026-01-26,BR002,AO006,Kredit Konsumtif,Konsumtif,124000000,18.0,12
DSB0004112,APP0006899,PR0031192,2026-04-24,BR004,AO015,Kredit Produktif SME,SME,998500000,19.0,36
DSB0004113,APP0006900,PR0031194,2025-12-23,BR005,AO019,Kredit Konsumtif,Konsumtif,69500000,18.0,12
DSB0004114,APP0006901,PR0031196,2026-07-01,BR006,AO022,Kredit Payroll,Payroll,147000000,15.5,12
DSB0004115,APP0006902,PR0031197,2026-05-01,BR004,AO016,Kredit Payroll,Payroll,190000000,15.5,48
DSB0004116,APP0006905,PR0031206,2026-02-13,BR002,AO006,Kredit Konsumtif,Konsumtif,47000000,18.0,12
DSB0004117,APP0006907,PR0031211,2026-03-14,BR007,AO025,Kredit Produktif SME,SME,193000000,19.0,12
DSB0004118,APP0006909,PR0031218,2026-01-30,BR007,AO027,Kredit Produktif SME,SME,288000000,19.0,60
DSB0004119,APP0006910,PR0031227,2026-01-10,BR003,AO010,Kredit Payroll,Payroll,144000000,15.5,12
DSB0004120,APP0006911,PR0031228,2025-07-12,BR006,AO022,Kredit Produktif SME,SME,992500000,19.0,48
DSB0004121,APP0006912,PR0031238,2025-07-28,BR003,AO010,Kredit Payroll,Payroll,96000000,15.5,60
DSB0004122,APP0006914,PR0031261,2026-02-28,BR003,AO009,Kredit Payroll,Payroll,190000000,15.5,60
DSB0004123,APP0006917,PR0031285,2025-12-31,BR006,AO024,Kredit Payroll,Payroll,196500000,15.5,12
DSB0004124,APP0006920,PR0031301,2026-06-29,BR005,AO019,Kredit Konsumtif,Konsumtif,143500000,18.0,36
DSB0004125,APP0006922,PR0031306,2025-07-12,BR003,AO011,Kredit Produktif SME,SME,280000000,19.0,12
DSB0004126,APP0006923,PR0031309,2025-10-16,BR006,AO023,Kredit Payroll,Payroll,73000000,15.5,60
DSB0004127,APP0006926,PR0031337,2026-05-22,BR006,AO021,Kredit Konsumtif,Konsumtif,71500000,18.0,36
DSB0004128,APP0006927,PR0031346,2026-05-30,BR004,AO016,Kredit Konsumtif,Konsumtif,46500000,18.0,12
DSB0004129,APP0006928,PR0031361,2026-01-31,BR001,AO001,Kredit Mikro,Mikro,48000000,21.0,12
DSB0004130,APP0006930,PR0031378,2025-08-25,BR005,AO019,Kredit Konsumtif,Konsumtif,99500000,18.0,24
DSB0004131,APP0006931,PR0031386,2025-07-22,BR006,AO022,Kredit Konsumtif,Konsumtif,118000000,18.0,18
DSB0004132,APP0006934,PR0031411,2026-03-03,BR007,AO025,Kredit Mikro,Mikro,27500000,21.0,12
DSB0004133,APP0006935,PR0031413,2026-05-21,BR002,AO008,Kredit Konsumtif,Konsumtif,120000000,18.0,36
DSB0004134,APP0006937,PR0031428,2026-04-20,BR005,AO020,Kredit Konsumtif,Konsumtif,119000000,18.0,18
DSB0004135,APP0006938,PR0031429,2026-04-11,BR001,AO002,Kredit Payroll,Payroll,71000000,15.5,12
DSB0004136,APP0006939,PR0031430,2025-10-25,BR003,AO012,Kredit Konsumtif,Konsumtif,141500000,18.0,12
DSB0004137,APP0006940,PR0031435,2026-03-03,BR006,AO022,Kredit Payroll,Payroll,193000000,15.5,24
DSB0004138,APP0006941,PR0031436,2026-06-23,BR007,AO025,Kredit Payroll,Payroll,49000000,15.5,24
DSB0004139,APP0006942,PR0031437,2026-03-02,BR005,AO017,Kredit Mikro,Mikro,92500000,21.0,36
DSB0004140,APP0006944,PR0031452,2025-09-21,BR003,AO010,Kredit Produktif SME,SME,463000000,19.0,60
DSB0004141,APP0006946,PR0031457,2026-05-26,BR003,AO010,Kredit Payroll,Payroll,98500000,15.5,48
DSB0004142,APP0006947,PR0031460,2026-04-18,BR001,AO003,Kredit Konsumtif,Konsumtif,142000000,18.0,12
DSB0004143,APP0006949,PR0031462,2025-09-27,BR006,AO023,Kredit Payroll,Payroll,148000000,15.5,12
DSB0004144,APP0006953,PR0031479,2026-03-02,BR004,AO013,Kredit Mikro,Mikro,49000000,21.0,18
DSB0004145,APP0006954,PR0031487,2025-08-26,BR005,AO018,Kredit Konsumtif,Konsumtif,71500000,18.0,24
DSB0004146,APP0006956,PR0031511,2026-01-17,BR003,AO011,Kredit Mikro,Mikro,49500000,21.0,24
DSB0004147,APP0006957,PR0031515,2026-04-19,BR003,AO012,Kredit Konsumtif,Konsumtif,147500000,18.0,24
DSB0004148,APP0006961,PR0031534,2025-11-24,BR005,AO020,Kredit Mikro,Mikro,29500000,21.0,36
DSB0004149,APP0006962,PR0031536,2025-10-31,BR002,AO008,Kredit Payroll,Payroll,92500000,15.5,36
DSB0004150,APP0006964,PR0031548,2025-10-23,BR002,AO007,Kredit Mikro,Mikro,94000000,21.0,18
DSB0004151,APP0006966,PR0031566,2026-05-18,BR007,AO025,Kredit Konsumtif,Konsumtif,93000000,18.0,18
DSB0004152,APP0006968,PR0031574,2026-03-24,BR005,AO020,Kredit Produktif SME,SME,708500000,19.0,60
DSB0004153,APP0006969,PR0031580,2026-03-14,BR007,AO028,Kredit Mikro,Mikro,19500000,21.0,18
DSB0004154,APP0006971,PR0031582,2026-03-03,BR004,AO014,Kredit Payroll,Payroll,93500000,15.5,48
DSB0004155,APP0006972,PR0031584,2026-05-11,BR002,AO008,Kredit Produktif SME,SME,93000000,19.0,48
DSB0004156,APP0006973,PR0031585,2026-05-20,BR006,AO022,Kredit Payroll,Payroll,92500000,15.5,60
DSB0004157,APP0006974,PR0031597,2025-11-11,BR005,AO019,Kredit Konsumtif,Konsumtif,121500000,18.0,18
DSB0004158,APP0006975,PR0031600,2026-07-01,BR004,AO015,Kredit Konsumtif,Konsumtif,48500000,18.0,18
DSB0004159,APP0006978,PR0031627,2026-05-15,BR003,AO010,Kredit Payroll,Payroll,92000000,15.5,60
DSB0004160,APP0006980,PR0031636,2025-08-20,BR003,AO010,Kredit Konsumtif,Konsumtif,141500000,18.0,18
DSB0004161,APP0006982,PR0031643,2025-12-22,BR006,AO023,Kredit Payroll,Payroll,49000000,15.5,24
DSB0004162,APP0006983,PR0031658,2026-01-14,BR001,AO002,Kredit Payroll,Payroll,75000000,15.5,48
DSB0004163,APP0006985,PR0031662,2025-07-09,BR006,AO022,Kredit Payroll,Payroll,47500000,15.5,24
DSB0004164,APP0006986,PR0031665,2025-08-21,BR002,AO006,Kredit Produktif SME,SME,187000000,19.0,48
DSB0004165,APP0006989,PR0031674,2026-03-31,BR005,AO019,Kredit Konsumtif,Konsumtif,97500000,18.0,36
DSB0004166,APP0006990,PR0031686,2025-09-18,BR001,AO001,Kredit Konsumtif,Konsumtif,139000000,18.0,12
DSB0004167,APP0006991,PR0031688,2026-05-31,BR006,AO021,Kredit Konsumtif,Konsumtif,121000000,18.0,24
DSB0004168,APP0006992,PR0031691,2025-07-31,BR005,AO019,Kredit Konsumtif,Konsumtif,50000000,18.0,18
DSB0004169,APP0006993,PR0031692,2025-08-18,BR007,AO026,Kredit Payroll,Payroll,186500000,15.5,36
DSB0004170,APP0006994,PR0031693,2025-10-31,BR002,AO005,Kredit Konsumtif,Konsumtif,140500000,18.0,18
DSB0004171,APP0006995,PR0031705,2025-12-26,BR006,AO021,Kredit Produktif SME,SME,184000000,19.0,48
DSB0004172,APP0006996,PR0031711,2026-03-31,BR002,AO008,Kredit Payroll,Payroll,195500000,15.5,12
DSB0004173,APP0006997,PR0031724,2025-07-15,BR005,AO020,Kredit Konsumtif,Konsumtif,69000000,18.0,24
DSB0004174,APP0006999,PR0031733,2026-07-01,BR001,AO004,Kredit Payroll,Payroll,146500000,15.5,48
DSB0004175,APP0007000,PR0031750,2026-01-18,BR004,AO013,Kredit Payroll,Payroll,184000000,15.5,36
DSB0004176,APP0007003,PR0031763,2025-09-30,BR006,AO021,Kredit Mikro,Mikro,18500000,21.0,12
DSB0004177,APP0007004,PR0031765,2025-10-20,BR002,AO007,Kredit Mikro,Mikro,98500000,21.0,18
DSB0004178,APP0007006,PR0031778,2026-02-15,BR007,AO028,Kredit Produktif SME,SME,199000000,19.0,12
DSB0004179,APP0007009,PR0031790,2025-10-01,BR004,AO015,Kredit Payroll,Payroll,195500000,15.5,36
DSB0004180,APP0007012,PR0031798,2025-09-16,BR003,AO012,Kredit Konsumtif,Konsumtif,124500000,18.0,36
DSB0004181,APP0007014,PR0031803,2026-02-25,BR007,AO028,Kredit Mikro,Mikro,19000000,21.0,24
DSB0004182,APP0007015,PR0031804,2026-04-20,BR001,AO003,Kredit Konsumtif,Konsumtif,73000000,18.0,36
DSB0004183,APP0007017,PR0031817,2026-03-31,BR005,AO020,Kredit Produktif SME,SME,280000000,19.0,36
DSB0004184,APP0007018,PR0031822,2025-12-10,BR001,AO002,Kredit Konsumtif,Konsumtif,120000000,18.0,12
DSB0004185,APP0007019,PR0031825,2025-08-28,BR001,AO004,Kredit Mikro,Mikro,98000000,21.0,12
DSB0004186,APP0007020,PR0031830,2026-03-28,BR001,AO003,Kredit Produktif SME,SME,292000000,19.0,60
DSB0004187,APP0007022,PR0031839,2025-12-01,BR001,AO003,Kredit Produktif SME,SME,487000000,19.0,60
DSB0004188,APP0007023,PR0031842,2026-03-31,BR002,AO006,Kredit Mikro,Mikro,29000000,21.0,36
DSB0004189,APP0007024,PR0031844,2025-12-20,BR005,AO018,Kredit Payroll,Payroll,187000000,15.5,24
DSB0004190,APP0007026,PR0031853,2026-01-31,BR005,AO019,Kredit Konsumtif,Konsumtif,69500000,18.0,18
DSB0004191,APP0007028,PR0031862,2025-10-15,BR006,AO022,Kredit Payroll,Payroll,47500000,15.5,24
DSB0004192,APP0007030,PR0031870,2025-09-30,BR005,AO019,Kredit Konsumtif,Konsumtif,29000000,18.0,18
DSB0004193,APP0007031,PR0031873,2026-03-18,BR007,AO026,Kredit Mikro,Mikro,49500000,21.0,36
DSB0004194,APP0007032,PR0031874,2025-12-22,BR003,AO009,Kredit Payroll,Payroll,99000000,15.5,12
DSB0004195,APP0007034,PR0031877,2026-06-29,BR003,AO010,Kredit Konsumtif,Konsumtif,140000000,18.0,24
DSB0004196,APP0007035,PR0031881,2025-11-27,BR003,AO011,Kredit Produktif SME,SME,461000000,19.0,60
DSB0004197,APP0007036,PR0031885,2026-01-17,BR005,AO020,Kredit Mikro,Mikro,74500000,21.0,18
DSB0004198,APP0007037,PR0031903,2026-01-31,BR005,AO018,Kredit Mikro,Mikro,70500000,21.0,18
DSB0004199,APP0007038,PR0031908,2025-10-31,BR005,AO020,Kredit Payroll,Payroll,48500000,15.5,24
DSB0004200,APP0007039,PR0031913,2025-08-31,BR002,AO005,Kredit Payroll,Payroll,92500000,15.5,12
DSB0004201,APP0007042,PR0031929,2026-03-19,BR005,AO018,Kredit Payroll,Payroll,195500000,15.5,12
DSB0004202,APP0007043,PR0031940,2026-02-25,BR001,AO003,Kredit Konsumtif,Konsumtif,49000000,18.0,24
DSB0004203,APP0007046,PR0031947,2025-07-20,BR003,AO010,Kredit Konsumtif,Konsumtif,96000000,18.0,12
DSB0004204,APP0007047,PR0031951,2025-10-21,BR006,AO021,Kredit Konsumtif,Konsumtif,99000000,18.0,24
DSB0004205,APP0007050,PR0031966,2026-03-14,BR002,AO006,Kredit Mikro,Mikro,28000000,21.0,12
DSB0004206,APP0007052,PR0031973,2025-07-14,BR002,AO008,Kredit Mikro,Mikro,46500000,21.0,12
DSB0004207,APP0007054,PR0031979,2026-07-01,BR003,AO009,Kredit Mikro,Mikro,48500000,21.0,24
DSB0004208,APP0007055,PR0031983,2026-07-01,BR001,AO004,Kredit Produktif SME,SME,144000000,19.0,12
DSB0004209,APP0007057,PR0031987,2025-07-14,BR002,AO006,Kredit Mikro,Mikro,74500000,21.0,24
DSB0004210,APP0007058,PR0031988,2026-02-16,BR006,AO023,Kredit Mikro,Mikro,28500000,21.0,36
DSB0004211,APP0007060,PR0031996,2025-07-15,BR002,AO005,Kredit Mikro,Mikro,69000000,21.0,18
DSB0004212,APP0007061,PR0031999,2026-05-13,BR001,AO004,Kredit Mikro,Mikro,93000000,21.0,18
DSB0004213,APP0007066,PR0032028,2025-07-16,BR001,AO001,Kredit Produktif SME,SME,948500000,19.0,24
DSB0004214,APP0007068,PR0032033,2026-03-17,BR002,AO005,Kredit Payroll,Payroll,49500000,15.5,36
DSB0004215,APP0007069,PR0032034,2026-01-15,BR003,AO009,Kredit Konsumtif,Konsumtif,74000000,18.0,12
DSB0004216,APP0007070,PR0032040,2026-04-26,BR002,AO008,Kredit Payroll,Payroll,49000000,15.5,60
DSB0004217,APP0007071,PR0032043,2025-08-15,BR004,AO013,Kredit Konsumtif,Konsumtif,71000000,18.0,36
DSB0004218,APP0007072,PR0032044,2025-09-24,BR002,AO008,Kredit Payroll,Payroll,73500000,15.5,36
DSB0004219,APP0007073,PR0032052,2026-02-20,BR003,AO010,Kredit Payroll,Payroll,100000000,15.5,36
DSB0004220,APP0007074,PR0032053,2025-12-31,BR005,AO018,Kredit Produktif SME,SME,285500000,19.0,36
DSB0004221,APP0007077,PR0032063,2025-10-27,BR002,AO007,Kredit Konsumtif,Konsumtif,142500000,18.0,12
DSB0004222,APP0007081,PR0032079,2026-04-22,BR001,AO003,Kredit Payroll,Payroll,49000000,15.5,12
DSB0004223,APP0007082,PR0032085,2026-05-15,BR007,AO027,Kredit Produktif SME,SME,299500000,19.0,48
DSB0004224,APP0007083,PR0032089,2026-05-31,BR001,AO003,Kredit Payroll,Payroll,145500000,15.5,36
DSB0004225,APP0007084,PR0032090,2025-10-31,BR006,AO022,Kredit Konsumtif,Konsumtif,28500000,18.0,12
DSB0004226,APP0007086,PR0032101,2026-06-06,BR006,AO021,Kredit Payroll,Payroll,75000000,15.5,48
DSB0004227,APP0007089,PR0032111,2026-04-10,BR002,AO007,Kredit Mikro,Mikro,71500000,21.0,36
DSB0004228,APP0007093,PR0032120,2025-10-18,BR001,AO004,Kredit Produktif SME,SME,141000000,19.0,24
DSB0004229,APP0007094,PR0032125,2025-09-11,BR007,AO026,Kredit Payroll,Payroll,192000000,15.5,60
DSB0004230,APP0007095,PR0032131,2025-08-21,BR003,AO012,Kredit Konsumtif,Konsumtif,118500000,18.0,36
DSB0004231,APP0007096,PR0032134,2025-12-01,BR006,AO023,Kredit Konsumtif,Konsumtif,47000000,18.0,36
DSB0004232,APP0007097,PR0032136,2025-11-25,BR006,AO022,Kredit Payroll,Payroll,143000000,15.5,36
DSB0004233,APP0007098,PR0032144,2026-01-21,BR003,AO012,Kredit Konsumtif,Konsumtif,144000000,18.0,12
DSB0004234,APP0007099,PR0032146,2026-05-25,BR003,AO010,Kredit Mikro,Mikro,72000000,21.0,12
DSB0004235,APP0007100,PR0032147,2026-03-17,BR001,AO003,Kredit Payroll,Payroll,93000000,15.5,36
DSB0004236,APP0007101,PR0032153,2026-01-30,BR007,AO028,Kredit Konsumtif,Konsumtif,123000000,18.0,24
DSB0004237,APP0007102,PR0032154,2026-03-27,BR003,AO012,Kredit Payroll,Payroll,95500000,15.5,36
DSB0004238,APP0007103,PR0032159,2026-04-15,BR002,AO008,Kredit Payroll,Payroll,96500000,15.5,36
DSB0004239,APP0007104,PR0032177,2026-03-20,BR002,AO007,Kredit Konsumtif,Konsumtif,99000000,18.0,12
DSB0004240,APP0007106,PR0032180,2026-01-18,BR004,AO013,Kredit Konsumtif,Konsumtif,28500000,18.0,24
DSB0004241,APP0007107,PR0032185,2026-02-26,BR006,AO021,Kredit Konsumtif,Konsumtif,143500000,18.0,18
DSB0004242,APP0007109,PR0032187,2025-12-26,BR003,AO012,Kredit Mikro,Mikro,28500000,21.0,18
DSB0004243,APP0007110,PR0032192,2026-06-15,BR005,AO020,Kredit Produktif SME,SME,288000000,19.0,48
DSB0004244,APP0007112,PR0032197,2025-12-25,BR007,AO027,Kredit Payroll,Payroll,46500000,15.5,36
DSB0004245,APP0007115,PR0032204,2025-10-18,BR007,AO026,Kredit Mikro,Mikro,19000000,21.0,18
DSB0004246,APP0007116,PR0032206,2026-06-30,BR003,AO010,Kredit Konsumtif,Konsumtif,28000000,18.0,24
DSB0004247,APP0007118,PR0032223,2025-10-17,BR003,AO010,Kredit Payroll,Payroll,138000000,15.5,24
DSB0004248,APP0007119,PR0032226,2025-11-27,BR001,AO002,Kredit Produktif SME,SME,141000000,19.0,60
DSB0004249,APP0007120,PR0032229,2026-01-19,BR003,AO009,Kredit Mikro,Mikro,96000000,21.0,24
DSB0004250,APP0007124,PR0032247,2025-12-01,BR005,AO020,Kredit Konsumtif,Konsumtif,141500000,18.0,12
DSB0004251,APP0007125,PR0032255,2026-03-03,BR001,AO002,Kredit Mikro,Mikro,99500000,21.0,12
DSB0004252,APP0007126,PR0032260,2025-09-11,BR005,AO017,Kredit Konsumtif,Konsumtif,48500000,18.0,18
DSB0004253,APP0007127,PR0032264,2026-06-15,BR007,AO028,Kredit Konsumtif,Konsumtif,49000000,18.0,36
DSB0004254,APP0007128,PR0032266,2025-07-20,BR007,AO025,Kredit Konsumtif,Konsumtif,138500000,18.0,24
DSB0004255,APP0007129,PR0032269,2026-04-26,BR001,AO003,Kredit Mikro,Mikro,29500000,21.0,12
DSB0004256,APP0007134,PR0032289,2025-08-30,BR002,AO005,Kredit Mikro,Mikro,28500000,21.0,18
DSB0004257,APP0007137,PR0032309,2025-10-19,BR005,AO017,Kredit Konsumtif,Konsumtif,50000000,18.0,18
DSB0004258,APP0007138,PR0032321,2025-10-01,BR003,AO010,Kredit Konsumtif,Konsumtif,28000000,18.0,18
DSB0004259,APP0007141,PR0032325,2025-07-11,BR006,AO023,Kredit Konsumtif,Konsumtif,124000000,18.0,36
DSB0004260,APP0007142,PR0032334,2026-05-31,BR003,AO009,Kredit Produktif SME,SME,97500000,19.0,60
DSB0004261,APP0007143,PR0032344,2026-03-03,BR002,AO007,Kredit Konsumtif,Konsumtif,100000000,18.0,36
DSB0004262,APP0007145,PR0032358,2025-12-09,BR006,AO021,Kredit Konsumtif,Konsumtif,47000000,18.0,18
DSB0004263,APP0007149,PR0032374,2026-03-10,BR005,AO020,Kredit Payroll,Payroll,198500000,15.5,48
DSB0004264,APP0007150,PR0032389,2025-07-22,BR007,AO028,Kredit Payroll,Payroll,142500000,15.5,48
DSB0004265,APP0007151,PR0032391,2025-10-24,BR001,AO002,Kredit Konsumtif,Konsumtif,47500000,18.0,12
DSB0004266,APP0007152,PR0032395,2026-04-25,BR002,AO006,Kredit Konsumtif,Konsumtif,47000000,18.0,36
DSB0004267,APP0007154,PR0032404,2026-06-12,BR004,AO016,Kredit Konsumtif,Konsumtif,122000000,18.0,36
DSB0004268,APP0007156,PR0032410,2025-11-28,BR003,AO010,Kredit Produktif SME,SME,143000000,19.0,12
DSB0004269,APP0007158,PR0032418,2026-07-01,BR006,AO022,Kredit Mikro,Mikro,99000000,21.0,36
DSB0004270,APP0007159,PR0032420,2025-10-31,BR003,AO011,Kredit Mikro,Mikro,18500000,21.0,24
DSB0004271,APP0007160,PR0032421,2026-01-31,BR003,AO012,Kredit Payroll,Payroll,193000000,15.5,36
DSB0004272,APP0007162,PR0032426,2026-01-31,BR001,AO004,Kredit Mikro,Mikro,18500000,21.0,36
DSB0004273,APP0007163,PR0032431,2026-06-20,BR002,AO007,Kredit Konsumtif,Konsumtif,72000000,18.0,24
DSB0004274,APP0007165,PR0032447,2025-08-25,BR003,AO012,Kredit Produktif SME,SME,138000000,19.0,24
DSB0004275,APP0007166,PR0032455,2026-01-17,BR001,AO003,Kredit Payroll,Payroll,140000000,15.5,60
DSB0004276,APP0007167,PR0032458,2025-10-15,BR002,AO008,Kredit Mikro,Mikro,18500000,21.0,18
DSB0004277,APP0007168,PR0032466,2025-07-25,BR001,AO002,Kredit Payroll,Payroll,188500000,15.5,36
DSB0004278,APP0007172,PR0032490,2025-07-21,BR001,AO004,Kredit Payroll,Payroll,142000000,15.5,24
DSB0004279,APP0007173,PR0032494,2026-03-31,BR002,AO008,Kredit Payroll,Payroll,69500000,15.5,36
DSB0004280,APP0007176,PR0032499,2025-10-22,BR005,AO019,Kredit Produktif SME,SME,467000000,19.0,60
DSB0004281,APP0007177,PR0032500,2026-05-10,BR006,AO021,Kredit Payroll,Payroll,189000000,15.5,12
DSB0004282,APP0007178,PR0032501,2025-10-20,BR001,AO004,Kredit Mikro,Mikro,29000000,21.0,24
DSB0004283,APP0007180,PR0032506,2025-10-31,BR006,AO024,Kredit Konsumtif,Konsumtif,47500000,18.0,18
DSB0004284,APP0007183,PR0032521,2026-01-15,BR003,AO012,Kredit Konsumtif,Konsumtif,124000000,18.0,12
DSB0004285,APP0007184,PR0032523,2025-12-01,BR002,AO006,Kredit Payroll,Payroll,195500000,15.5,12
DSB0004286,APP0007189,PR0032545,2026-01-27,BR003,AO009,Kredit Payroll,Payroll,149000000,15.5,60
DSB0004287,APP0007193,PR0032569,2026-01-29,BR006,AO023,Kredit Produktif SME,SME,141500000,19.0,24
DSB0004288,APP0007194,PR0032571,2025-09-27,BR002,AO007,Kredit Produktif SME,SME,97500000,19.0,12
DSB0004289,APP0007195,PR0032573,2025-12-20,BR003,AO011,Kredit Konsumtif,Konsumtif,49500000,18.0,12
DSB0004290,APP0007196,PR0032589,2025-09-14,BR007,AO027,Kredit Konsumtif,Konsumtif,118000000,18.0,18
DSB0004291,APP0007198,PR0032602,2025-11-13,BR006,AO022,Kredit Konsumtif,Konsumtif,119500000,18.0,12
DSB0004292,APP0007199,PR0032606,2026-01-24,BR006,AO022,Kredit Produktif SME,SME,732500000,19.0,24
DSB0004293,APP0007201,PR0032611,2025-12-01,BR006,AO023,Kredit Payroll,Payroll,140500000,15.5,60
DSB0004294,APP0007202,PR0032614,2026-05-14,BR002,AO005,Kredit Mikro,Mikro,50000000,21.0,12
DSB0004295,APP0007203,PR0032619,2025-12-16,BR001,AO002,Kredit Mikro,Mikro,19500000,21.0,36
DSB0004296,APP0007204,PR0032622,2026-03-31,BR003,AO010,Kredit Produktif SME,SME,280500000,19.0,24
DSB0004297,APP0007205,PR0032623,2025-08-08,BR007,AO025,Kredit Mikro,Mikro,48000000,21.0,12
DSB0004298,APP0007206,PR0032624,2025-07-26,BR001,AO003,Kredit Mikro,Mikro,20000000,21.0,12
DSB0004299,APP0007208,PR0032641,2026-01-22,BR002,AO008,Kredit Mikro,Mikro,20000000,21.0,36
DSB0004300,APP0007209,PR0032644,2026-05-24,BR006,AO021,Kredit Mikro,Mikro,92000000,21.0,24
DSB0004301,APP0007212,PR0032660,2025-09-26,BR004,AO016,Kredit Payroll,Payroll,149500000,15.5,24
DSB0004302,APP0007213,PR0032662,2026-06-13,BR007,AO027,Kredit Produktif SME,SME,188000000,19.0,60
DSB0004303,APP0007214,PR0032668,2026-02-08,BR006,AO021,Kredit Payroll,Payroll,145500000,15.5,12
DSB0004304,APP0007215,PR0032672,2026-03-31,BR003,AO009,Kredit Konsumtif,Konsumtif,71000000,18.0,18
DSB0004305,APP0007216,PR0032682,2026-03-03,BR005,AO019,Kredit Payroll,Payroll,95500000,15.5,12
DSB0004306,APP0007218,PR0032706,2025-12-19,BR003,AO011,Kredit Konsumtif,Konsumtif,122500000,18.0,18
DSB0004307,APP0007219,PR0032707,2026-01-21,BR002,AO008,Kredit Mikro,Mikro,50000000,21.0,18
DSB0004308,APP0007220,PR0032724,2025-07-15,BR003,AO010,Kredit Konsumtif,Konsumtif,69000000,18.0,18
DSB0004309,APP0007221,PR0032725,2026-03-13,BR005,AO020,Kredit Produktif SME,SME,717000000,19.0,48
DSB0004310,APP0007223,PR0032729,2026-05-18,BR001,AO001,Kredit Produktif SME,SME,97000000,19.0,48
DSB0004311,APP0007224,PR0032733,2025-09-30,BR002,AO005,Kredit Payroll,Payroll,94000000,15.5,24
DSB0004312,APP0007225,PR0032734,2026-06-27,BR005,AO020,Kredit Payroll,Payroll,93000000,15.5,36
DSB0004313,APP0007226,PR0032738,2026-03-03,BR005,AO019,Kredit Mikro,Mikro,95000000,21.0,24
DSB0004314,APP0007227,PR0032744,2026-05-01,BR001,AO003,Kredit Mikro,Mikro,74500000,21.0,18
DSB0004315,APP0007228,PR0032751,2025-07-31,BR002,AO006,Kredit Konsumtif,Konsumtif,73500000,18.0,36
DSB0004316,APP0007229,PR0032775,2025-12-21,BR002,AO006,Kredit Produktif SME,SME,184500000,19.0,12
DSB0004317,APP0007230,PR0032777,2025-07-29,BR005,AO020,Kredit Mikro,Mikro,30000000,21.0,12
DSB0004318,APP0007231,PR0032784,2025-08-25,BR002,AO005,Kredit Payroll,Payroll,99500000,15.5,48
DSB0004319,APP0007232,PR0032785,2026-03-03,BR007,AO027,Kredit Konsumtif,Konsumtif,95500000,18.0,18
DSB0004320,APP0007233,PR0032787,2025-07-19,BR002,AO005,Kredit Payroll,Payroll,72500000,15.5,60
DSB0004321,APP0007236,PR0032811,2026-05-01,BR005,AO019,Kredit Mikro,Mikro,30000000,21.0,36
DSB0004322,APP0007237,PR0032814,2026-05-30,BR006,AO024,Kredit Konsumtif,Konsumtif,47500000,18.0,12
DSB0004323,APP0007239,PR0032824,2025-09-09,BR005,AO017,Kredit Konsumtif,Konsumtif,94500000,18.0,12
DSB0004324,APP0007240,PR0032825,2026-05-14,BR005,AO019,Kredit Konsumtif,Konsumtif,47500000,18.0,36
DSB0004325,APP0007241,PR0032828,2025-10-01,BR002,AO008,Kredit Mikro,Mikro,47500000,21.0,24
DSB0004326,APP0007242,PR0032829,2025-11-14,BR006,AO022,Kredit Payroll,Payroll,99000000,15.5,36
DSB0004327,APP0007243,PR0032831,2026-01-31,BR001,AO002,Kredit Mikro,Mikro,28500000,21.0,12
DSB0004328,APP0007245,PR0032837,2025-10-22,BR001,AO001,Kredit Produktif SME,SME,717500000,19.0,60
DSB0004329,APP0007247,PR0032843,2026-07-01,BR001,AO001,Kredit Payroll,Payroll,95500000,15.5,12
DSB0004330,APP0007248,PR0032859,2025-10-20,BR002,AO008,Kredit Payroll,Payroll,71000000,15.5,36
DSB0004331,APP0007249,PR0032860,2026-01-13,BR004,AO015,Kredit Mikro,Mikro,49000000,21.0,18
DSB0004332,APP0007250,PR0032868,2025-08-31,BR004,AO013,Kredit Mikro,Mikro,48000000,21.0,36
DSB0004333,APP0007252,PR0032875,2026-05-31,BR004,AO016,Kredit Produktif SME,SME,144000000,19.0,24
DSB0004334,APP0007253,PR0032876,2025-11-17,BR001,AO002,Kredit Payroll,Payroll,193500000,15.5,48
DSB0004335,APP0007254,PR0032878,2026-05-12,BR002,AO005,Kredit Konsumtif,Konsumtif,69500000,18.0,12
DSB0004336,APP0007255,PR0032879,2025-11-22,BR007,AO025,Kredit Konsumtif,Konsumtif,148000000,18.0,18
DSB0004337,APP0007256,PR0032880,2025-07-27,BR003,AO012,Kredit Payroll,Payroll,46500000,15.5,24
DSB0004338,APP0007257,PR0032887,2025-08-18,BR005,AO019,Kredit Payroll,Payroll,97000000,15.5,12
DSB0004339,APP0007259,PR0032911,2025-11-18,BR001,AO004,Kredit Konsumtif,Konsumtif,144000000,18.0,36
DSB0004340,APP0007260,PR0032915,2026-06-08,BR001,AO004,Kredit Produktif SME,SME,145500000,19.0,36
DSB0004341,APP0007263,PR0032930,2026-05-31,BR002,AO005,Kredit Payroll,Payroll,95500000,15.5,36
DSB0004342,APP0007264,PR0032936,2026-02-24,BR002,AO007,Kredit Payroll,Payroll,146500000,15.5,24
DSB0004343,APP0007265,PR0032941,2026-03-01,BR003,AO009,Kredit Konsumtif,Konsumtif,96000000,18.0,12
DSB0004344,APP0007267,PR0032951,2026-03-15,BR002,AO007,Kredit Konsumtif,Konsumtif,143000000,18.0,24
DSB0004345,APP0007268,PR0032956,2025-10-28,BR001,AO002,Kredit Konsumtif,Konsumtif,29000000,18.0,18
DSB0004346,APP0007270,PR0032962,2026-03-03,BR006,AO021,Kredit Mikro,Mikro,96500000,21.0,18
DSB0004347,APP0007271,PR0032971,2025-10-10,BR002,AO008,Kredit Payroll,Payroll,72500000,15.5,12
DSB0004348,APP0007272,PR0032977,2026-04-26,BR005,AO018,Kredit Payroll,Payroll,49500000,15.5,48
DSB0004349,APP0007275,PR0032984,2026-06-19,BR001,AO002,Kredit Payroll,Payroll,145500000,15.5,36
DSB0004350,APP0007277,PR0032997,2025-09-26,BR007,AO027,Kredit Produktif SME,SME,96500000,19.0,48
DSB0004351,APP0007279,PR0033011,2026-03-25,BR004,AO016,Kredit Produktif SME,SME,190500000,19.0,12
DSB0004352,APP0007282,PR0033025,2025-12-20,BR003,AO011,Kredit Payroll,Payroll,145500000,15.5,60
DSB0004353,APP0007283,PR0033032,2026-04-21,BR001,AO003,Kredit Konsumtif,Konsumtif,124500000,18.0,12
DSB0004354,APP0007284,PR0033052,2025-07-22,BR004,AO014,Kredit Payroll,Payroll,71000000,15.5,12
DSB0004355,APP0007287,PR0033075,2025-12-21,BR005,AO019,Kredit Payroll,Payroll,186500000,15.5,12
DSB0004356,APP0007289,PR0033080,2026-03-26,BR001,AO003,Kredit Mikro,Mikro,70000000,21.0,12
DSB0004357,APP0007290,PR0033083,2026-05-31,BR006,AO022,Kredit Konsumtif,Konsumtif,46500000,18.0,24
DSB0004358,APP0007292,PR0033087,2025-12-31,BR003,AO012,Kredit Payroll,Payroll,72000000,15.5,48
DSB0004359,APP0007293,PR0033088,2026-01-31,BR003,AO012,Kredit Konsumtif,Konsumtif,147000000,18.0,18
DSB0004360,APP0007294,PR0033093,2025-10-31,BR001,AO001,Kredit Mikro,Mikro,19000000,21.0,12
DSB0004361,APP0007295,PR0033094,2026-04-13,BR005,AO018,Kredit Konsumtif,Konsumtif,99500000,18.0,24
DSB0004362,APP0007297,PR0033104,2025-11-14,BR003,AO011,Kredit Payroll,Payroll,48000000,15.5,12
DSB0004363,APP0007300,PR0033111,2025-08-20,BR003,AO012,Kredit Konsumtif,Konsumtif,73500000,18.0,18
DSB0004364,APP0007301,PR0033126,2026-02-06,BR002,AO006,Kredit Payroll,Payroll,74000000,15.5,48
DSB0004365,APP0007302,PR0033133,2026-05-31,BR004,AO015,Kredit Konsumtif,Konsumtif,96500000,18.0,18
DSB0004366,APP0007303,PR0033135,2026-07-01,BR006,AO024,Kredit Payroll,Payroll,47000000,15.5,48
DSB0004367,APP0007304,PR0033139,2026-06-29,BR001,AO001,Kredit Payroll,Payroll,71000000,15.5,24
DSB0004368,APP0007305,PR0033140,2026-03-12,BR006,AO023,Kredit Produktif SME,SME,286500000,19.0,36
DSB0004369,APP0007307,PR0033142,2026-07-01,BR005,AO017,Kredit Konsumtif,Konsumtif,48000000,18.0,18
DSB0004370,APP0007308,PR0033149,2025-08-31,BR005,AO017,Kredit Konsumtif,Konsumtif,122500000,18.0,36
DSB0004371,APP0007309,PR0033152,2026-03-31,BR003,AO010,Kredit Payroll,Payroll,186000000,15.5,24
DSB0004372,APP0007312,PR0033162,2026-03-21,BR006,AO021,Kredit Produktif SME,SME,94500000,19.0,24
DSB0004373,APP0007314,PR0033166,2026-03-11,BR006,AO021,Kredit Produktif SME,SME,954500000,19.0,36
DSB0004374,APP0007316,PR0033172,2026-04-30,BR004,AO016,Kredit Konsumtif,Konsumtif,116500000,18.0,12
DSB0004375,APP0007317,PR0033174,2026-03-11,BR007,AO025,Kredit Produktif SME,SME,185500000,19.0,48
DSB0004376,APP0007319,PR0033193,2026-01-31,BR003,AO010,Kredit Payroll,Payroll,71500000,15.5,36
DSB0004377,APP0007320,PR0033200,2025-09-16,BR003,AO011,Kredit Payroll,Payroll,47500000,15.5,48
DSB0004378,APP0007321,PR0033203,2026-02-26,BR005,AO019,Kredit Payroll,Payroll,143000000,15.5,12
DSB0004379,APP0007323,PR0033218,2026-07-01,BR007,AO026,Kredit Produktif SME,SME,190000000,19.0,60
DSB0004380,APP0007325,PR0033225,2026-01-24,BR001,AO003,Kredit Produktif SME,SME,297500000,19.0,60
DSB0004381,APP0007326,PR0033231,2026-02-18,BR001,AO002,Kredit Produktif SME,SME,479000000,19.0,60
DSB0004382,APP0007327,PR0033251,2025-07-25,BR001,AO004,Kredit Payroll,Payroll,98000000,15.5,60
DSB0004383,APP0007328,PR0033260,2025-09-14,BR001,AO002,Kredit Produktif SME,SME,138500000,19.0,12
DSB0004384,APP0007329,PR0033265,2025-09-28,BR001,AO003,Kredit Konsumtif,Konsumtif,119500000,18.0,12
DSB0004385,APP0007331,PR0033281,2025-09-25,BR005,AO018,Kredit Payroll,Payroll,48500000,15.5,24
DSB0004386,APP0007332,PR0033286,2025-12-16,BR005,AO019,Kredit Payroll,Payroll,70000000,15.5,48
DSB0004387,APP0007334,PR0033304,2026-03-31,BR001,AO001,Kredit Produktif SME,SME,184500000,19.0,60
DSB0004388,APP0007335,PR0033314,2025-08-31,BR005,AO020,Kredit Mikro,Mikro,97000000,21.0,36
DSB0004389,APP0007336,PR0033316,2025-11-14,BR001,AO003,Kredit Mikro,Mikro,48000000,21.0,18
DSB0004390,APP0007337,PR0033321,2025-10-08,BR007,AO027,Kredit Konsumtif,Konsumtif,144500000,18.0,12
DSB0004391,APP0007340,PR0033328,2026-01-18,BR001,AO002,Kredit Produktif SME,SME,730500000,19.0,48
DSB0004392,APP0007342,PR0033348,2026-01-14,BR001,AO003,Kredit Konsumtif,Konsumtif,46500000,18.0,18
DSB0004393,APP0007343,PR0033350,2025-10-29,BR001,AO003,Kredit Konsumtif,Konsumtif,138500000,18.0,24
DSB0004394,APP0007345,PR0033380,2025-10-17,BR002,AO008,Kredit Payroll,Payroll,193500000,15.5,48
DSB0004395,APP0007346,PR0033394,2025-10-01,BR001,AO001,Kredit Konsumtif,Konsumtif,74500000,18.0,36
DSB0004396,APP0007348,PR0033402,2026-06-28,BR002,AO007,Kredit Mikro,Mikro,47500000,21.0,18
DSB0004397,APP0007349,PR0033412,2025-07-09,BR003,AO011,Kredit Konsumtif,Konsumtif,124500000,18.0,12
DSB0004398,APP0007350,PR0033420,2025-11-29,BR004,AO014,Kredit Payroll,Payroll,46500000,15.5,60
DSB0004399,APP0007352,PR0033425,2025-11-12,BR004,AO014,Kredit Produktif SME,SME,700000000,19.0,60
DSB0004400,APP0007353,PR0033427,2026-06-22,BR002,AO005,Kredit Payroll,Payroll,147500000,15.5,24
DSB0004401,APP0007357,PR0033447,2026-03-31,BR002,AO005,Kredit Produktif SME,SME,278500000,19.0,60
DSB0004402,APP0007360,PR0033465,2026-03-19,BR007,AO028,Kredit Payroll,Payroll,74000000,15.5,24
DSB0004403,APP0007361,PR0033468,2025-07-28,BR004,AO014,Kredit Produktif SME,SME,493000000,19.0,48
DSB0004404,APP0007362,PR0033476,2026-06-30,BR003,AO010,Kredit Payroll,Payroll,96500000,15.5,60
DSB0004405,APP0007364,PR0033484,2026-04-18,BR003,AO012,Kredit Mikro,Mikro,97500000,21.0,12
DSB0004406,APP0007365,PR0033492,2025-10-11,BR003,AO011,Kredit Payroll,Payroll,50000000,15.5,36
DSB0004407,APP0007366,PR0033493,2025-10-01,BR006,AO022,Kredit Payroll,Payroll,69500000,15.5,48
DSB0004408,APP0007370,PR0033506,2025-12-01,BR002,AO007,Kredit Payroll,Payroll,48000000,15.5,12
DSB0004409,APP0007376,PR0033560,2025-12-31,BR005,AO020,Kredit Mikro,Mikro,94500000,21.0,24
DSB0004410,APP0007377,PR0033561,2025-12-16,BR006,AO024,Kredit Mikro,Mikro,72500000,21.0,36
DSB0004411,APP0007379,PR0033567,2026-01-24,BR006,AO022,Kredit Konsumtif,Konsumtif,118500000,18.0,18
DSB0004412,APP0007380,PR0033571,2025-07-14,BR007,AO026,Kredit Mikro,Mikro,92500000,21.0,36
DSB0004413,APP0007381,PR0033573,2026-04-14,BR005,AO017,Kredit Konsumtif,Konsumtif,117500000,18.0,18
DSB0004414,APP0007387,PR0033598,2025-08-27,BR001,AO001,Kredit Mikro,Mikro,46500000,21.0,36
DSB0004415,APP0007388,PR0033605,2026-02-25,BR006,AO022,Kredit Konsumtif,Konsumtif,144500000,18.0,36
DSB0004416,APP0007389,PR0033607,2025-12-20,BR004,AO016,Kredit Payroll,Payroll,138500000,15.5,24
DSB0004417,APP0007391,PR0033633,2026-01-25,BR007,AO028,Kredit Payroll,Payroll,140500000,15.5,48
DSB0004418,APP0007394,PR0033651,2025-08-28,BR002,AO007,Kredit Payroll,Payroll,74000000,15.5,12
DSB0004419,APP0007396,PR0033662,2026-02-18,BR006,AO021,Kredit Konsumtif,Konsumtif,95000000,18.0,36
DSB0004420,APP0007397,PR0033663,2026-06-27,BR001,AO004,Kredit Produktif SME,SME,951000000,19.0,24
DSB0004421,APP0007398,PR0033666,2025-10-25,BR006,AO024,Kredit Produktif SME,SME,300000000,19.0,60
DSB0004422,APP0007399,PR0033674,2026-03-01,BR007,AO027,Kredit Konsumtif,Konsumtif,140000000,18.0,36
DSB0004423,APP0007400,PR0033675,2026-06-18,BR001,AO001,Kredit Mikro,Mikro,99000000,21.0,12
DSB0004424,APP0007402,PR0033682,2025-10-22,BR001,AO003,Kredit Payroll,Payroll,94500000,15.5,12
DSB0004425,APP0007403,PR0033685,2025-08-31,BR003,AO010,Kredit Produktif SME,SME,140500000,19.0,12
DSB0004426,APP0007405,PR0033691,2026-05-31,BR005,AO020,Kredit Payroll,Payroll,186500000,15.5,12
DSB0004427,APP0007406,PR0033692,2025-08-29,BR007,AO028,Kredit Payroll,Payroll,147000000,15.5,24
DSB0004428,APP0007407,PR0033694,2026-06-25,BR006,AO023,Kredit Konsumtif,Konsumtif,119000000,18.0,36
DSB0004429,APP0007408,PR0033696,2026-06-27,BR006,AO021,Kredit Mikro,Mikro,19500000,21.0,18
DSB0004430,APP0007409,PR0033701,2025-12-10,BR005,AO018,Kredit Payroll,Payroll,148000000,15.5,24
DSB0004431,APP0007410,PR0033705,2026-03-03,BR004,AO015,Kredit Konsumtif,Konsumtif,97000000,18.0,24
DSB0004432,APP0007411,PR0033706,2025-10-01,BR005,AO019,Kredit Payroll,Payroll,72500000,15.5,36
DSB0004433,APP0007412,PR0033709,2025-10-18,BR005,AO020,Kredit Payroll,Payroll,195000000,15.5,48
DSB0004434,APP0007413,PR0033714,2026-01-22,BR003,AO012,Kredit Mikro,Mikro,27500000,21.0,36
DSB0004435,APP0007414,PR0033715,2025-12-31,BR002,AO008,Kredit Konsumtif,Konsumtif,92500000,18.0,18
DSB0004436,APP0007415,PR0033732,2025-08-13,BR003,AO011,Kredit Payroll,Payroll,198500000,15.5,24
DSB0004437,APP0007417,PR0033740,2025-10-12,BR003,AO011,Kredit Konsumtif,Konsumtif,120000000,18.0,18
DSB0004438,APP0007419,PR0033760,2026-01-27,BR004,AO014,Kredit Mikro,Mikro,49500000,21.0,18
DSB0004439,APP0007422,PR0033771,2025-11-15,BR003,AO009,Kredit Payroll,Payroll,72000000,15.5,48
DSB0004440,APP0007424,PR0033780,2025-12-01,BR006,AO021,Kredit Mikro,Mikro,94500000,21.0,18
DSB0004441,APP0007427,PR0033796,2025-12-09,BR005,AO018,Kredit Konsumtif,Konsumtif,117000000,18.0,12
DSB0004442,APP0007428,PR0033802,2025-12-31,BR005,AO018,Kredit Mikro,Mikro,19000000,21.0,36
DSB0004443,APP0007429,PR0033803,2025-10-13,BR006,AO024,Kredit Payroll,Payroll,194000000,15.5,48
DSB0004444,APP0007431,PR0033817,2026-02-25,BR002,AO008,Kredit Konsumtif,Konsumtif,93000000,18.0,12
DSB0004445,APP0007435,PR0033840,2025-07-31,BR007,AO027,Kredit Konsumtif,Konsumtif,120000000,18.0,24
DSB0004446,APP0007436,PR0033858,2026-02-19,BR001,AO001,Kredit Payroll,Payroll,74500000,15.5,60
DSB0004447,APP0007438,PR0033865,2025-12-18,BR002,AO008,Kredit Produktif SME,SME,284500000,19.0,12
DSB0004448,APP0007439,PR0033880,2026-06-12,BR005,AO019,Kredit Konsumtif,Konsumtif,142500000,18.0,36
DSB0004449,APP0007440,PR0033883,2025-07-29,BR005,AO019,Kredit Payroll,Payroll,189500000,15.5,60
DSB0004450,APP0007441,PR0033890,2025-11-25,BR001,AO004,Kredit Produktif SME,SME,297500000,19.0,48
DSB0004451,APP0007444,PR0033901,2026-05-01,BR006,AO021,Kredit Mikro,Mikro,28000000,21.0,24
DSB0004452,APP0007446,PR0033904,2025-10-11,BR003,AO011,Kredit Mikro,Mikro,93500000,21.0,12
DSB0004453,APP0007450,PR0033920,2026-02-23,BR006,AO023,Kredit Produktif SME,SME,706500000,19.0,60
DSB0004454,APP0007451,PR0033922,2026-06-08,BR007,AO025,Kredit Mikro,Mikro,50000000,21.0,18
DSB0004455,APP0007452,PR0033924,2025-12-01,BR003,AO010,Kredit Payroll,Payroll,198000000,15.5,48
DSB0004456,APP0007454,PR0033941,2026-01-31,BR005,AO019,Kredit Konsumtif,Konsumtif,71000000,18.0,24
DSB0004457,APP0007455,PR0033947,2026-02-21,BR004,AO014,Kredit Produktif SME,SME,141000000,19.0,60
DSB0004458,APP0007457,PR0033952,2025-08-10,BR002,AO008,Kredit Mikro,Mikro,72500000,21.0,36
DSB0004459,APP0007460,PR0033966,2026-07-01,BR005,AO018,Kredit Konsumtif,Konsumtif,27500000,18.0,24
DSB0004460,APP0007462,PR0033979,2026-04-17,BR007,AO028,Kredit Produktif SME,SME,300000000,19.0,60
DSB0004461,APP0007463,PR0033986,2025-10-31,BR001,AO004,Kredit Konsumtif,Konsumtif,100000000,18.0,18
DSB0004462,APP0007464,PR0033988,2026-02-22,BR006,AO024,Kredit Mikro,Mikro,18500000,21.0,12
DSB0004463,APP0007466,PR0033999,2025-09-17,BR006,AO021,Kredit Konsumtif,Konsumtif,50000000,18.0,36
DSB0004464,APP0007468,PR0034013,2025-07-31,BR005,AO019,Kredit Konsumtif,Konsumtif,144500000,18.0,12
DSB0004465,APP0007469,PR0034015,2025-12-31,BR006,AO023,Kredit Payroll,Payroll,48000000,15.5,24
DSB0004466,APP0007470,PR0034020,2026-03-18,BR006,AO022,Kredit Produktif SME,SME,138500000,19.0,60
DSB0004467,APP0007473,PR0034026,2026-06-13,BR001,AO002,Kredit Mikro,Mikro,30000000,21.0,18
DSB0004468,APP0007477,PR0034036,2025-08-08,BR002,AO005,Kredit Mikro,Mikro,74000000,21.0,18
DSB0004469,APP0007481,PR0034058,2026-03-27,BR002,AO007,Kredit Konsumtif,Konsumtif,97500000,18.0,24
DSB0004470,APP0007485,PR0034078,2025-07-15,BR001,AO001,Kredit Mikro,Mikro,70000000,21.0,36
DSB0004471,APP0007487,PR0034087,2026-05-31,BR001,AO002,Kredit Konsumtif,Konsumtif,75000000,18.0,12
DSB0004472,APP0007488,PR0034089,2025-10-18,BR002,AO005,Kredit Mikro,Mikro,19000000,21.0,36
DSB0004473,APP0007490,PR0034102,2026-01-31,BR005,AO018,Kredit Payroll,Payroll,47500000,15.5,48
DSB0004474,APP0007491,PR0034109,2025-12-01,BR006,AO021,Kredit Payroll,Payroll,139000000,15.5,36
DSB0004475,APP0007492,PR0034110,2026-03-31,BR004,AO015,Kredit Produktif SME,SME,196000000,19.0,12
DSB0004476,APP0007493,PR0034113,2025-10-01,BR002,AO008,Kredit Konsumtif,Konsumtif,92500000,18.0,24
DSB0004477,APP0007494,PR0034122,2025-08-20,BR003,AO011,Kredit Payroll,Payroll,70000000,15.5,60
DSB0004478,APP0007495,PR0034124,2026-03-21,BR006,AO024,Kredit Mikro,Mikro,28000000,21.0,24
DSB0004479,APP0007496,PR0034125,2025-11-16,BR007,AO028,Kredit Konsumtif,Konsumtif,49500000,18.0,12
DSB0004480,APP0007497,PR0034129,2026-01-23,BR002,AO007,Kredit Payroll,Payroll,49000000,15.5,36
DSB0004481,APP0007498,PR0034137,2026-07-01,BR007,AO027,Kredit Payroll,Payroll,98500000,15.5,36
DSB0004482,APP0007499,PR0034139,2026-01-30,BR006,AO024,Kredit Produktif SME,SME,93000000,19.0,12
DSB0004483,APP0007500,PR0034142,2025-10-01,BR004,AO014,Kredit Produktif SME,SME,994000000,19.0,48
DSB0004484,APP0007501,PR0034151,2025-08-27,BR001,AO002,Kredit Payroll,Payroll,47000000,15.5,12
DSB0004485,APP0007504,PR0034161,2025-11-29,BR005,AO019,Kredit Payroll,Payroll,46000000,15.5,48
DSB0004486,APP0007506,PR0034164,2026-06-30,BR001,AO004,Kredit Konsumtif,Konsumtif,122000000,18.0,12
DSB0004487,APP0007507,PR0034165,2025-09-27,BR002,AO007,Kredit Konsumtif,Konsumtif,69500000,18.0,12
DSB0004488,APP0007508,PR0034168,2025-12-01,BR002,AO008,Kredit Konsumtif,Konsumtif,49500000,18.0,18
DSB0004489,APP0007509,PR0034175,2025-08-20,BR006,AO023,Kredit Payroll,Payroll,49000000,15.5,60
DSB0004490,APP0007510,PR0034176,2026-02-26,BR001,AO004,Kredit Produktif SME,SME,294000000,19.0,24
DSB0004491,APP0007511,PR0034180,2025-12-19,BR003,AO011,Kredit Payroll,Payroll,148000000,15.5,60
DSB0004492,APP0007513,PR0034184,2026-05-31,BR006,AO022,Kredit Payroll,Payroll,69500000,15.5,36
DSB0004493,APP0007514,PR0034188,2026-06-18,BR001,AO002,Kredit Payroll,Payroll,71000000,15.5,36
DSB0004494,APP0007515,PR0034191,2025-08-26,BR002,AO005,Kredit Mikro,Mikro,47000000,21.0,12
DSB0004495,APP0007519,PR0034199,2026-04-21,BR006,AO021,Kredit Produktif SME,SME,951500000,19.0,36
DSB0004496,APP0007520,PR0034206,2026-03-03,BR001,AO003,Kredit Konsumtif,Konsumtif,27500000,18.0,12
DSB0004497,APP0007521,PR0034210,2025-10-31,BR007,AO028,Kredit Mikro,Mikro,19000000,21.0,18
DSB0004498,APP0007524,PR0034221,2026-01-26,BR004,AO015,Kredit Konsumtif,Konsumtif,69500000,18.0,36
DSB0004499,APP0007525,PR0034222,2026-02-15,BR003,AO010,Kredit Mikro,Mikro,98500000,21.0,18
DSB0004500,APP0007526,PR0034230,2025-07-28,BR001,AO003,Kredit Payroll,Payroll,99000000,15.5,48
DSB0004501,APP0007527,PR0034232,2026-05-01,BR004,AO013,Kredit Mikro,Mikro,18500000,21.0,12
DSB0004502,APP0007528,PR0034236,2025-10-01,BR001,AO001,Kredit Payroll,Payroll,98000000,15.5,12
DSB0004503,APP0007529,PR0034242,2025-11-22,BR006,AO024,Kredit Konsumtif,Konsumtif,48500000,18.0,24
DSB0004504,APP0007530,PR0034247,2026-04-30,BR001,AO001,Kredit Payroll,Payroll,145500000,15.5,12
DSB0004505,APP0007532,PR0034261,2026-06-11,BR001,AO001,Kredit Mikro,Mikro,48000000,21.0,24
DSB0004506,APP0007535,PR0034290,2025-09-05,BR005,AO019,Kredit Mikro,Mikro,74000000,21.0,24
DSB0004507,APP0007536,PR0034303,2025-12-12,BR002,AO006,Kredit Konsumtif,Konsumtif,140000000,18.0,12
DSB0004508,APP0007538,PR0034309,2025-10-19,BR003,AO011,Kredit Payroll,Payroll,72000000,15.5,60
DSB0004509,APP0007539,PR0034313,2026-02-28,BR005,AO017,Kredit Mikro,Mikro,18500000,21.0,12
DSB0004510,APP0007540,PR0034324,2026-01-31,BR007,AO028,Kredit Payroll,Payroll,197000000,15.5,48
DSB0004511,APP0007545,PR0034339,2026-03-31,BR004,AO015,Kredit Konsumtif,Konsumtif,116500000,18.0,36
DSB0004512,APP0007546,PR0034343,2025-12-01,BR006,AO021,Kredit Konsumtif,Konsumtif,29500000,18.0,24
DSB0004513,APP0007547,PR0034344,2026-01-31,BR001,AO003,Kredit Payroll,Payroll,97500000,15.5,24
DSB0004514,APP0007548,PR0034345,2026-05-22,BR005,AO019,Kredit Mikro,Mikro,28000000,21.0,36
DSB0004515,APP0007550,PR0034354,2025-10-01,BR003,AO009,Kredit Mikro,Mikro,92000000,21.0,18
DSB0004516,APP0007551,PR0034357,2026-03-31,BR004,AO016,Kredit Produktif SME,SME,298000000,19.0,12
DSB0004517,APP0007552,PR0034362,2026-05-01,BR003,AO010,Kredit Konsumtif,Konsumtif,142000000,18.0,18
DSB0004518,APP0007553,PR0034366,2025-08-16,BR001,AO003,Kredit Konsumtif,Konsumtif,49000000,18.0,12
DSB0004519,APP0007557,PR0034385,2025-08-17,BR003,AO011,Kredit Mikro,Mikro,99500000,21.0,12
DSB0004520,APP0007558,PR0034386,2026-03-31,BR003,AO009,Kredit Payroll,Payroll,48500000,15.5,36
DSB0004521,APP0007559,PR0034388,2025-11-27,BR005,AO020,Kredit Mikro,Mikro,28000000,21.0,18
DSB0004522,APP0007560,PR0034394,2026-01-23,BR002,AO008,Kredit Konsumtif,Konsumtif,47000000,18.0,18
DSB0004523,APP0007562,PR0034401,2026-04-22,BR003,AO009,Kredit Payroll,Payroll,146500000,15.5,48
DSB0004524,APP0007564,PR0034403,2025-10-31,BR007,AO027,Kredit Produktif SME,SME,295500000,19.0,60
DSB0004525,APP0007565,PR0034405,2025-08-19,BR001,AO001,Kredit Konsumtif,Konsumtif,28500000,18.0,12
DSB0004526,APP0007566,PR0034406,2025-08-31,BR001,AO003,Kredit Produktif SME,SME,750000000,19.0,12
DSB0004527,APP0007568,PR0034414,2025-10-14,BR001,AO004,Kredit Konsumtif,Konsumtif,30000000,18.0,18
DSB0004528,APP0007570,PR0034417,2026-06-09,BR005,AO019,Kredit Konsumtif,Konsumtif,49500000,18.0,36
DSB0004529,APP0007571,PR0034418,2025-10-25,BR006,AO022,Kredit Konsumtif,Konsumtif,92500000,18.0,24
DSB0004530,APP0007572,PR0034420,2026-03-03,BR006,AO021,Kredit Mikro,Mikro,47000000,21.0,24
DSB0004531,APP0007575,PR0034436,2025-08-29,BR001,AO004,Kredit Payroll,Payroll,139500000,15.5,60
DSB0004532,APP0007577,PR0034447,2026-01-11,BR004,AO013,Kredit Mikro,Mikro,19500000,21.0,18
DSB0004533,APP0007578,PR0034448,2025-09-13,BR003,AO010,Kredit Produktif SME,SME,474000000,19.0,12
DSB0004534,APP0007581,PR0034458,2025-12-16,BR005,AO020,Kredit Konsumtif,Konsumtif,47000000,18.0,24
DSB0004535,APP0007582,PR0034467,2026-03-31,BR005,AO017,Kredit Mikro,Mikro,70500000,21.0,24
DSB0004536,APP0007585,PR0034476,2026-02-13,BR001,AO001,Kredit Mikro,Mikro,93000000,21.0,18
DSB0004537,APP0007587,PR0034482,2025-12-01,BR003,AO012,Kredit Produktif SME,SME,142500000,19.0,24
DSB0004538,APP0007588,PR0034485,2025-11-15,BR001,AO004,Kredit Konsumtif,Konsumtif,49500000,18.0,12
DSB0004539,APP0007590,PR0034490,2025-11-30,BR001,AO001,Kredit Payroll,Payroll,73500000,15.5,36
DSB0004540,APP0007592,PR0034493,2026-05-01,BR003,AO010,Kredit Konsumtif,Konsumtif,120000000,18.0,36
DSB0004541,APP0007593,PR0034502,2025-07-19,BR002,AO008,Kredit Konsumtif,Konsumtif,119500000,18.0,18
DSB0004542,APP0007594,PR0034504,2025-07-28,BR002,AO006,Kredit Produktif SME,SME,144500000,19.0,24
DSB0004543,APP0007604,PR0034580,2025-09-10,BR005,AO017,Kredit Konsumtif,Konsumtif,142500000,18.0,12
DSB0004544,APP0007605,PR0034583,2025-12-21,BR005,AO020,Kredit Produktif SME,SME,192000000,19.0,60
DSB0004545,APP0007606,PR0034587,2025-12-23,BR002,AO008,Kredit Konsumtif,Konsumtif,72000000,18.0,12
DSB0004546,APP0007607,PR0034589,2026-05-28,BR006,AO024,Kredit Konsumtif,Konsumtif,47000000,18.0,12
DSB0004547,APP0007608,PR0034591,2026-01-23,BR002,AO007,Kredit Payroll,Payroll,194500000,15.5,36
DSB0004548,APP0007609,PR0034595,2025-10-01,BR005,AO020,Kredit Mikro,Mikro,48500000,21.0,24
DSB0004549,APP0007610,PR0034596,2025-11-22,BR001,AO003,Kredit Konsumtif,Konsumtif,28500000,18.0,12
DSB0004550,APP0007611,PR0034599,2025-11-19,BR002,AO008,Kredit Produktif SME,SME,99000000,19.0,12
DSB0004551,APP0007612,PR0034602,2026-06-16,BR007,AO028,Kredit Produktif SME,SME,936000000,19.0,48
DSB0004552,APP0007614,PR0034607,2025-08-23,BR002,AO007,Kredit Konsumtif,Konsumtif,121000000,18.0,12
DSB0004553,APP0007616,PR0034613,2025-12-15,BR001,AO004,Kredit Produktif SME,SME,724500000,19.0,12
DSB0004554,APP0007617,PR0034619,2025-10-20,BR006,AO024,Kredit Konsumtif,Konsumtif,117500000,18.0,18
DSB0004555,APP0007621,PR0034636,2025-10-01,BR005,AO019,Kredit Konsumtif,Konsumtif,146000000,18.0,18
DSB0004556,APP0007624,PR0034646,2025-10-31,BR007,AO027,Kredit Konsumtif,Konsumtif,94500000,18.0,24
DSB0004557,APP0007626,PR0034658,2026-01-14,BR003,AO009,Kredit Produktif SME,SME,140500000,19.0,12
DSB0004558,APP0007627,PR0034663,2026-03-31,BR004,AO015,Kredit Produktif SME,SME,700500000,19.0,12
DSB0004559,APP0007628,PR0034683,2025-10-31,BR001,AO004,Kredit Produktif SME,SME,146500000,19.0,24
DSB0004560,APP0007629,PR0034688,2026-02-14,BR006,AO022,Kredit Konsumtif,Konsumtif,92000000,18.0,18
DSB0004561,APP0007633,PR0034716,2025-12-10,BR004,AO014,Kredit Payroll,Payroll,46500000,15.5,36
DSB0004562,APP0007635,PR0034730,2025-10-31,BR005,AO019,Kredit Mikro,Mikro,46500000,21.0,24
DSB0004563,APP0007641,PR0034770,2026-04-20,BR002,AO007,Kredit Payroll,Payroll,69500000,15.5,60
DSB0004564,APP0007642,PR0034772,2025-10-31,BR001,AO001,Kredit Mikro,Mikro,29500000,21.0,36
DSB0004565,APP0007643,PR0034773,2026-01-24,BR002,AO008,Kredit Produktif SME,SME,477500000,19.0,48
DSB0004566,APP0007644,PR0034776,2026-01-31,BR002,AO007,Kredit Produktif SME,SME,487500000,19.0,24
DSB0004567,APP0007645,PR0034778,2026-02-25,BR007,AO025,Kredit Produktif SME,SME,190500000,19.0,12
DSB0004568,APP0007646,PR0034794,2026-01-31,BR001,AO004,Kredit Konsumtif,Konsumtif,99000000,18.0,12
DSB0004569,APP0007649,PR0034800,2026-03-15,BR003,AO012,Kredit Konsumtif,Konsumtif,74000000,18.0,12
DSB0004570,APP0007650,PR0034801,2026-02-26,BR005,AO020,Kredit Konsumtif,Konsumtif,139500000,18.0,24
DSB0004571,APP0007651,PR0034807,2026-04-20,BR003,AO012,Kredit Mikro,Mikro,28000000,21.0,18
DSB0004572,APP0007653,PR0034828,2025-12-01,BR006,AO021,Kredit Mikro,Mikro,29500000,21.0,18
DSB0004573,APP0007654,PR0034831,2026-02-21,BR003,AO012,Kredit Konsumtif,Konsumtif,74000000,18.0,24
DSB0004574,APP0007656,PR0034847,2026-05-14,BR007,AO026,Kredit Payroll,Payroll,96500000,15.5,60
DSB0004575,APP0007658,PR0034864,2025-08-31,BR005,AO017,Kredit Konsumtif,Konsumtif,139500000,18.0,24
DSB0004576,APP0007660,PR0034871,2025-10-20,BR001,AO001,Kredit Payroll,Payroll,94500000,15.5,24
DSB0004577,APP0007661,PR0034874,2026-01-16,BR006,AO023,Kredit Produktif SME,SME,276000000,19.0,48
DSB0004578,APP0007663,PR0034896,2025-11-25,BR002,AO006,Kredit Konsumtif,Konsumtif,47000000,18.0,12
DSB0004579,APP0007664,PR0034901,2026-01-13,BR002,AO008,Kredit Konsumtif,Konsumtif,97500000,18.0,18
DSB0004580,APP0007665,PR0034907,2025-11-19,BR001,AO003,Kredit Mikro,Mikro,28500000,21.0,12
DSB0004581,APP0007668,PR0034923,2026-05-21,BR004,AO016,Kredit Mikro,Mikro,49000000,21.0,18
DSB0004582,APP0007672,PR0034956,2025-09-19,BR006,AO024,Kredit Konsumtif,Konsumtif,73000000,18.0,24
DSB0004583,APP0007673,PR0034957,2025-08-31,BR003,AO010,Kredit Konsumtif,Konsumtif,118500000,18.0,12
DSB0004584,APP0007674,PR0034960,2025-08-08,BR003,AO010,Kredit Payroll,Payroll,97000000,15.5,36
DSB0004585,APP0007675,PR0034963,2025-07-31,BR001,AO003,Kredit Mikro,Mikro,29500000,21.0,12
DSB0004586,APP0007676,PR0034968,2026-05-01,BR006,AO021,Kredit Konsumtif,Konsumtif,121500000,18.0,12
DSB0004587,APP0007677,PR0034969,2026-03-18,BR001,AO001,Kredit Payroll,Payroll,141500000,15.5,24
DSB0004588,APP0007678,PR0034971,2025-08-12,BR001,AO002,Kredit Produktif SME,SME,988500000,19.0,24
DSB0004589,APP0007679,PR0034975,2026-03-22,BR001,AO001,Kredit Produktif SME,SME,978000000,19.0,24
DSB0004590,APP0007680,PR0034980,2026-03-20,BR002,AO005,Kredit Mikro,Mikro,71500000,21.0,12
DSB0004591,APP0007682,PR0034997,2025-12-31,BR007,AO026,Kredit Produktif SME,SME,749000000,19.0,36
DSB0004592,APP0007686,PR0035012,2026-03-03,BR006,AO022,Kredit Konsumtif,Konsumtif,94000000,18.0,24
DSB0004593,APP0007687,PR0035013,2025-12-31,BR006,AO023,Kredit Payroll,Payroll,73500000,15.5,60
DSB0004594,APP0007688,PR0035033,2025-08-27,BR005,AO017,Kredit Konsumtif,Konsumtif,46000000,18.0,18
DSB0004595,APP0007689,PR0035038,2025-07-22,BR006,AO024,Kredit Mikro,Mikro,71000000,21.0,12
DSB0004596,APP0007690,PR0035041,2026-05-22,BR002,AO008,Kredit Payroll,Payroll,149000000,15.5,60
DSB0004597,APP0007691,PR0035043,2025-12-31,BR002,AO008,Kredit Mikro,Mikro,49500000,21.0,24
DSB0004598,APP0007692,PR0035045,2025-09-19,BR006,AO021,Kredit Mikro,Mikro,98500000,21.0,12
DSB0004599,APP0007696,PR0035065,2026-06-14,BR005,AO018,Kredit Mikro,Mikro,71500000,21.0,24
DSB0004600,APP0007697,PR0035082,2026-02-24,BR002,AO006,Kredit Produktif SME,SME,489500000,19.0,24
DSB0004601,APP0007699,PR0035107,2025-12-01,BR004,AO016,Kredit Mikro,Mikro,69000000,21.0,24
DSB0004602,APP0007701,PR0035125,2026-03-27,BR002,AO008,Kredit Mikro,Mikro,94000000,21.0,36
DSB0004603,APP0007702,PR0035127,2025-12-26,BR006,AO021,Kredit Payroll,Payroll,144000000,15.5,60
DSB0004604,APP0007705,PR0035137,2026-02-22,BR001,AO003,Kredit Payroll,Payroll,194500000,15.5,60
DSB0004605,APP0007706,PR0035138,2025-07-31,BR005,AO017,Kredit Produktif SME,SME,278000000,19.0,60
DSB0004606,APP0007707,PR0035139,2026-01-18,BR006,AO023,Kredit Konsumtif,Konsumtif,69500000,18.0,12
DSB0004607,APP0007712,PR0035173,2026-01-08,BR001,AO003,Kredit Payroll,Payroll,92500000,15.5,12
DSB0004608,APP0007713,PR0035182,2026-04-24,BR001,AO002,Kredit Mikro,Mikro,48500000,21.0,12
DSB0004609,APP0007714,PR0035188,2026-01-31,BR001,AO002,Kredit Payroll,Payroll,74000000,15.5,48
DSB0004610,APP0007715,PR0035191,2025-11-14,BR002,AO007,Kredit Produktif SME,SME,278000000,19.0,12
DSB0004611,APP0007716,PR0035194,2025-11-15,BR001,AO004,Kredit Mikro,Mikro,29000000,21.0,36
DSB0004612,APP0007721,PR0035244,2026-03-11,BR007,AO027,Kredit Payroll,Payroll,99000000,15.5,12
DSB0004613,APP0007722,PR0035245,2025-10-27,BR001,AO003,Kredit Payroll,Payroll,99500000,15.5,24
DSB0004614,APP0007723,PR0035246,2025-11-10,BR007,AO027,Kredit Konsumtif,Konsumtif,28500000,18.0,36
DSB0004615,APP0007724,PR0035248,2025-11-24,BR007,AO025,Kredit Produktif SME,SME,99000000,19.0,12
DSB0004616,APP0007725,PR0035252,2025-12-24,BR007,AO028,Kredit Payroll,Payroll,70500000,15.5,48
DSB0004617,APP0007729,PR0035274,2025-08-30,BR004,AO013,Kredit Payroll,Payroll,93500000,15.5,12
DSB0004618,APP0007730,PR0035276,2026-01-24,BR006,AO023,Kredit Mikro,Mikro,20000000,21.0,24
DSB0004619,APP0007732,PR0035294,2025-12-28,BR003,AO010,Kredit Mikro,Mikro,48500000,21.0,12
DSB0004620,APP0007733,PR0035295,2025-09-26,BR003,AO009,Kredit Mikro,Mikro,47000000,21.0,24
DSB0004621,APP0007734,PR0035298,2025-08-31,BR003,AO009,Kredit Payroll,Payroll,193000000,15.5,24
DSB0004622,APP0007735,PR0035305,2026-05-13,BR006,AO023,Kredit Mikro,Mikro,19000000,21.0,18
DSB0004623,APP0007738,PR0035322,2026-03-21,BR006,AO024,Kredit Konsumtif,Konsumtif,140500000,18.0,36
DSB0004624,APP0007742,PR0035332,2025-11-26,BR003,AO009,Kredit Mikro,Mikro,29000000,21.0,36
DSB0004625,APP0007743,PR0035346,2025-11-29,BR002,AO006,Kredit Mikro,Mikro,28000000,21.0,18
DSB0004626,APP0007744,PR0035347,2025-08-17,BR001,AO002,Kredit Konsumtif,Konsumtif,92500000,18.0,24
DSB0004627,APP0007745,PR0035357,2026-03-18,BR002,AO008,Kredit Konsumtif,Konsumtif,139000000,18.0,36
DSB0004628,APP0007746,PR0035366,2025-11-29,BR002,AO007,Kredit Payroll,Payroll,198000000,15.5,36
DSB0004629,APP0007747,PR0035372,2026-03-03,BR007,AO028,Kredit Payroll,Payroll,192000000,15.5,48
DSB0004630,APP0007752,PR0035399,2026-01-17,BR007,AO026,Kredit Produktif SME,SME,148500000,19.0,12
DSB0004631,APP0007753,PR0035401,2025-12-25,BR005,AO019,Kredit Payroll,Payroll,98000000,15.5,12
DSB0004632,APP0007755,PR0035409,2025-12-17,BR003,AO010,Kredit Payroll,Payroll,50000000,15.5,24
DSB0004633,APP0007756,PR0035410,2026-06-20,BR006,AO022,Kredit Mikro,Mikro,28000000,21.0,18
DSB0004634,APP0007757,PR0035430,2025-08-18,BR006,AO024,Kredit Payroll,Payroll,97000000,15.5,60
DSB0004635,APP0007758,PR0035434,2026-04-17,BR006,AO022,Kredit Konsumtif,Konsumtif,48000000,18.0,12
DSB0004636,APP0007759,PR0035438,2025-12-15,BR006,AO022,Kredit Konsumtif,Konsumtif,118500000,18.0,24
DSB0004637,APP0007760,PR0035440,2025-11-17,BR006,AO022,Kredit Mikro,Mikro,29000000,21.0,18
DSB0004638,APP0007763,PR0035448,2026-05-31,BR001,AO004,Kredit Mikro,Mikro,95000000,21.0,12
DSB0004639,APP0007764,PR0035452,2025-11-12,BR002,AO007,Kredit Konsumtif,Konsumtif,149000000,18.0,12
DSB0004640,APP0007767,PR0035482,2026-04-30,BR007,AO028,Kredit Payroll,Payroll,92500000,15.5,48
DSB0004641,APP0007769,PR0035494,2025-07-21,BR001,AO003,Kredit Payroll,Payroll,192500000,15.5,60
DSB0004642,APP0007772,PR0035522,2025-08-26,BR002,AO008,Kredit Konsumtif,Konsumtif,73500000,18.0,24
DSB0004643,APP0007775,PR0035528,2026-05-01,BR006,AO023,Kredit Konsumtif,Konsumtif,121000000,18.0,18
DSB0004644,APP0007776,PR0035530,2026-05-01,BR001,AO001,Kredit Konsumtif,Konsumtif,98500000,18.0,24
DSB0004645,APP0007778,PR0035540,2026-01-25,BR007,AO026,Kredit Konsumtif,Konsumtif,72000000,18.0,36
DSB0004646,APP0007779,PR0035542,2025-10-21,BR003,AO012,Kredit Payroll,Payroll,195000000,15.5,36
DSB0004647,APP0007780,PR0035548,2026-05-31,BR005,AO018,Kredit Payroll,Payroll,95000000,15.5,12
DSB0004648,APP0007784,PR0035560,2026-03-23,BR002,AO008,Kredit Konsumtif,Konsumtif,117500000,18.0,36
DSB0004649,APP0007787,PR0035574,2025-09-26,BR005,AO018,Kredit Payroll,Payroll,191500000,15.5,12
DSB0004650,APP0007788,PR0035575,2025-10-22,BR006,AO023,Kredit Payroll,Payroll,73000000,15.5,24
DSB0004651,APP0007789,PR0035579,2026-05-31,BR001,AO001,Kredit Mikro,Mikro,19500000,21.0,12
DSB0004652,APP0007792,PR0035590,2026-04-30,BR006,AO023,Kredit Konsumtif,Konsumtif,29500000,18.0,12
DSB0004653,APP0007794,PR0035608,2026-05-30,BR007,AO028,Kredit Konsumtif,Konsumtif,115500000,18.0,18
DSB0004654,APP0007795,PR0035619,2026-05-31,BR001,AO004,Kredit Payroll,Payroll,143500000,15.5,48
DSB0004655,APP0007796,PR0035627,2025-11-18,BR007,AO025,Kredit Produktif SME,SME,146000000,19.0,12
DSB0004656,APP0007798,PR0035636,2025-08-19,BR001,AO001,Kredit Payroll,Payroll,70500000,15.5,48
DSB0004657,APP0007799,PR0035637,2026-01-19,BR002,AO006,Kredit Konsumtif,Konsumtif,73000000,18.0,36
DSB0004658,APP0007800,PR0035639,2026-05-23,BR007,AO026,Kredit Mikro,Mikro,72000000,21.0,12
DSB0004659,APP0007801,PR0035643,2025-07-31,BR007,AO025,Kredit Payroll,Payroll,188500000,15.5,12
DSB0004660,APP0007802,PR0035645,2026-04-14,BR007,AO026,Kredit Payroll,Payroll,46500000,15.5,24
DSB0004661,APP0007805,PR0035657,2026-01-16,BR005,AO017,Kredit Payroll,Payroll,48500000,15.5,48
DSB0004662,APP0007806,PR0035662,2025-10-31,BR007,AO028,Kredit Mikro,Mikro,18500000,21.0,12
DSB0004663,APP0007807,PR0035671,2026-01-31,BR007,AO025,Kredit Konsumtif,Konsumtif,29000000,18.0,18
DSB0004664,APP0007808,PR0035675,2026-07-01,BR006,AO021,Kredit Konsumtif,Konsumtif,28500000,18.0,18
DSB0004665,APP0007809,PR0035679,2025-12-31,BR005,AO017,Kredit Konsumtif,Konsumtif,29000000,18.0,36
DSB0004666,APP0007811,PR0035690,2026-06-26,BR005,AO018,Kredit Produktif SME,SME,95500000,19.0,24
DSB0004667,APP0007812,PR0035695,2025-12-31,BR003,AO011,Kredit Konsumtif,Konsumtif,139500000,18.0,18
DSB0004668,APP0007814,PR0035708,2025-08-15,BR001,AO004,Kredit Payroll,Payroll,149000000,15.5,60
DSB0004669,APP0007816,PR0035710,2026-03-03,BR006,AO021,Kredit Payroll,Payroll,69500000,15.5,60
DSB0004670,APP0007818,PR0035713,2026-02-17,BR006,AO021,Kredit Payroll,Payroll,141500000,15.5,36
DSB0004671,APP0007819,PR0035725,2025-09-30,BR004,AO013,Kredit Mikro,Mikro,19000000,21.0,12
DSB0004672,APP0007820,PR0035728,2025-12-31,BR002,AO007,Kredit Payroll,Payroll,73000000,15.5,24
DSB0004673,APP0007821,PR0035732,2025-10-21,BR004,AO015,Kredit Konsumtif,Konsumtif,120500000,18.0,12
DSB0004674,APP0007822,PR0035734,2025-09-26,BR004,AO013,Kredit Mikro,Mikro,96500000,21.0,12
DSB0004675,APP0007823,PR0035737,2026-05-25,BR007,AO028,Kredit Konsumtif,Konsumtif,27500000,18.0,36
DSB0004676,APP0007825,PR0035747,2026-02-28,BR001,AO003,Kredit Payroll,Payroll,49000000,15.5,24
DSB0004677,APP0007826,PR0035762,2026-04-16,BR005,AO019,Kredit Payroll,Payroll,46500000,15.5,60
DSB0004678,APP0007827,PR0035779,2026-02-26,BR007,AO026,Kredit Konsumtif,Konsumtif,46500000,18.0,36
DSB0004679,APP0007829,PR0035790,2025-09-19,BR004,AO013,Kredit Konsumtif,Konsumtif,118000000,18.0,24
DSB0004680,APP0007830,PR0035792,2025-07-30,BR001,AO003,Kredit Payroll,Payroll,48500000,15.5,48
DSB0004681,APP0007831,PR0035793,2026-05-31,BR002,AO007,Kredit Produktif SME,SME,276500000,19.0,12
DSB0004682,APP0007832,PR0035794,2025-07-16,BR001,AO004,Kredit Mikro,Mikro,71500000,21.0,18
DSB0004683,APP0007833,PR0035797,2025-08-19,BR003,AO012,Kredit Produktif SME,SME,964500000,19.0,12
DSB0004684,APP0007837,PR0035809,2026-01-10,BR004,AO014,Kredit Konsumtif,Konsumtif,28500000,18.0,18
DSB0004685,APP0007838,PR0035820,2026-01-31,BR003,AO012,Kredit Produktif SME,SME,484000000,19.0,12
DSB0004686,APP0007839,PR0035824,2026-05-22,BR002,AO007,Kredit Mikro,Mikro,47500000,21.0,24
DSB0004687,APP0007840,PR0035828,2025-12-01,BR004,AO013,Kredit Konsumtif,Konsumtif,115000000,18.0,12
DSB0004688,APP0007841,PR0035830,2026-03-22,BR003,AO010,Kredit Konsumtif,Konsumtif,99500000,18.0,24
DSB0004689,APP0007843,PR0035839,2025-12-18,BR002,AO008,Kredit Payroll,Payroll,97000000,15.5,36
DSB0004690,APP0007844,PR0035842,2025-10-01,BR001,AO003,Kredit Payroll,Payroll,184500000,15.5,36
DSB0004691,APP0007847,PR0035851,2026-07-01,BR001,AO004,Kredit Konsumtif,Konsumtif,28000000,18.0,36
DSB0004692,APP0007849,PR0035858,2025-08-31,BR001,AO003,Kredit Payroll,Payroll,197000000,15.5,48
DSB0004693,APP0007851,PR0035861,2025-12-10,BR001,AO004,Kredit Payroll,Payroll,75000000,15.5,36
DSB0004694,APP0007852,PR0035875,2026-01-09,BR001,AO001,Kredit Mikro,Mikro,18500000,21.0,12
DSB0004695,APP0007854,PR0035879,2025-09-30,BR006,AO022,Kredit Produktif SME,SME,984500000,19.0,36
DSB0004696,APP0007855,PR0035880,2026-03-31,BR005,AO017,Kredit Konsumtif,Konsumtif,29500000,18.0,18
DSB0004697,APP0007856,PR0035900,2025-10-25,BR005,AO019,Kredit Produktif SME,SME,959000000,19.0,24
DSB0004698,APP0007858,PR0035905,2026-02-17,BR003,AO010,Kredit Produktif SME,SME,193500000,19.0,60
DSB0004699,APP0007859,PR0035916,2026-01-23,BR007,AO028,Kredit Payroll,Payroll,194000000,15.5,60
DSB0004700,APP0007861,PR0035920,2025-10-01,BR006,AO022,Kredit Konsumtif,Konsumtif,29500000,18.0,12
DSB0004701,APP0007863,PR0035926,2025-11-29,BR001,AO003,Kredit Konsumtif,Konsumtif,142500000,18.0,24
DSB0004702,APP0007864,PR0035927,2025-10-26,BR003,AO009,Kredit Payroll,Payroll,72500000,15.5,36
DSB0004703,APP0007865,PR0035931,2026-06-19,BR002,AO006,Kredit Konsumtif,Konsumtif,115500000,18.0,18
DSB0004704,APP0007866,PR0035932,2026-06-18,BR001,AO003,Kredit Konsumtif,Konsumtif,72500000,18.0,24
DSB0004705,APP0007867,PR0035933,2026-01-12,BR001,AO003,Kredit Mikro,Mikro,98000000,21.0,36
DSB0004706,APP0007869,PR0035948,2025-10-01,BR001,AO004,Kredit Konsumtif,Konsumtif,100000000,18.0,18
DSB0004707,APP0007870,PR0035959,2025-10-14,BR001,AO003,Kredit Payroll,Payroll,97000000,15.5,48
DSB0004708,APP0007872,PR0035969,2026-04-14,BR007,AO027,Kredit Payroll,Payroll,47000000,15.5,60
DSB0004709,APP0007875,PR0035978,2025-12-12,BR005,AO020,Kredit Payroll,Payroll,197500000,15.5,60
DSB0004710,APP0007876,PR0035982,2026-04-22,BR006,AO022,Kredit Konsumtif,Konsumtif,124000000,18.0,12
DSB0004711,APP0007878,PR0035988,2026-06-23,BR007,AO028,Kredit Konsumtif,Konsumtif,49000000,18.0,12
DSB0004712,APP0007879,PR0035989,2026-03-16,BR004,AO013,Kredit Payroll,Payroll,196500000,15.5,48
DSB0004713,APP0007880,PR0035995,2026-05-27,BR003,AO011,Kredit Konsumtif,Konsumtif,48000000,18.0,24
DSB0004714,APP0007881,PR0036018,2025-09-25,BR002,AO008,Kredit Konsumtif,Konsumtif,49000000,18.0,24
DSB0004715,APP0007882,PR0036024,2025-08-31,BR003,AO009,Kredit Mikro,Mikro,19500000,21.0,18
DSB0004716,APP0007883,PR0036025,2026-01-21,BR005,AO018,Kredit Konsumtif,Konsumtif,94000000,18.0,36
DSB0004717,APP0007884,PR0036026,2026-06-19,BR005,AO019,Kredit Payroll,Payroll,184500000,15.5,60
DSB0004718,APP0007885,PR0036029,2026-01-31,BR004,AO016,Kredit Konsumtif,Konsumtif,28000000,18.0,12
DSB0004719,APP0007889,PR0036039,2026-05-11,BR003,AO010,Kredit Konsumtif,Konsumtif,122000000,18.0,12
DSB0004720,APP0007890,PR0036046,2025-12-01,BR007,AO028,Kredit Payroll,Payroll,100000000,15.5,24
DSB0004721,APP0007891,PR0036056,2026-02-11,BR005,AO018,Kredit Konsumtif,Konsumtif,28500000,18.0,24
DSB0004722,APP0007892,PR0036060,2026-02-24,BR007,AO027,Kredit Konsumtif,Konsumtif,47500000,18.0,12
DSB0004723,APP0007894,PR0036063,2026-02-17,BR006,AO023,Kredit Konsumtif,Konsumtif,124000000,18.0,18
DSB0004724,APP0007897,PR0036083,2025-10-01,BR001,AO003,Kredit Payroll,Payroll,73500000,15.5,24
DSB0004725,APP0007898,PR0036084,2025-07-11,BR007,AO028,Kredit Mikro,Mikro,48000000,21.0,12
DSB0004726,APP0007899,PR0036093,2025-10-01,BR003,AO010,Kredit Payroll,Payroll,49500000,15.5,12
DSB0004727,APP0007900,PR0036106,2026-06-19,BR004,AO014,Kredit Produktif SME,SME,139000000,19.0,12
DSB0004728,APP0007902,PR0036135,2026-02-16,BR001,AO003,Kredit Payroll,Payroll,138000000,15.5,60
DSB0004729,APP0007903,PR0036136,2026-03-31,BR004,AO014,Kredit Mikro,Mikro,94500000,21.0,24
DSB0004730,APP0007904,PR0036152,2026-06-30,BR003,AO011,Kredit Konsumtif,Konsumtif,149500000,18.0,18
DSB0004731,APP0007912,PR0036198,2025-12-01,BR005,AO017,Kredit Mikro,Mikro,70500000,21.0,12
DSB0004732,APP0007913,PR0036201,2025-07-24,BR006,AO021,Kredit Konsumtif,Konsumtif,116000000,18.0,18
DSB0004733,APP0007919,PR0036222,2026-03-21,BR006,AO022,Kredit Payroll,Payroll,97500000,15.5,12
DSB0004734,APP0007920,PR0036223,2025-07-20,BR005,AO020,Kredit Konsumtif,Konsumtif,143500000,18.0,24
DSB0004735,APP0007923,PR0036227,2025-07-10,BR005,AO018,Kredit Produktif SME,SME,289500000,19.0,60
DSB0004736,APP0007924,PR0036228,2026-03-24,BR006,AO024,Kredit Konsumtif,Konsumtif,74000000,18.0,12
DSB0004737,APP0007926,PR0036232,2026-06-08,BR004,AO013,Kredit Payroll,Payroll,140500000,15.5,36
DSB0004738,APP0007929,PR0036247,2026-02-28,BR001,AO004,Kredit Konsumtif,Konsumtif,72000000,18.0,18
DSB0004739,APP0007931,PR0036260,2026-06-27,BR007,AO028,Kredit Payroll,Payroll,186000000,15.5,60
DSB0004740,APP0007935,PR0036272,2025-10-01,BR007,AO027,Kredit Payroll,Payroll,143500000,15.5,12
DSB0004741,APP0007936,PR0036274,2026-03-20,BR001,AO004,Kredit Produktif SME,SME,980000000,19.0,48
DSB0004742,APP0007937,PR0036279,2025-07-28,BR006,AO023,Kredit Konsumtif,Konsumtif,29500000,18.0,18
DSB0004743,APP0007938,PR0036280,2025-12-01,BR003,AO012,Kredit Payroll,Payroll,194500000,15.5,24
DSB0004744,APP0007940,PR0036289,2026-05-01,BR004,AO016,Kredit Mikro,Mikro,97000000,21.0,24
DSB0004745,APP0007941,PR0036296,2026-04-19,BR006,AO023,Kredit Payroll,Payroll,72000000,15.5,60
DSB0004746,APP0007942,PR0036299,2026-02-27,BR002,AO007,Kredit Payroll,Payroll,147000000,15.5,24
DSB0004747,APP0007944,PR0036308,2025-09-12,BR002,AO006,Kredit Payroll,Payroll,192500000,15.5,48
DSB0004748,APP0007945,PR0036311,2026-06-10,BR006,AO022,Kredit Payroll,Payroll,144500000,15.5,12
DSB0004749,APP0007948,PR0036314,2025-09-15,BR006,AO022,Kredit Payroll,Payroll,148000000,15.5,60
DSB0004750,APP0007950,PR0036317,2025-10-31,BR003,AO010,Kredit Mikro,Mikro,19000000,21.0,36
DSB0004751,APP0007951,PR0036318,2026-05-13,BR007,AO025,Kredit Payroll,Payroll,92500000,15.5,12
DSB0004752,APP0007952,PR0036325,2026-05-31,BR001,AO004,Kredit Konsumtif,Konsumtif,28500000,18.0,24
DSB0004753,APP0007955,PR0036343,2025-10-01,BR003,AO010,Kredit Produktif SME,SME,146000000,19.0,36
DSB0004754,APP0007956,PR0036345,2026-06-29,BR001,AO003,Kredit Payroll,Payroll,141000000,15.5,48
DSB0004755,APP0007957,PR0036354,2025-10-08,BR001,AO002,Kredit Payroll,Payroll,46500000,15.5,24
DSB0004756,APP0007960,PR0036360,2025-12-13,BR007,AO028,Kredit Payroll,Payroll,94500000,15.5,60
DSB0004757,APP0007961,PR0036368,2026-06-13,BR005,AO018,Kredit Payroll,Payroll,198000000,15.5,12
DSB0004758,APP0007962,PR0036371,2026-05-20,BR002,AO006,Kredit Mikro,Mikro,28500000,21.0,36
DSB0004759,APP0007963,PR0036377,2026-04-22,BR002,AO007,Kredit Produktif SME,SME,732000000,19.0,24
DSB0004760,APP0007965,PR0036388,2025-07-28,BR005,AO018,Kredit Konsumtif,Konsumtif,96500000,18.0,12
DSB0004761,APP0007967,PR0036413,2026-05-27,BR004,AO014,Kredit Payroll,Payroll,187500000,15.5,24
DSB0004762,APP0007969,PR0036419,2025-11-25,BR001,AO003,Kredit Payroll,Payroll,69500000,15.5,48
DSB0004763,APP0007970,PR0036424,2026-04-12,BR002,AO007,Kredit Konsumtif,Konsumtif,118000000,18.0,24
DSB0004764,APP0007973,PR0036435,2026-02-18,BR002,AO007,Kredit Produktif SME,SME,196000000,19.0,36
DSB0004765,APP0007974,PR0036438,2025-11-19,BR005,AO020,Kredit Mikro,Mikro,47500000,21.0,36
DSB0004766,APP0007975,PR0036441,2025-09-28,BR003,AO012,Kredit Konsumtif,Konsumtif,146000000,18.0,24
DSB0004767,APP0007981,PR0036468,2025-12-16,BR005,AO020,Kredit Konsumtif,Konsumtif,46500000,18.0,36
DSB0004768,APP0007982,PR0036471,2025-12-31,BR005,AO018,Kredit Konsumtif,Konsumtif,70000000,18.0,12
DSB0004769,APP0007983,PR0036472,2025-07-22,BR005,AO017,Kredit Konsumtif,Konsumtif,148000000,18.0,12
DSB0004770,APP0007985,PR0036478,2026-05-19,BR001,AO003,Kredit Mikro,Mikro,96000000,21.0,36
DSB0004771,APP0007986,PR0036482,2025-08-31,BR007,AO025,Kredit Konsumtif,Konsumtif,98000000,18.0,36
DSB0004772,APP0007988,PR0036485,2026-05-01,BR007,AO028,Kredit Payroll,Payroll,93500000,15.5,60
DSB0004773,APP0007989,PR0036505,2026-02-26,BR001,AO004,Kredit Payroll,Payroll,186500000,15.5,12
DSB0004774,APP0007990,PR0036511,2026-05-31,BR003,AO012,Kredit Mikro,Mikro,18500000,21.0,36
DSB0004775,APP0007991,PR0036512,2025-07-31,BR002,AO008,Kredit Payroll,Payroll,50000000,15.5,36
DSB0004776,APP0007992,PR0036513,2025-09-16,BR006,AO023,Kredit Konsumtif,Konsumtif,72500000,18.0,12
DSB0004777,APP0007999,PR0036580,2025-10-17,BR001,AO002,Kredit Mikro,Mikro,97500000,21.0,18
DSB0004778,APP0008000,PR0036584,2026-05-01,BR005,AO019,Kredit Payroll,Payroll,73000000,15.5,36
DSB0004779,APP0008001,PR0036585,2026-03-26,BR006,AO021,Kredit Payroll,Payroll,71000000,15.5,60
DSB0004780,APP0008004,PR0036597,2026-03-03,BR002,AO005,Kredit Mikro,Mikro,48500000,21.0,18
DSB0004781,APP0008006,PR0036599,2025-10-31,BR005,AO019,Kredit Payroll,Payroll,74500000,15.5,12
DSB0004782,APP0008009,PR0036613,2025-12-23,BR001,AO004,Kredit Payroll,Payroll,148000000,15.5,24
DSB0004783,APP0008010,PR0036617,2026-01-31,BR001,AO004,Kredit Konsumtif,Konsumtif,28000000,18.0,12
DSB0004784,APP0008011,PR0036618,2026-05-12,BR006,AO021,Kredit Payroll,Payroll,97000000,15.5,24
DSB0004785,APP0008012,PR0036627,2026-03-13,BR002,AO006,Kredit Mikro,Mikro,46500000,21.0,24
DSB0004786,APP0008015,PR0036649,2025-08-31,BR001,AO003,Kredit Payroll,Payroll,199500000,15.5,12
DSB0004787,APP0008017,PR0036654,2026-04-15,BR003,AO009,Kredit Mikro,Mikro,95000000,21.0,12
DSB0004788,APP0008018,PR0036655,2025-10-01,BR002,AO008,Kredit Payroll,Payroll,140000000,15.5,60
DSB0004789,APP0008019,PR0036657,2025-08-31,BR006,AO021,Kredit Mikro,Mikro,94000000,21.0,12
DSB0004790,APP0008020,PR0036659,2025-10-11,BR006,AO023,Kredit Mikro,Mikro,47500000,21.0,36
DSB0004791,APP0008025,PR0036679,2025-12-01,BR006,AO021,Kredit Konsumtif,Konsumtif,92500000,18.0,18
DSB0004792,APP0008026,PR0036683,2025-07-17,BR002,AO008,Kredit Payroll,Payroll,71500000,15.5,36
DSB0004793,APP0008027,PR0036687,2025-10-31,BR001,AO003,Kredit Payroll,Payroll,71500000,15.5,12
DSB0004794,APP0008028,PR0036690,2026-01-31,BR006,AO024,Kredit Payroll,Payroll,98500000,15.5,24
DSB0004795,APP0008029,PR0036705,2025-11-15,BR005,AO020,Kredit Konsumtif,Konsumtif,27500000,18.0,24
DSB0004796,APP0008031,PR0036715,2025-08-16,BR007,AO027,Kredit Produktif SME,SME,188000000,19.0,48
DSB0004797,APP0008033,PR0036725,2026-02-12,BR006,AO021,Kredit Payroll,Payroll,98500000,15.5,24
DSB0004798,APP0008035,PR0036727,2026-06-15,BR007,AO027,Kredit Payroll,Payroll,49500000,15.5,36
DSB0004799,APP0008036,PR0036729,2026-05-31,BR003,AO011,Kredit Konsumtif,Konsumtif,29000000,18.0,36
DSB0004800,APP0008037,PR0036735,2026-04-15,BR004,AO016,Kredit Mikro,Mikro,99000000,21.0,36
DSB0004801,APP0008038,PR0036739,2025-07-16,BR004,AO016,Kredit Konsumtif,Konsumtif,150000000,18.0,12
DSB0004802,APP0008039,PR0036742,2025-11-18,BR005,AO020,Kredit Konsumtif,Konsumtif,118000000,18.0,36
DSB0004803,APP0008040,PR0036744,2025-11-19,BR003,AO012,Kredit Payroll,Payroll,147000000,15.5,60
DSB0004804,APP0008041,PR0036750,2025-12-31,BR001,AO004,Kredit Konsumtif,Konsumtif,74500000,18.0,18
DSB0004805,APP0008043,PR0036753,2025-10-25,BR007,AO025,Kredit Konsumtif,Konsumtif,29500000,18.0,12
DSB0004806,APP0008045,PR0036758,2026-01-20,BR002,AO008,Kredit Mikro,Mikro,28000000,21.0,12
DSB0004807,APP0008046,PR0036759,2026-05-23,BR002,AO005,Kredit Konsumtif,Konsumtif,28000000,18.0,12
DSB0004808,APP0008048,PR0036776,2025-09-17,BR002,AO007,Kredit Konsumtif,Konsumtif,48500000,18.0,18
DSB0004809,APP0008049,PR0036778,2025-07-17,BR006,AO021,Kredit Mikro,Mikro,28500000,21.0,18
DSB0004810,APP0008050,PR0036790,2026-06-18,BR005,AO017,Kredit Mikro,Mikro,18500000,21.0,12
DSB0004811,APP0008051,PR0036791,2026-03-03,BR004,AO014,Kredit Konsumtif,Konsumtif,47000000,18.0,24
DSB0004812,APP0008052,PR0036801,2026-05-01,BR005,AO018,Kredit Konsumtif,Konsumtif,138500000,18.0,12
DSB0004813,APP0008053,PR0036803,2026-06-16,BR003,AO011,Kredit Payroll,Payroll,190500000,15.5,60
DSB0004814,APP0008054,PR0036807,2026-02-14,BR003,AO011,Kredit Payroll,Payroll,74500000,15.5,60
DSB0004815,APP0008056,PR0036812,2025-11-13,BR001,AO004,Kredit Konsumtif,Konsumtif,29000000,18.0,18
DSB0004816,APP0008058,PR0036821,2025-10-31,BR006,AO021,Kredit Konsumtif,Konsumtif,150000000,18.0,18
DSB0004817,APP0008060,PR0036829,2026-02-27,BR001,AO004,Kredit Payroll,Payroll,147500000,15.5,48
DSB0004818,APP0008061,PR0036832,2025-09-23,BR006,AO024,Kredit Payroll,Payroll,192500000,15.5,12
DSB0004819,APP0008063,PR0036845,2026-01-13,BR002,AO007,Kredit Payroll,Payroll,147500000,15.5,48
DSB0004820,APP0008065,PR0036851,2026-03-03,BR002,AO006,Kredit Konsumtif,Konsumtif,93000000,18.0,12
DSB0004821,APP0008066,PR0036852,2026-02-21,BR001,AO002,Kredit Payroll,Payroll,97500000,15.5,36
DSB0004822,APP0008067,PR0036853,2026-01-12,BR002,AO006,Kredit Konsumtif,Konsumtif,48500000,18.0,18
DSB0004823,APP0008068,PR0036855,2026-05-12,BR002,AO006,Kredit Produktif SME,SME,148000000,19.0,36
DSB0004824,APP0008070,PR0036862,2026-06-15,BR007,AO028,Kredit Mikro,Mikro,28500000,21.0,18
DSB0004825,APP0008071,PR0036877,2025-07-12,BR007,AO026,Kredit Payroll,Payroll,73500000,15.5,48
DSB0004826,APP0008072,PR0036879,2025-07-31,BR001,AO003,Kredit Konsumtif,Konsumtif,148500000,18.0,18
DSB0004827,APP0008073,PR0036884,2025-07-18,BR004,AO014,Kredit Payroll,Payroll,73000000,15.5,60
DSB0004828,APP0008074,PR0036889,2025-09-10,BR001,AO004,Kredit Produktif SME,SME,295000000,19.0,60
DSB0004829,APP0008075,PR0036891,2026-02-21,BR001,AO003,Kredit Payroll,Payroll,139500000,15.5,24
DSB0004830,APP0008077,PR0036908,2025-07-13,BR003,AO012,Kredit Konsumtif,Konsumtif,96500000,18.0,24
DSB0004831,APP0008079,PR0036922,2025-09-26,BR004,AO014,Kredit Mikro,Mikro,18500000,21.0,36
DSB0004832,APP0008081,PR0036933,2026-03-28,BR004,AO016,Kredit Mikro,Mikro,29500000,21.0,24
DSB0004833,APP0008086,PR0036952,2026-07-01,BR007,AO026,Kredit Produktif SME,SME,94000000,19.0,24
DSB0004834,APP0008089,PR0036957,2026-05-31,BR007,AO025,Kredit Payroll,Payroll,47500000,15.5,36
DSB0004835,APP0008090,PR0036959,2025-11-17,BR004,AO015,Kredit Mikro,Mikro,19000000,21.0,12
DSB0004836,APP0008091,PR0036968,2026-04-13,BR004,AO016,Kredit Payroll,Payroll,74500000,15.5,36
DSB0004837,APP0008092,PR0036974,2026-03-27,BR007,AO026,Kredit Mikro,Mikro,47500000,21.0,36
DSB0004838,APP0008093,PR0036989,2025-09-22,BR007,AO027,Kredit Produktif SME,SME,297000000,19.0,60
DSB0004839,APP0008094,PR0036993,2026-04-11,BR007,AO026,Kredit Konsumtif,Konsumtif,47500000,18.0,12
DSB0004840,APP0008095,PR0037004,2026-05-31,BR005,AO020,Kredit Payroll,Payroll,99500000,15.5,60
DSB0004841,APP0008097,PR0037006,2025-12-01,BR001,AO004,Kredit Payroll,Payroll,97000000,15.5,24
DSB0004842,APP0008098,PR0037020,2025-12-29,BR005,AO019,Kredit Payroll,Payroll,49000000,15.5,48
DSB0004843,APP0008100,PR0037027,2026-07-01,BR002,AO008,Kredit Produktif SME,SME,286500000,19.0,12
DSB0004844,APP0008101,PR0037029,2025-08-15,BR007,AO026,Kredit Konsumtif,Konsumtif,71000000,18.0,18
DSB0004845,APP0008102,PR0037031,2026-05-10,BR003,AO010,Kredit Mikro,Mikro,19500000,21.0,36
DSB0004846,APP0008104,PR0037035,2025-10-01,BR003,AO010,Kredit Produktif SME,SME,292500000,19.0,24
DSB0004847,APP0008106,PR0037043,2025-09-28,BR005,AO018,Kredit Konsumtif,Konsumtif,47500000,18.0,12
DSB0004848,APP0008109,PR0037066,2025-11-25,BR004,AO014,Kredit Konsumtif,Konsumtif,100000000,18.0,12
DSB0004849,APP0008110,PR0037074,2026-03-20,BR007,AO028,Kredit Konsumtif,Konsumtif,141500000,18.0,24
DSB0004850,APP0008111,PR0037078,2025-08-15,BR005,AO020,Kredit Konsumtif,Konsumtif,29500000,18.0,24
DSB0004851,APP0008112,PR0037081,2026-03-25,BR004,AO013,Kredit Mikro,Mikro,46500000,21.0,18
DSB0004852,APP0008114,PR0037091,2026-02-12,BR006,AO021,Kredit Payroll,Payroll,198500000,15.5,36
DSB0004853,APP0008115,PR0037096,2025-10-23,BR001,AO004,Kredit Produktif SME,SME,193500000,19.0,12
DSB0004854,APP0008116,PR0037102,2026-02-08,BR005,AO020,Kredit Mikro,Mikro,48500000,21.0,12
DSB0004855,APP0008117,PR0037106,2026-05-21,BR001,AO002,Kredit Mikro,Mikro,28500000,21.0,18
DSB0004856,APP0008118,PR0037111,2026-02-28,BR001,AO002,Kredit Produktif SME,SME,288500000,19.0,24
DSB0004857,APP0008119,PR0037114,2025-07-10,BR003,AO010,Kredit Konsumtif,Konsumtif,74500000,18.0,24
DSB0004858,APP0008120,PR0037117,2025-10-30,BR005,AO018,Kredit Mikro,Mikro,20000000,21.0,36
DSB0004859,APP0008121,PR0037119,2026-04-26,BR006,AO021,Kredit Konsumtif,Konsumtif,124000000,18.0,24
DSB0004860,APP0008123,PR0037123,2026-05-12,BR006,AO024,Kredit Produktif SME,SME,197000000,19.0,48
DSB0004861,APP0008124,PR0037124,2025-10-01,BR006,AO021,Kredit Produktif SME,SME,479000000,19.0,12
DSB0004862,APP0008125,PR0037127,2026-01-14,BR006,AO022,Kredit Konsumtif,Konsumtif,28500000,18.0,18
DSB0004863,APP0008126,PR0037131,2026-04-18,BR003,AO012,Kredit Konsumtif,Konsumtif,141500000,18.0,18
DSB0004864,APP0008127,PR0037135,2025-12-01,BR004,AO015,Kredit Payroll,Payroll,46000000,15.5,36
DSB0004865,APP0008128,PR0037137,2026-03-19,BR001,AO001,Kredit Konsumtif,Konsumtif,49000000,18.0,18
DSB0004866,APP0008129,PR0037140,2026-01-31,BR005,AO018,Kredit Payroll,Payroll,143000000,15.5,12
DSB0004867,APP0008131,PR0037149,2025-12-09,BR001,AO001,Kredit Konsumtif,Konsumtif,74000000,18.0,24
DSB0004868,APP0008132,PR0037152,2025-11-09,BR001,AO002,Kredit Payroll,Payroll,69000000,15.5,48
DSB0004869,APP0008134,PR0037158,2025-07-22,BR001,AO001,Kredit Konsumtif,Konsumtif,147500000,18.0,18
DSB0004870,APP0008135,PR0037164,2026-07-01,BR001,AO002,Kredit Mikro,Mikro,28000000,21.0,24
DSB0004871,APP0008136,PR0037165,2025-10-26,BR005,AO020,Kredit Payroll,Payroll,46500000,15.5,60
DSB0004872,APP0008138,PR0037171,2025-12-14,BR006,AO024,Kredit Konsumtif,Konsumtif,122000000,18.0,36
DSB0004873,APP0008139,PR0037189,2025-10-01,BR001,AO002,Kredit Mikro,Mikro,48000000,21.0,36
DSB0004874,APP0008141,PR0037192,2025-11-14,BR007,AO026,Kredit Produktif SME,SME,149000000,19.0,24
DSB0004875,APP0008143,PR0037201,2026-01-31,BR006,AO021,Kredit Payroll,Payroll,49000000,15.5,36
DSB0004876,APP0008145,PR0037204,2025-11-19,BR002,AO006,Kredit Payroll,Payroll,46500000,15.5,24
DSB0004877,APP0008148,PR0037216,2025-11-20,BR004,AO014,Kredit Produktif SME,SME,98000000,19.0,60
DSB0004878,APP0008149,PR0037231,2026-06-26,BR004,AO013,Kredit Mikro,Mikro,29500000,21.0,12
DSB0004879,APP0008150,PR0037236,2026-05-31,BR004,AO016,Kredit Mikro,Mikro,46500000,21.0,24
DSB0004880,APP0008151,PR0037239,2026-02-28,BR006,AO021,Kredit Konsumtif,Konsumtif,74500000,18.0,36
DSB0004881,APP0008154,PR0037246,2025-08-31,BR007,AO027,Kredit Mikro,Mikro,48000000,21.0,18
DSB0004882,APP0008155,PR0037251,2026-01-15,BR006,AO023,Kredit Mikro,Mikro,19000000,21.0,12
DSB0004883,APP0008156,PR0037254,2026-05-28,BR004,AO013,Kredit Mikro,Mikro,49500000,21.0,18
DSB0004884,APP0008158,PR0037265,2025-12-01,BR005,AO018,Kredit Payroll,Payroll,189500000,15.5,24
DSB0004885,APP0008159,PR0037267,2026-06-16,BR001,AO004,Kredit Produktif SME,SME,94000000,19.0,24
DSB0004886,APP0008160,PR0037271,2026-06-14,BR003,AO009,Kredit Konsumtif,Konsumtif,120500000,18.0,36
DSB0004887,APP0008166,PR0037293,2026-02-24,BR007,AO026,Kredit Payroll,Payroll,69500000,15.5,24
DSB0004888,APP0008168,PR0037306,2026-06-17,BR003,AO011,Kredit Payroll,Payroll,140000000,15.5,36
DSB0004889,APP0008169,PR0037307,2026-01-14,BR006,AO023,Kredit Konsumtif,Konsumtif,122000000,18.0,36
DSB0004890,APP0008170,PR0037308,2026-01-23,BR001,AO004,Kredit Payroll,Payroll,93000000,15.5,12
DSB0004891,APP0008172,PR0037334,2026-05-01,BR001,AO002,Kredit Produktif SME,SME,493500000,19.0,12
DSB0004892,APP0008174,PR0037338,2026-07-01,BR002,AO007,Kredit Payroll,Payroll,93500000,15.5,48
DSB0004893,APP0008175,PR0037340,2025-12-16,BR002,AO008,Kredit Payroll,Payroll,69500000,15.5,24
DSB0004894,APP0008176,PR0037341,2025-11-15,BR005,AO019,Kredit Mikro,Mikro,72500000,21.0,24
DSB0004895,APP0008177,PR0037342,2026-03-02,BR002,AO006,Kredit Produktif SME,SME,959000000,19.0,12
DSB0004896,APP0008178,PR0037344,2026-05-22,BR001,AO001,Kredit Payroll,Payroll,190000000,15.5,60
DSB0004897,APP0008180,PR0037354,2025-10-29,BR004,AO016,Kredit Konsumtif,Konsumtif,47000000,18.0,36
DSB0004898,APP0008182,PR0037360,2026-05-07,BR006,AO021,Kredit Payroll,Payroll,71500000,15.5,24
DSB0004899,APP0008183,PR0037363,2026-06-19,BR003,AO009,Kredit Mikro,Mikro,74000000,21.0,18
DSB0004900,APP0008185,PR0037370,2025-12-11,BR003,AO012,Kredit Konsumtif,Konsumtif,95000000,18.0,36
DSB0004901,APP0008187,PR0037375,2025-12-31,BR003,AO010,Kredit Konsumtif,Konsumtif,141000000,18.0,36
DSB0004902,APP0008188,PR0037381,2026-03-18,BR006,AO023,Kredit Payroll,Payroll,192000000,15.5,12
DSB0004903,APP0008189,PR0037382,2026-06-20,BR004,AO013,Kredit Payroll,Payroll,70000000,15.5,36
DSB0004904,APP0008190,PR0037383,2025-09-14,BR003,AO011,Kredit Konsumtif,Konsumtif,48500000,18.0,12
DSB0004905,APP0008192,PR0037387,2026-06-17,BR001,AO004,Kredit Konsumtif,Konsumtif,118000000,18.0,18
DSB0004906,APP0008193,PR0037390,2025-11-21,BR002,AO008,Kredit Konsumtif,Konsumtif,27500000,18.0,36
DSB0004907,APP0008194,PR0037391,2026-01-18,BR005,AO018,Kredit Payroll,Payroll,187500000,15.5,60
DSB0004908,APP0008195,PR0037397,2025-08-14,BR003,AO009,Kredit Mikro,Mikro,48000000,21.0,36
DSB0004909,APP0008199,PR0037431,2025-09-19,BR005,AO020,Kredit Mikro,Mikro,95500000,21.0,12
DSB0004910,APP0008200,PR0037442,2025-09-21,BR001,AO001,Kredit Konsumtif,Konsumtif,94500000,18.0,24
DSB0004911,APP0008203,PR0037453,2025-09-19,BR001,AO004,Kredit Payroll,Payroll,70500000,15.5,36
DSB0004912,APP0008205,PR0037472,2026-06-15,BR001,AO001,Kredit Produktif SME,SME,285000000,19.0,24
DSB0004913,APP0008206,PR0037476,2025-10-01,BR005,AO019,Kredit Payroll,Payroll,48000000,15.5,36
DSB0004914,APP0008210,PR0037488,2025-12-16,BR002,AO007,Kredit Konsumtif,Konsumtif,28500000,18.0,12
DSB0004915,APP0008212,PR0037498,2026-03-31,BR001,AO004,Kredit Mikro,Mikro,99500000,21.0,24
DSB0004916,APP0008213,PR0037504,2025-07-30,BR002,AO005,Kredit Payroll,Payroll,46500000,15.5,60
DSB0004917,APP0008214,PR0037517,2026-05-11,BR002,AO006,Kredit Mikro,Mikro,19500000,21.0,12
DSB0004918,APP0008215,PR0037522,2026-05-01,BR002,AO007,Kredit Payroll,Payroll,73000000,15.5,48
DSB0004919,APP0008217,PR0037531,2025-09-25,BR006,AO024,Kredit Konsumtif,Konsumtif,29500000,18.0,18
DSB0004920,APP0008218,PR0037534,2026-02-18,BR003,AO010,Kredit Payroll,Payroll,197000000,15.5,48
DSB0004921,APP0008219,PR0037547,2025-11-25,BR001,AO002,Kredit Konsumtif,Konsumtif,144500000,18.0,18
DSB0004922,APP0008221,PR0037559,2025-09-22,BR006,AO023,Kredit Konsumtif,Konsumtif,94000000,18.0,36
DSB0004923,APP0008222,PR0037563,2026-07-01,BR007,AO025,Kredit Mikro,Mikro,28000000,21.0,36
DSB0004924,APP0008223,PR0037566,2026-06-13,BR007,AO027,Kredit Produktif SME,SME,974000000,19.0,60
DSB0004925,APP0008226,PR0037578,2025-08-31,BR004,AO013,Kredit Konsumtif,Konsumtif,48000000,18.0,18
DSB0004926,APP0008227,PR0037587,2025-09-24,BR006,AO024,Kredit Konsumtif,Konsumtif,72500000,18.0,18
DSB0004927,APP0008230,PR0037616,2025-07-31,BR001,AO001,Kredit Payroll,Payroll,184500000,15.5,60
DSB0004928,APP0008231,PR0037641,2026-01-15,BR007,AO027,Kredit Konsumtif,Konsumtif,148500000,18.0,36
DSB0004929,APP0008232,PR0037645,2025-07-31,BR004,AO015,Kredit Payroll,Payroll,98500000,15.5,60
DSB0004930,APP0008234,PR0037657,2026-06-17,BR006,AO022,Kredit Konsumtif,Konsumtif,150000000,18.0,36
DSB0004931,APP0008235,PR0037665,2025-09-15,BR007,AO028,Kredit Konsumtif,Konsumtif,46000000,18.0,12
DSB0004932,APP0008237,PR0037667,2026-02-06,BR001,AO001,Kredit Payroll,Payroll,72500000,15.5,24
DSB0004933,APP0008238,PR0037668,2025-10-17,BR005,AO017,Kredit Produktif SME,SME,284000000,19.0,60
DSB0004934,APP0008239,PR0037670,2025-12-14,BR005,AO018,Kredit Konsumtif,Konsumtif,99000000,18.0,12
DSB0004935,APP0008242,PR0037688,2026-06-15,BR002,AO005,Kredit Mikro,Mikro,19000000,21.0,12
DSB0004936,APP0008243,PR0037691,2025-09-11,BR007,AO027,Kredit Konsumtif,Konsumtif,115500000,18.0,36
DSB0004937,APP0008244,PR0037699,2026-01-19,BR004,AO014,Kredit Mikro,Mikro,18500000,21.0,24
DSB0004938,APP0008248,PR0037732,2026-01-26,BR002,AO008,Kredit Produktif SME,SME,150000000,19.0,60
DSB0004939,APP0008250,PR0037738,2025-09-14,BR007,AO026,Kredit Konsumtif,Konsumtif,97500000,18.0,24
DSB0004940,APP0008252,PR0037755,2026-06-27,BR007,AO026,Kredit Payroll,Payroll,49000000,15.5,12
DSB0004941,APP0008253,PR0037757,2026-01-31,BR001,AO003,Kredit Produktif SME,SME,138000000,19.0,60
DSB0004942,APP0008254,PR0037758,2025-09-16,BR005,AO018,Kredit Mikro,Mikro,96500000,21.0,18
DSB0004943,APP0008255,PR0037759,2026-03-17,BR003,AO009,Kredit Produktif SME,SME,974500000,19.0,48
DSB0004944,APP0008259,PR0037780,2025-10-31,BR001,AO001,Kredit Konsumtif,Konsumtif,28500000,18.0,18
DSB0004945,APP0008260,PR0037782,2025-10-31,BR004,AO016,Kredit Mikro,Mikro,18500000,21.0,24
DSB0004946,APP0008261,PR0037786,2026-06-18,BR003,AO012,Kredit Konsumtif,Konsumtif,50000000,18.0,24
DSB0004947,APP0008263,PR0037797,2026-02-14,BR001,AO004,Kredit Konsumtif,Konsumtif,93500000,18.0,24
DSB0004948,APP0008264,PR0037800,2025-10-31,BR005,AO019,Kredit Konsumtif,Konsumtif,46500000,18.0,24
DSB0004949,APP0008266,PR0037810,2026-04-20,BR007,AO025,Kredit Produktif SME,SME,462000000,19.0,12
DSB0004950,APP0008267,PR0037816,2025-07-08,BR006,AO023,Kredit Mikro,Mikro,19500000,21.0,12
DSB0004951,APP0008268,PR0037818,2025-12-31,BR007,AO025,Kredit Payroll,Payroll,73500000,15.5,36
DSB0004952,APP0008270,PR0037820,2025-08-29,BR003,AO011,Kredit Payroll,Payroll,188500000,15.5,60
DSB0004953,APP0008271,PR0037821,2026-05-18,BR001,AO004,Kredit Mikro,Mikro,49000000,21.0,36
DSB0004954,APP0008274,PR0037834,2025-12-23,BR006,AO021,Kredit Mikro,Mikro,29000000,21.0,18
DSB0004955,APP0008277,PR0037847,2026-01-14,BR001,AO004,Kredit Mikro,Mikro,28500000,21.0,18
DSB0004956,APP0008278,PR0037851,2026-01-31,BR001,AO001,Kredit Mikro,Mikro,48000000,21.0,12
DSB0004957,APP0008279,PR0037852,2025-12-31,BR005,AO020,Kredit Konsumtif,Konsumtif,149500000,18.0,24
DSB0004958,APP0008283,PR0037876,2025-12-01,BR001,AO001,Kredit Payroll,Payroll,185000000,15.5,48
DSB0004959,APP0008285,PR0037887,2025-12-21,BR002,AO008,Kredit Payroll,Payroll,147500000,15.5,36
DSB0004960,APP0008286,PR0037898,2025-07-25,BR005,AO018,Kredit Mikro,Mikro,28000000,21.0,36
DSB0004961,APP0008287,PR0037929,2025-09-18,BR006,AO021,Kredit Produktif SME,SME,96500000,19.0,24
DSB0004962,APP0008289,PR0037935,2025-07-26,BR003,AO012,Kredit Mikro,Mikro,19500000,21.0,24
DSB0004963,APP0008291,PR0037942,2025-11-22,BR007,AO027,Kredit Konsumtif,Konsumtif,92500000,18.0,18
DSB0004964,APP0008293,PR0037954,2025-11-11,BR001,AO001,Kredit Payroll,Payroll,139500000,15.5,24
DSB0004965,APP0008294,PR0037962,2025-07-12,BR006,AO021,Kredit Mikro,Mikro,20000000,21.0,24
DSB0004966,APP0008295,PR0037969,2026-06-30,BR004,AO013,Kredit Mikro,Mikro,50000000,21.0,18
DSB0004967,APP0008296,PR0037973,2025-09-13,BR005,AO018,Kredit Mikro,Mikro,49500000,21.0,24
DSB0004968,APP0008297,PR0037983,2026-06-18,BR002,AO008,Kredit Konsumtif,Konsumtif,29500000,18.0,36
DSB0004969,APP0008298,PR0037985,2026-02-07,BR001,AO002,Kredit Mikro,Mikro,30000000,21.0,12
DSB0004970,APP0008299,PR0037996,2026-02-16,BR001,AO004,Kredit Produktif SME,SME,477000000,19.0,12
DSB0004971,APP0008301,PR0038017,2025-12-01,BR001,AO004,Kredit Konsumtif,Konsumtif,29500000,18.0,12
DSB0004972,APP0008304,PR0038029,2026-01-31,BR001,AO004,Kredit Payroll,Payroll,94500000,15.5,60
DSB0004973,APP0008306,PR0038040,2026-02-18,BR003,AO010,Kredit Konsumtif,Konsumtif,74500000,18.0,18
DSB0004974,APP0008309,PR0038051,2025-12-31,BR004,AO014,Kredit Payroll,Payroll,46500000,15.5,24
DSB0004975,APP0008312,PR0038067,2025-10-11,BR004,AO014,Kredit Produktif SME,SME,929000000,19.0,24
DSB0004976,APP0008314,PR0038076,2025-12-22,BR005,AO020,Kredit Mikro,Mikro,70500000,21.0,18
DSB0004977,APP0008317,PR0038086,2026-05-01,BR006,AO021,Kredit Konsumtif,Konsumtif,93500000,18.0,12
DSB0004978,APP0008322,PR0038114,2025-12-17,BR002,AO006,Kredit Payroll,Payroll,71000000,15.5,12
DSB0004979,APP0008323,PR0038115,2025-11-26,BR001,AO003,Kredit Konsumtif,Konsumtif,97000000,18.0,12
DSB0004980,APP0008324,PR0038116,2025-11-30,BR002,AO005,Kredit Konsumtif,Konsumtif,142000000,18.0,12
DSB0004981,APP0008325,PR0038122,2026-07-01,BR003,AO010,Kredit Produktif SME,SME,195000000,19.0,12
DSB0004982,APP0008326,PR0038124,2025-11-26,BR005,AO017,Kredit Konsumtif,Konsumtif,116500000,18.0,24
DSB0004983,APP0008327,PR0038131,2026-04-28,BR006,AO021,Kredit Konsumtif,Konsumtif,47000000,18.0,36
DSB0004984,APP0008330,PR0038142,2026-04-26,BR002,AO008,Kredit Payroll,Payroll,93500000,15.5,60
DSB0004985,APP0008333,PR0038156,2026-03-31,BR002,AO007,Kredit Payroll,Payroll,93000000,15.5,60
DSB0004986,APP0008334,PR0038157,2026-03-31,BR002,AO007,Kredit Mikro,Mikro,48000000,21.0,36
DSB0004987,APP0008338,PR0038172,2026-02-22,BR003,AO010,Kredit Mikro,Mikro,29500000,21.0,18
DSB0004988,APP0008342,PR0038188,2026-01-04,BR003,AO009,Kredit Payroll,Payroll,98000000,15.5,36
DSB0004989,APP0008343,PR0038190,2026-03-31,BR004,AO014,Kredit Mikro,Mikro,29500000,21.0,36
DSB0004990,APP0008344,PR0038196,2026-03-08,BR006,AO021,Kredit Mikro,Mikro,27500000,21.0,12
DSB0004991,APP0008347,PR0038206,2026-05-31,BR002,AO006,Kredit Payroll,Payroll,95000000,15.5,60
DSB0004992,APP0008348,PR0038207,2026-05-31,BR003,AO010,Kredit Mikro,Mikro,49500000,21.0,12
DSB0004993,APP0008349,PR0038210,2025-10-01,BR006,AO021,Kredit Mikro,Mikro,95000000,21.0,18
DSB0004994,APP0008350,PR0038211,2025-10-18,BR001,AO004,Kredit Produktif SME,SME,475000000,19.0,36
DSB0004995,APP0008353,PR0038220,2026-06-25,BR002,AO005,Kredit Mikro,Mikro,18500000,21.0,12
DSB0004996,APP0008354,PR0038230,2026-02-13,BR004,AO013,Kredit Konsumtif,Konsumtif,96500000,18.0,18
DSB0004997,APP0008355,PR0038235,2025-11-25,BR001,AO001,Kredit Payroll,Payroll,48500000,15.5,48
DSB0004998,APP0008358,PR0038249,2025-10-01,BR006,AO022,Kredit Konsumtif,Konsumtif,146500000,18.0,24
DSB0004999,APP0008359,PR0038268,2025-10-31,BR003,AO012,Kredit Mikro,Mikro,30000000,21.0,36
DSB0005000,APP0008361,PR0038287,2025-12-16,BR002,AO008,Kredit Konsumtif,Konsumtif,123000000,18.0,18
DSB0005001,APP0008362,PR0038291,2026-01-21,BR001,AO003,Kredit Mikro,Mikro,95000000,21.0,24
DSB0005002,APP0008363,PR0038293,2025-09-16,BR005,AO018,Kredit Produktif SME,SME,143500000,19.0,36
DSB0005003,APP0008364,PR0038295,2025-08-27,BR002,AO005,Kredit Produktif SME,SME,139500000,19.0,36
DSB0005004,APP0008365,PR0038296,2025-07-21,BR003,AO009,Kredit Konsumtif,Konsumtif,46500000,18.0,24
DSB0005005,APP0008366,PR0038302,2025-12-26,BR005,AO019,Kredit Produktif SME,SME,498000000,19.0,12
DSB0005006,APP0008367,PR0038304,2026-05-13,BR001,AO003,Kredit Payroll,Payroll,47000000,15.5,24
DSB0005007,APP0008369,PR0038307,2025-11-23,BR001,AO004,Kredit Produktif SME,SME,944500000,19.0,24
DSB0005008,APP0008370,PR0038310,2026-05-23,BR002,AO008,Kredit Payroll,Payroll,72000000,15.5,36
DSB0005009,APP0008372,PR0038318,2025-10-27,BR003,AO009,Kredit Konsumtif,Konsumtif,29000000,18.0,12
DSB0005010,APP0008377,PR0038343,2026-05-24,BR006,AO024,Kredit Payroll,Payroll,94500000,15.5,24
DSB0005011,APP0008379,PR0038347,2026-05-01,BR004,AO013,Kredit Payroll,Payroll,96000000,15.5,24
DSB0005012,APP0008380,PR0038355,2026-01-14,BR007,AO025,Kredit Konsumtif,Konsumtif,149500000,18.0,24
DSB0005013,APP0008383,PR0038363,2026-06-26,BR001,AO003,Kredit Payroll,Payroll,142500000,15.5,60
DSB0005014,APP0008384,PR0038370,2025-09-12,BR001,AO003,Kredit Payroll,Payroll,145000000,15.5,12
DSB0005015,APP0008385,PR0038371,2025-12-31,BR002,AO007,Kredit Konsumtif,Konsumtif,147500000,18.0,24
DSB0005016,APP0008386,PR0038376,2025-12-01,BR003,AO010,Kredit Konsumtif,Konsumtif,47000000,18.0,36
DSB0005017,APP0008387,PR0038378,2025-09-24,BR003,AO010,Kredit Produktif SME,SME,299500000,19.0,48
DSB0005018,APP0008388,PR0038381,2026-03-03,BR003,AO011,Kredit Mikro,Mikro,47500000,21.0,24
DSB0005019,APP0008389,PR0038387,2026-05-23,BR002,AO005,Kredit Konsumtif,Konsumtif,96000000,18.0,12
DSB0005020,APP0008390,PR0038392,2025-07-31,BR005,AO018,Kredit Payroll,Payroll,69500000,15.5,12
DSB0005021,APP0008393,PR0038399,2025-07-10,BR003,AO011,Kredit Payroll,Payroll,193500000,15.5,36
DSB0005022,APP0008394,PR0038404,2026-05-31,BR001,AO004,Kredit Konsumtif,Konsumtif,47000000,18.0,12
DSB0005023,APP0008397,PR0038424,2025-11-09,BR001,AO003,Kredit Konsumtif,Konsumtif,148500000,18.0,24
DSB0005024,APP0008400,PR0038443,2026-05-07,BR002,AO006,Kredit Konsumtif,Konsumtif,123500000,18.0,24
DSB0005025,APP0008401,PR0038448,2026-05-24,BR001,AO004,Kredit Payroll,Payroll,196500000,15.5,60
DSB0005026,APP0008403,PR0038455,2025-07-29,BR003,AO009,Kredit Produktif SME,SME,100000000,19.0,36
DSB0005027,APP0008404,PR0038462,2025-08-26,BR002,AO006,Kredit Konsumtif,Konsumtif,94500000,18.0,36
DSB0005028,APP0008405,PR0038468,2025-07-15,BR002,AO008,Kredit Mikro,Mikro,18500000,21.0,12
DSB0005029,APP0008406,PR0038478,2025-09-06,BR005,AO020,Kredit Payroll,Payroll,142500000,15.5,60
DSB0005030,APP0008408,PR0038486,2026-06-27,BR006,AO021,Kredit Mikro,Mikro,49000000,21.0,18
DSB0005031,APP0008409,PR0038493,2026-06-18,BR001,AO002,Kredit Mikro,Mikro,92500000,21.0,18
DSB0005032,APP0008410,PR0038494,2026-02-09,BR007,AO025,Kredit Payroll,Payroll,98500000,15.5,60
DSB0005033,APP0008411,PR0038495,2026-01-21,BR007,AO026,Kredit Payroll,Payroll,95500000,15.5,48
DSB0005034,APP0008414,PR0038511,2026-05-22,BR007,AO028,Kredit Konsumtif,Konsumtif,149000000,18.0,24
DSB0005035,APP0008416,PR0038520,2026-05-08,BR001,AO002,Kredit Mikro,Mikro,19000000,21.0,12
DSB0005036,APP0008417,PR0038521,2026-03-01,BR001,AO001,Kredit Mikro,Mikro,70000000,21.0,36
DSB0005037,APP0008418,PR0038522,2025-11-12,BR002,AO008,Kredit Konsumtif,Konsumtif,143500000,18.0,24
DSB0005038,APP0008421,PR0038532,2025-09-28,BR002,AO008,Kredit Produktif SME,SME,487000000,19.0,24
DSB0005039,APP0008422,PR0038533,2026-03-22,BR007,AO027,Kredit Payroll,Payroll,97000000,15.5,36
DSB0005040,APP0008423,PR0038535,2026-01-31,BR002,AO008,Kredit Mikro,Mikro,27500000,21.0,36
DSB0005041,APP0008424,PR0038548,2026-06-27,BR002,AO008,Kredit Mikro,Mikro,94000000,21.0,18
DSB0005042,APP0008425,PR0038552,2026-04-26,BR001,AO001,Kredit Mikro,Mikro,69500000,21.0,18
DSB0005043,APP0008426,PR0038557,2026-05-09,BR002,AO006,Kredit Payroll,Payroll,149500000,15.5,12
DSB0005044,APP0008427,PR0038565,2026-01-31,BR007,AO028,Kredit Konsumtif,Konsumtif,96000000,18.0,12
DSB0005045,APP0008429,PR0038572,2025-11-14,BR003,AO010,Kredit Konsumtif,Konsumtif,48500000,18.0,12
DSB0005046,APP0008432,PR0038586,2026-06-22,BR004,AO014,Kredit Mikro,Mikro,46500000,21.0,36
DSB0005047,APP0008434,PR0038590,2026-05-31,BR001,AO001,Kredit Payroll,Payroll,99500000,15.5,12
DSB0005048,APP0008435,PR0038603,2025-10-16,BR006,AO024,Kredit Payroll,Payroll,96000000,15.5,48
DSB0005049,APP0008436,PR0038610,2025-12-23,BR003,AO011,Kredit Payroll,Payroll,46500000,15.5,48
DSB0005050,APP0008439,PR0038625,2026-01-31,BR007,AO028,Kredit Konsumtif,Konsumtif,124500000,18.0,24
DSB0005051,APP0008445,PR0038666,2025-12-01,BR001,AO001,Kredit Payroll,Payroll,93500000,15.5,36
DSB0005052,APP0008446,PR0038672,2025-12-20,BR003,AO010,Kredit Produktif SME,SME,98000000,19.0,60
DSB0005053,APP0008451,PR0038687,2026-05-31,BR002,AO006,Kredit Payroll,Payroll,94000000,15.5,48
DSB0005054,APP0008452,PR0038689,2026-03-01,BR004,AO013,Kredit Konsumtif,Konsumtif,140500000,18.0,12
DSB0005055,APP0008454,PR0038692,2026-05-11,BR004,AO015,Kredit Produktif SME,SME,192500000,19.0,24
DSB0005056,APP0008456,PR0038702,2026-05-21,BR007,AO027,Kredit Payroll,Payroll,191500000,15.5,60
DSB0005057,APP0008457,PR0038709,2026-03-31,BR003,AO011,Kredit Payroll,Payroll,48000000,15.5,12
DSB0005058,APP0008459,PR0038726,2026-03-03,BR002,AO005,Kredit Payroll,Payroll,142500000,15.5,36
DSB0005059,APP0008462,PR0038735,2026-01-17,BR001,AO001,Kredit Konsumtif,Konsumtif,92500000,18.0,18
DSB0005060,APP0008463,PR0038736,2026-01-28,BR001,AO002,Kredit Mikro,Mikro,98000000,21.0,18
DSB0005061,APP0008464,PR0038738,2025-11-16,BR007,AO028,Kredit Konsumtif,Konsumtif,147500000,18.0,36
DSB0005062,APP0008465,PR0038739,2025-10-31,BR003,AO011,Kredit Payroll,Payroll,142500000,15.5,48
DSB0005063,APP0008466,PR0038740,2026-05-26,BR004,AO013,Kredit Payroll,Payroll,70500000,15.5,36
DSB0005064,APP0008467,PR0038752,2026-01-19,BR005,AO020,Kredit Payroll,Payroll,148000000,15.5,36
DSB0005065,APP0008468,PR0038756,2025-11-10,BR007,AO027,Kredit Produktif SME,SME,98500000,19.0,48
DSB0005066,APP0008469,PR0038757,2025-12-22,BR005,AO018,Kredit Konsumtif,Konsumtif,30000000,18.0,12
DSB0005067,APP0008470,PR0038761,2025-12-01,BR003,AO010,Kredit Payroll,Payroll,95000000,15.5,36
DSB0005068,APP0008471,PR0038764,2026-04-15,BR003,AO009,Kredit Payroll,Payroll,146500000,15.5,36
DSB0005069,APP0008475,PR0038776,2025-11-21,BR001,AO004,Kredit Konsumtif,Konsumtif,47000000,18.0,36
DSB0005070,APP0008476,PR0038777,2025-07-31,BR006,AO024,Kredit Mikro,Mikro,48000000,21.0,36
DSB0005071,APP0008477,PR0038778,2026-01-26,BR004,AO014,Kredit Konsumtif,Konsumtif,145500000,18.0,18
DSB0005072,APP0008478,PR0038783,2025-07-18,BR002,AO007,Kredit Payroll,Payroll,71000000,15.5,12
DSB0005073,APP0008479,PR0038785,2025-08-23,BR006,AO023,Kredit Payroll,Payroll,141000000,15.5,12
DSB0005074,APP0008481,PR0038788,2026-04-17,BR006,AO023,Kredit Produktif SME,SME,748500000,19.0,60
DSB0005075,APP0008482,PR0038790,2026-03-03,BR002,AO007,Kredit Mikro,Mikro,46500000,21.0,24
DSB0005076,APP0008483,PR0038793,2026-03-31,BR006,AO023,Kredit Konsumtif,Konsumtif,121000000,18.0,12
DSB0005077,APP0008484,PR0038795,2025-07-26,BR002,AO006,Kredit Produktif SME,SME,92000000,19.0,60
DSB0005078,APP0008485,PR0038799,2025-07-25,BR007,AO027,Kredit Payroll,Payroll,141500000,15.5,36
DSB0005079,APP0008490,PR0038830,2025-09-30,BR004,AO013,Kredit Mikro,Mikro,18500000,21.0,36
DSB0005080,APP0008493,PR0038839,2026-04-22,BR005,AO020,Kredit Konsumtif,Konsumtif,29500000,18.0,12
DSB0005081,APP0008498,PR0038860,2026-06-27,BR002,AO005,Kredit Payroll,Payroll,71500000,15.5,36
DSB0005082,APP0008501,PR0038883,2025-11-23,BR004,AO015,Kredit Konsumtif,Konsumtif,121000000,18.0,36
DSB0005083,APP0008502,PR0038885,2025-10-01,BR005,AO020,Kredit Mikro,Mikro,28000000,21.0,18
DSB0005084,APP0008503,PR0038888,2026-07-01,BR003,AO012,Kredit Mikro,Mikro,74500000,21.0,18
DSB0005085,APP0008505,PR0038891,2025-07-19,BR006,AO021,Kredit Konsumtif,Konsumtif,95000000,18.0,12
DSB0005086,APP0008507,PR0038903,2026-05-16,BR002,AO006,Kredit Produktif SME,SME,95000000,19.0,12
DSB0005087,APP0008508,PR0038907,2025-07-14,BR002,AO007,Kredit Payroll,Payroll,184500000,15.5,12
DSB0005088,APP0008510,PR0038925,2026-02-07,BR002,AO008,Kredit Konsumtif,Konsumtif,73000000,18.0,12
DSB0005089,APP0008511,PR0038935,2025-11-15,BR003,AO010,Kredit Mikro,Mikro,73000000,21.0,36
DSB0005090,APP0008512,PR0038938,2026-01-18,BR006,AO022,Kredit Produktif SME,SME,288500000,19.0,60
DSB0005091,APP0008513,PR0038941,2025-07-21,BR003,AO012,Kredit Mikro,Mikro,96000000,21.0,18
DSB0005092,APP0008514,PR0038954,2026-06-26,BR006,AO023,Kredit Konsumtif,Konsumtif,49500000,18.0,36
DSB0005093,APP0008515,PR0038956,2026-03-08,BR007,AO027,Kredit Payroll,Payroll,185000000,15.5,60
DSB0005094,APP0008516,PR0038957,2026-07-01,BR005,AO018,Kredit Konsumtif,Konsumtif,143500000,18.0,18
DSB0005095,APP0008517,PR0038963,2026-05-30,BR003,AO010,Kredit Payroll,Payroll,99500000,15.5,12
DSB0005096,APP0008518,PR0038966,2026-04-15,BR006,AO023,Kredit Produktif SME,SME,745500000,19.0,60
DSB0005097,APP0008519,PR0038971,2026-07-01,BR007,AO028,Kredit Mikro,Mikro,30000000,21.0,18
DSB0005098,APP0008520,PR0038975,2026-05-25,BR002,AO006,Kredit Produktif SME,SME,293500000,19.0,36
DSB0005099,APP0008521,PR0038976,2026-02-16,BR007,AO028,Kredit Konsumtif,Konsumtif,46500000,18.0,36
DSB0005100,APP0008522,PR0038980,2025-12-21,BR005,AO019,Kredit Konsumtif,Konsumtif,96000000,18.0,12
DSB0005101,APP0008523,PR0038981,2026-05-01,BR001,AO001,Kredit Mikro,Mikro,28000000,21.0,12
DSB0005102,APP0008524,PR0038985,2025-11-22,BR005,AO018,Kredit Konsumtif,Konsumtif,49500000,18.0,36
DSB0005103,APP0008528,PR0038995,2026-05-31,BR001,AO004,Kredit Payroll,Payroll,190500000,15.5,24
DSB0005104,APP0008529,PR0039006,2025-08-27,BR001,AO002,Kredit Konsumtif,Konsumtif,122000000,18.0,36
DSB0005105,APP0008530,PR0039007,2025-11-10,BR005,AO019,Kredit Konsumtif,Konsumtif,73000000,18.0,24
DSB0005106,APP0008531,PR0039015,2026-03-28,BR003,AO011,Kredit Payroll,Payroll,49500000,15.5,60
DSB0005107,APP0008533,PR0039021,2026-02-27,BR007,AO028,Kredit Payroll,Payroll,138500000,15.5,12
DSB0005108,APP0008536,PR0039044,2026-03-12,BR006,AO021,Kredit Payroll,Payroll,95500000,15.5,60
DSB0005109,APP0008537,PR0039045,2026-05-14,BR001,AO001,Kredit Konsumtif,Konsumtif,28500000,18.0,12
DSB0005110,APP0008538,PR0039055,2026-01-16,BR006,AO023,Kredit Konsumtif,Konsumtif,141500000,18.0,36
DSB0005111,APP0008540,PR0039058,2026-01-12,BR005,AO019,Kredit Produktif SME,SME,98000000,19.0,48
DSB0005112,APP0008541,PR0039062,2025-07-27,BR005,AO018,Kredit Payroll,Payroll,48000000,15.5,36
DSB0005113,APP0008542,PR0039066,2025-12-01,BR004,AO013,Kredit Mikro,Mikro,47000000,21.0,24
DSB0005114,APP0008543,PR0039068,2026-05-01,BR005,AO020,Kredit Mikro,Mikro,50000000,21.0,36
DSB0005115,APP0008544,PR0039070,2025-12-31,BR004,AO015,Kredit Konsumtif,Konsumtif,149500000,18.0,18
DSB0005116,APP0008545,PR0039080,2025-07-16,BR001,AO002,Kredit Konsumtif,Konsumtif,69500000,18.0,18
DSB0005117,APP0008546,PR0039084,2025-10-21,BR007,AO025,Kredit Konsumtif,Konsumtif,96000000,18.0,18
DSB0005118,APP0008549,PR0039098,2026-05-10,BR002,AO006,Kredit Konsumtif,Konsumtif,29500000,18.0,36
DSB0005119,APP0008550,PR0039111,2026-05-01,BR007,AO028,Kredit Payroll,Payroll,150000000,15.5,36
DSB0005120,APP0008552,PR0039115,2026-03-17,BR003,AO012,Kredit Konsumtif,Konsumtif,74000000,18.0,12
DSB0005121,APP0008553,PR0039116,2025-09-10,BR001,AO002,Kredit Payroll,Payroll,49500000,15.5,48
DSB0005122,APP0008554,PR0039125,2025-12-06,BR006,AO021,Kredit Konsumtif,Konsumtif,29500000,18.0,12
DSB0005123,APP0008556,PR0039129,2026-04-19,BR006,AO023,Kredit Konsumtif,Konsumtif,50000000,18.0,36
DSB0005124,APP0008558,PR0039133,2026-05-10,BR002,AO006,Kredit Mikro,Mikro,18500000,21.0,24
DSB0005125,APP0008561,PR0039143,2025-08-25,BR006,AO023,Kredit Konsumtif,Konsumtif,28000000,18.0,36
DSB0005126,APP0008562,PR0039145,2025-08-31,BR003,AO012,Kredit Payroll,Payroll,47500000,15.5,36
DSB0005127,APP0008563,PR0039146,2026-04-16,BR002,AO008,Kredit Produktif SME,SME,496000000,19.0,12
DSB0005128,APP0008568,PR0039169,2026-07-01,BR006,AO024,Kredit Mikro,Mikro,19000000,21.0,12
DSB0005129,APP0008569,PR0039173,2026-03-03,BR001,AO002,Kredit Mikro,Mikro,49000000,21.0,24
DSB0005130,APP0008570,PR0039174,2026-03-19,BR005,AO018,Kredit Produktif SME,SME,147500000,19.0,60
DSB0005131,APP0008571,PR0039175,2026-05-29,BR003,AO011,Kredit Mikro,Mikro,19500000,21.0,18
DSB0005132,APP0008572,PR0039178,2025-10-01,BR006,AO023,Kredit Payroll,Payroll,100000000,15.5,48
DSB0005133,APP0008573,PR0039180,2025-10-22,BR002,AO005,Kredit Konsumtif,Konsumtif,70500000,18.0,24
DSB0005134,APP0008576,PR0039186,2025-11-28,BR001,AO003,Kredit Payroll,Payroll,74500000,15.5,24
DSB0005135,APP0008578,PR0039193,2025-12-16,BR007,AO028,Kredit Produktif SME,SME,278500000,19.0,12
DSB0005136,APP0008579,PR0039196,2026-03-30,BR006,AO021,Kredit Produktif SME,SME,94500000,19.0,48
DSB0005137,APP0008580,PR0039197,2025-07-25,BR002,AO008,Kredit Konsumtif,Konsumtif,46500000,18.0,36
DSB0005138,APP0008581,PR0039200,2025-10-01,BR002,AO008,Kredit Payroll,Payroll,46000000,15.5,24
DSB0005139,APP0008582,PR0039212,2026-04-26,BR001,AO002,Kredit Payroll,Payroll,72000000,15.5,12
DSB0005140,APP0008583,PR0039219,2026-05-31,BR001,AO002,Kredit Mikro,Mikro,28000000,21.0,12
DSB0005141,APP0008585,PR0039230,2025-12-26,BR004,AO015,Kredit Payroll,Payroll,49000000,15.5,60
DSB0005142,APP0008586,PR0039232,2025-08-31,BR004,AO013,Kredit Mikro,Mikro,74000000,21.0,36
DSB0005143,APP0008589,PR0039246,2025-12-31,BR003,AO012,Kredit Payroll,Payroll,48000000,15.5,60
DSB0005144,APP0008590,PR0039253,2025-12-01,BR007,AO028,Kredit Mikro,Mikro,48500000,21.0,18
DSB0005145,APP0008592,PR0039255,2026-01-14,BR001,AO002,Kredit Produktif SME,SME,724000000,19.0,12
DSB0005146,APP0008593,PR0039257,2026-06-18,BR006,AO022,Kredit Payroll,Payroll,184500000,15.5,36
DSB0005147,APP0008597,PR0039276,2025-10-21,BR001,AO004,Kredit Mikro,Mikro,96500000,21.0,12
DSB0005148,APP0008600,PR0039297,2026-05-11,BR002,AO008,Kredit Payroll,Payroll,195500000,15.5,48
DSB0005149,APP0008602,PR0039324,2026-01-28,BR005,AO020,Kredit Konsumtif,Konsumtif,143500000,18.0,36
DSB0005150,APP0008603,PR0039328,2026-03-02,BR002,AO005,Kredit Konsumtif,Konsumtif,149500000,18.0,18
DSB0005151,APP0008604,PR0039333,2026-03-03,BR007,AO028,Kredit Payroll,Payroll,48000000,15.5,36
DSB0005152,APP0008605,PR0039337,2025-12-18,BR001,AO004,Kredit Produktif SME,SME,485000000,19.0,36
DSB0005153,APP0008606,PR0039338,2026-03-30,BR004,AO013,Kredit Konsumtif,Konsumtif,29500000,18.0,18
DSB0005154,APP0008607,PR0039339,2026-06-22,BR005,AO019,Kredit Payroll,Payroll,46500000,15.5,24
DSB0005155,APP0008608,PR0039340,2026-03-01,BR003,AO011,Kredit Payroll,Payroll,142000000,15.5,36
DSB0005156,APP0008609,PR0039341,2025-09-13,BR006,AO024,Kredit Konsumtif,Konsumtif,73500000,18.0,36
DSB0005157,APP0008610,PR0039353,2026-03-31,BR007,AO026,Kredit Payroll,Payroll,73000000,15.5,60
DSB0005158,APP0008612,PR0039368,2025-11-13,BR004,AO016,Kredit Produktif SME,SME,187000000,19.0,24
DSB0005159,APP0008613,PR0039369,2026-05-01,BR005,AO017,Kredit Produktif SME,SME,93000000,19.0,12
DSB0005160,APP0008614,PR0039371,2025-12-31,BR002,AO005,Kredit Payroll,Payroll,185500000,15.5,24
DSB0005161,APP0008619,PR0039398,2025-12-29,BR005,AO017,Kredit Konsumtif,Konsumtif,48500000,18.0,24
DSB0005162,APP0008621,PR0039401,2026-04-19,BR003,AO012,Kredit Mikro,Mikro,94000000,21.0,24
DSB0005163,APP0008622,PR0039403,2026-06-11,BR001,AO002,Kredit Payroll,Payroll,70000000,15.5,24
DSB0005164,APP0008623,PR0039415,2025-12-01,BR003,AO012,Kredit Konsumtif,Konsumtif,92500000,18.0,36
DSB0005165,APP0008626,PR0039432,2026-04-13,BR001,AO001,Kredit Payroll,Payroll,149000000,15.5,24
DSB0005166,APP0008628,PR0039439,2026-04-22,BR006,AO021,Kredit Konsumtif,Konsumtif,95500000,18.0,12
DSB0005167,APP0008629,PR0039451,2026-05-01,BR002,AO008,Kredit Produktif SME,SME,150000000,19.0,12
DSB0005168,APP0008631,PR0039456,2025-09-19,BR007,AO026,Kredit Konsumtif,Konsumtif,123000000,18.0,12
DSB0005169,APP0008633,PR0039470,2026-02-25,BR001,AO001,Kredit Konsumtif,Konsumtif,115500000,18.0,24
DSB0005170,APP0008637,PR0039483,2026-02-18,BR002,AO008,Kredit Mikro,Mikro,48000000,21.0,24
DSB0005171,APP0008638,PR0039484,2026-05-28,BR006,AO022,Kredit Mikro,Mikro,46500000,21.0,24
DSB0005172,APP0008640,PR0039499,2025-10-30,BR006,AO022,Kredit Konsumtif,Konsumtif,49000000,18.0,36
DSB0005173,APP0008641,PR0039500,2025-07-28,BR001,AO002,Kredit Konsumtif,Konsumtif,120000000,18.0,12
DSB0005174,APP0008645,PR0039527,2026-03-21,BR006,AO021,Kredit Mikro,Mikro,28000000,21.0,12
DSB0005175,APP0008646,PR0039533,2025-12-31,BR002,AO005,Kredit Mikro,Mikro,28000000,21.0,12
DSB0005176,APP0008648,PR0039550,2026-03-31,BR003,AO009,Kredit Konsumtif,Konsumtif,47500000,18.0,18
DSB0005177,APP0008649,PR0039553,2026-06-28,BR004,AO016,Kredit Mikro,Mikro,48000000,21.0,12
DSB0005178,APP0008650,PR0039558,2025-07-18,BR001,AO003,Kredit Payroll,Payroll,189000000,15.5,48
DSB0005179,APP0008651,PR0039559,2025-07-31,BR005,AO018,Kredit Konsumtif,Konsumtif,98500000,18.0,18
DSB0005180,APP0008654,PR0039576,2026-02-11,BR002,AO007,Kredit Mikro,Mikro,19500000,21.0,36
DSB0005181,APP0008656,PR0039581,2026-06-16,BR004,AO015,Kredit Payroll,Payroll,47500000,15.5,36
DSB0005182,APP0008657,PR0039590,2025-10-11,BR007,AO027,Kredit Konsumtif,Konsumtif,29500000,18.0,36
DSB0005183,APP0008658,PR0039591,2025-07-31,BR003,AO011,Kredit Konsumtif,Konsumtif,71000000,18.0,24
DSB0005184,APP0008659,PR0039600,2025-11-20,BR005,AO019,Kredit Konsumtif,Konsumtif,29000000,18.0,24
DSB0005185,APP0008661,PR0039612,2026-06-14,BR004,AO016,Kredit Payroll,Payroll,95500000,15.5,24
DSB0005186,APP0008662,PR0039615,2025-11-18,BR001,AO004,Kredit Payroll,Payroll,95500000,15.5,36
DSB0005187,APP0008665,PR0039625,2025-12-01,BR001,AO002,Kredit Payroll,Payroll,48000000,15.5,48
DSB0005188,APP0008666,PR0039629,2026-01-13,BR003,AO011,Kredit Produktif SME,SME,198500000,19.0,12
DSB0005189,APP0008668,PR0039636,2025-07-11,BR003,AO012,Kredit Mikro,Mikro,19000000,21.0,24
DSB0005190,APP0008669,PR0039638,2026-01-31,BR004,AO014,Kredit Payroll,Payroll,74000000,15.5,24
DSB0005191,APP0008670,PR0039642,2025-10-01,BR002,AO007,Kredit Mikro,Mikro,48000000,21.0,36
DSB0005192,APP0008671,PR0039660,2025-08-29,BR001,AO001,Kredit Mikro,Mikro,28000000,21.0,12
DSB0005193,APP0008672,PR0039664,2025-07-07,BR001,AO003,Kredit Konsumtif,Konsumtif,28500000,18.0,12
DSB0005194,APP0008673,PR0039672,2025-11-14,BR001,AO003,Kredit Mikro,Mikro,70500000,21.0,24
DSB0005195,APP0008675,PR0039677,2026-01-13,BR002,AO008,Kredit Mikro,Mikro,71000000,21.0,18
DSB0005196,APP0008677,PR0039692,2025-09-30,BR005,AO018,Kredit Produktif SME,SME,938000000,19.0,24
DSB0005197,APP0008678,PR0039696,2026-03-18,BR004,AO013,Kredit Mikro,Mikro,73500000,21.0,12
DSB0005198,APP0008681,PR0039725,2025-07-17,BR001,AO004,Kredit Payroll,Payroll,71500000,15.5,48
DSB0005199,APP0008684,PR0039729,2026-03-03,BR003,AO011,Kredit Mikro,Mikro,29000000,21.0,24
DSB0005200,APP0008685,PR0039739,2026-04-15,BR003,AO010,Kredit Konsumtif,Konsumtif,48500000,18.0,12
DSB0005201,APP0008686,PR0039740,2026-03-03,BR005,AO018,Kredit Payroll,Payroll,191500000,15.5,48
DSB0005202,APP0008690,PR0039756,2026-05-31,BR005,AO020,Kredit Payroll,Payroll,47000000,15.5,24
DSB0005203,APP0008691,PR0039761,2025-12-26,BR007,AO028,Kredit Payroll,Payroll,46500000,15.5,36
DSB0005204,APP0008692,PR0039765,2025-12-21,BR001,AO001,Kredit Payroll,Payroll,149500000,15.5,48
DSB0005205,APP0008693,PR0039775,2025-10-24,BR007,AO025,Kredit Produktif SME,SME,990500000,19.0,48
DSB0005206,APP0008694,PR0039776,2026-02-23,BR004,AO013,Kredit Konsumtif,Konsumtif,94000000,18.0,36
DSB0005207,APP0008695,PR0039780,2025-12-18,BR006,AO021,Kredit Mikro,Mikro,28500000,21.0,12
DSB0005208,APP0008696,PR0039785,2025-12-30,BR004,AO014,Kredit Mikro,Mikro,19000000,21.0,24
DSB0005209,APP0008697,PR0039786,2025-08-16,BR006,AO022,Kredit Mikro,Mikro,19000000,21.0,18
DSB0005210,APP0008698,PR0039787,2025-10-01,BR007,AO028,Kredit Konsumtif,Konsumtif,28500000,18.0,36
DSB0005211,APP0008701,PR0039809,2025-07-19,BR007,AO028,Kredit Produktif SME,SME,697500000,19.0,24
DSB0005212,APP0008703,PR0039820,2025-07-14,BR001,AO004,Kredit Konsumtif,Konsumtif,30000000,18.0,18
DSB0005213,APP0008705,PR0039826,2025-10-23,BR001,AO003,Kredit Mikro,Mikro,70000000,21.0,36
DSB0005214,APP0008706,PR0039831,2026-03-18,BR006,AO021,Kredit Mikro,Mikro,48000000,21.0,12
DSB0005215,APP0008708,PR0039839,2025-10-24,BR002,AO008,Kredit Konsumtif,Konsumtif,94500000,18.0,18
DSB0005216,APP0008709,PR0039850,2026-03-31,BR001,AO004,Kredit Payroll,Payroll,184000000,15.5,48
DSB0005217,APP0008712,PR0039858,2025-11-19,BR005,AO018,Kredit Produktif SME,SME,199000000,19.0,60
DSB0005218,APP0008715,PR0039875,2026-03-12,BR001,AO003,Kredit Mikro,Mikro,46500000,21.0,36
DSB0005219,APP0008716,PR0039876,2025-11-27,BR002,AO008,Kredit Mikro,Mikro,71000000,21.0,18
DSB0005220,APP0008722,PR0039905,2026-02-25,BR004,AO013,Kredit Konsumtif,Konsumtif,46000000,18.0,18
DSB0005221,APP0008726,PR0039927,2026-05-31,BR006,AO022,Kredit Konsumtif,Konsumtif,71500000,18.0,12
DSB0005222,APP0008728,PR0039938,2026-01-24,BR006,AO022,Kredit Payroll,Payroll,74500000,15.5,12
DSB0005223,APP0008731,PR0039947,2026-01-26,BR006,AO022,Kredit Payroll,Payroll,70000000,15.5,36
DSB0005224,APP0008735,PR0039955,2026-07-01,BR004,AO013,Kredit Payroll,Payroll,72000000,15.5,48
DSB0005225,APP0008738,PR0039975,2026-02-22,BR006,AO022,Kredit Payroll,Payroll,140000000,15.5,12
DSB0005226,APP0008740,PR0039979,2026-01-24,BR001,AO003,Kredit Mikro,Mikro,46000000,21.0,18
DSB0005227,APP0008742,PR0039985,2026-01-17,BR003,AO012,Kredit Payroll,Payroll,48500000,15.5,24
DSB0005228,APP0008743,PR0039996,2025-09-29,BR007,AO028,Kredit Konsumtif,Konsumtif,29500000,18.0,18
DSB0005229,APP0008744,PR0040000,2025-07-30,BR001,AO004,Kredit Konsumtif,Konsumtif,99000000,18.0,24
DSB0005230,APP0008746,PR0040002,2026-03-03,BR005,AO019,Kredit Payroll,Payroll,196000000,15.5,60
DSB0005231,APP0008747,PR0040007,2026-03-31,BR002,AO005,Kredit Mikro,Mikro,97500000,21.0,24
DSB0005232,APP0008750,PR0040027,2025-09-19,BR002,AO005,Kredit Payroll,Payroll,74500000,15.5,48
DSB0005233,APP0008751,PR0040039,2026-03-28,BR002,AO005,Kredit Produktif SME,SME,469000000,19.0,12
DSB0005234,APP0008752,PR0040042,2025-11-21,BR005,AO019,Kredit Mikro,Mikro,47500000,21.0,24
DSB0005235,APP0008753,PR0040048,2025-07-25,BR003,AO010,Kredit Payroll,Payroll,49500000,15.5,36
DSB0005236,APP0008754,PR0040073,2026-04-17,BR006,AO023,Kredit Konsumtif,Konsumtif,99000000,18.0,18
DSB0005237,APP0008755,PR0040074,2025-08-21,BR005,AO018,Kredit Produktif SME,SME,924500000,19.0,12
DSB0005238,APP0008757,PR0040078,2025-12-31,BR003,AO011,Kredit Mikro,Mikro,19500000,21.0,24
DSB0005239,APP0008761,PR0040088,2026-06-29,BR007,AO027,Kredit Konsumtif,Konsumtif,27500000,18.0,24
DSB0005240,APP0008763,PR0040093,2025-12-27,BR007,AO025,Kredit Konsumtif,Konsumtif,94500000,18.0,12
DSB0005241,APP0008765,PR0040102,2025-07-31,BR001,AO001,Kredit Mikro,Mikro,46000000,21.0,36
DSB0005242,APP0008767,PR0040104,2025-07-31,BR002,AO007,Kredit Konsumtif,Konsumtif,71000000,18.0,18
DSB0005243,APP0008769,PR0040117,2026-02-27,BR004,AO013,Kredit Konsumtif,Konsumtif,29500000,18.0,24
DSB0005244,APP0008770,PR0040122,2026-04-24,BR002,AO008,Kredit Produktif SME,SME,140000000,19.0,12
DSB0005245,APP0008771,PR0040124,2025-12-31,BR005,AO019,Kredit Konsumtif,Konsumtif,122000000,18.0,36
DSB0005246,APP0008772,PR0040128,2025-10-26,BR004,AO016,Kredit Payroll,Payroll,73500000,15.5,60
DSB0005247,APP0008773,PR0040131,2026-06-12,BR002,AO007,Kredit Konsumtif,Konsumtif,74000000,18.0,12
DSB0005248,APP0008775,PR0040137,2026-06-12,BR001,AO004,Kredit Produktif SME,SME,485000000,19.0,12
DSB0005249,APP0008777,PR0040157,2026-03-03,BR004,AO014,Kredit Konsumtif,Konsumtif,143500000,18.0,12
DSB0005250,APP0008778,PR0040158,2026-02-16,BR001,AO003,Kredit Mikro,Mikro,46000000,21.0,18
DSB0005251,APP0008779,PR0040160,2025-09-14,BR001,AO002,Kredit Mikro,Mikro,28000000,21.0,18
DSB0005252,APP0008781,PR0040178,2026-01-31,BR002,AO006,Kredit Mikro,Mikro,72000000,21.0,18
DSB0005253,APP0008782,PR0040189,2026-01-19,BR002,AO008,Kredit Payroll,Payroll,48500000,15.5,48
DSB0005254,APP0008783,PR0040197,2026-03-31,BR001,AO003,Kredit Payroll,Payroll,195000000,15.5,48
DSB0005255,APP0008784,PR0040203,2025-12-31,BR006,AO021,Kredit Mikro,Mikro,97000000,21.0,12
DSB0005256,APP0008786,PR0040213,2025-11-21,BR001,AO002,Kredit Payroll,Payroll,74500000,15.5,24
DSB0005257,APP0008787,PR0040214,2025-12-01,BR003,AO009,Kredit Mikro,Mikro,19500000,21.0,18
DSB0005258,APP0008789,PR0040219,2026-04-19,BR003,AO011,Kredit Mikro,Mikro,96000000,21.0,18
DSB0005259,APP0008791,PR0040230,2026-01-31,BR002,AO005,Kredit Konsumtif,Konsumtif,99000000,18.0,18
DSB0005260,APP0008792,PR0040231,2026-05-11,BR003,AO012,Kredit Mikro,Mikro,93000000,21.0,12
DSB0005261,APP0008793,PR0040232,2026-04-18,BR003,AO009,Kredit Payroll,Payroll,98500000,15.5,36
DSB0005262,APP0008796,PR0040258,2026-04-28,BR007,AO028,Kredit Produktif SME,SME,193500000,19.0,12
DSB0005263,APP0008798,PR0040268,2025-10-31,BR002,AO005,Kredit Payroll,Payroll,69000000,15.5,60
DSB0005264,APP0008799,PR0040269,2026-06-20,BR002,AO005,Kredit Konsumtif,Konsumtif,94500000,18.0,12
DSB0005265,APP0008800,PR0040271,2025-10-15,BR006,AO024,Kredit Payroll,Payroll,196500000,15.5,12
DSB0005266,APP0008802,PR0040278,2025-10-12,BR002,AO005,Kredit Konsumtif,Konsumtif,47000000,18.0,12
DSB0005267,APP0008803,PR0040283,2026-03-23,BR005,AO018,Kredit Produktif SME,SME,94500000,19.0,24
DSB0005268,APP0008804,PR0040284,2026-03-31,BR001,AO001,Kredit Produktif SME,SME,291500000,19.0,12
DSB0005269,APP0008805,PR0040286,2026-05-22,BR006,AO023,Kredit Mikro,Mikro,19500000,21.0,24
DSB0005270,APP0008806,PR0040298,2025-08-10,BR002,AO008,Kredit Konsumtif,Konsumtif,95500000,18.0,18
DSB0005271,APP0008807,PR0040304,2025-07-19,BR001,AO001,Kredit Payroll,Payroll,94000000,15.5,24
DSB0005272,APP0008811,PR0040327,2026-01-12,BR001,AO004,Kredit Konsumtif,Konsumtif,73000000,18.0,18
DSB0005273,APP0008812,PR0040337,2026-01-31,BR001,AO004,Kredit Produktif SME,SME,464000000,19.0,60
DSB0005274,APP0008813,PR0040339,2026-05-15,BR005,AO017,Kredit Payroll,Payroll,97000000,15.5,48
DSB0005275,APP0008814,PR0040342,2025-08-22,BR006,AO021,Kredit Konsumtif,Konsumtif,29500000,18.0,18
DSB0005276,APP0008816,PR0040347,2025-12-31,BR002,AO007,Kredit Payroll,Payroll,140500000,15.5,36
DSB0005277,APP0008817,PR0040349,2026-05-31,BR006,AO024,Kredit Konsumtif,Konsumtif,94500000,18.0,12
DSB0005278,APP0008818,PR0040350,2025-11-18,BR006,AO024,Kredit Payroll,Payroll,145500000,15.5,36
DSB0005279,APP0008821,PR0040366,2025-08-16,BR003,AO012,Kredit Konsumtif,Konsumtif,119000000,18.0,36
DSB0005280,APP0008823,PR0040379,2025-09-30,BR004,AO013,Kredit Mikro,Mikro,46500000,21.0,18
DSB0005281,APP0008825,PR0040386,2025-09-19,BR006,AO022,Kredit Payroll,Payroll,192000000,15.5,36
DSB0005282,APP0008826,PR0040387,2025-11-12,BR004,AO013,Kredit Mikro,Mikro,28000000,21.0,18
DSB0005283,APP0008827,PR0040388,2026-06-20,BR006,AO024,Kredit Mikro,Mikro,72000000,21.0,12
DSB0005284,APP0008829,PR0040397,2026-05-01,BR001,AO002,Kredit Konsumtif,Konsumtif,148500000,18.0,36
DSB0005285,APP0008830,PR0040399,2026-06-17,BR007,AO028,Kredit Konsumtif,Konsumtif,47000000,18.0,24
DSB0005286,APP0008831,PR0040403,2026-01-16,BR002,AO006,Kredit Konsumtif,Konsumtif,48000000,18.0,12
DSB0005287,APP0008832,PR0040407,2025-12-28,BR001,AO003,Kredit Produktif SME,SME,710000000,19.0,12
DSB0005288,APP0008837,PR0040434,2025-12-25,BR005,AO017,Kredit Produktif SME,SME,296000000,19.0,60
DSB0005289,APP0008838,PR0040440,2025-11-16,BR002,AO006,Kredit Mikro,Mikro,18500000,21.0,12
DSB0005290,APP0008840,PR0040445,2025-09-13,BR003,AO011,Kredit Payroll,Payroll,48000000,15.5,24
DSB0005291,APP0008841,PR0040447,2026-01-31,BR006,AO021,Kredit Produktif SME,SME,292000000,19.0,60
DSB0005292,APP0008844,PR0040466,2025-11-28,BR005,AO017,Kredit Konsumtif,Konsumtif,99000000,18.0,36
DSB0005293,APP0008845,PR0040468,2026-02-25,BR002,AO006,Kredit Konsumtif,Konsumtif,149000000,18.0,24
DSB0005294,APP0008846,PR0040469,2026-01-17,BR006,AO021,Kredit Payroll,Payroll,71000000,15.5,24
DSB0005295,APP0008849,PR0040478,2026-03-31,BR002,AO006,Kredit Produktif SME,SME,142000000,19.0,24
DSB0005296,APP0008850,PR0040480,2026-05-01,BR004,AO016,Kredit Konsumtif,Konsumtif,73500000,18.0,12
DSB0005297,APP0008851,PR0040490,2025-12-15,BR007,AO027,Kredit Konsumtif,Konsumtif,124000000,18.0,18
DSB0005298,APP0008853,PR0040497,2026-04-09,BR001,AO002,Kredit Mikro,Mikro,28500000,21.0,12
DSB0005299,APP0008854,PR0040499,2026-01-27,BR001,AO002,Kredit Payroll,Payroll,74000000,15.5,24
DSB0005300,APP0008855,PR0040502,2026-05-21,BR007,AO026,Kredit Payroll,Payroll,141500000,15.5,48
DSB0005301,APP0008860,PR0040516,2025-12-28,BR001,AO003,Kredit Konsumtif,Konsumtif,74000000,18.0,36
DSB0005302,APP0008861,PR0040517,2026-03-22,BR001,AO002,Kredit Payroll,Payroll,95500000,15.5,12
DSB0005303,APP0008865,PR0040552,2026-04-15,BR002,AO008,Kredit Konsumtif,Konsumtif,96500000,18.0,24
DSB0005304,APP0008866,PR0040557,2025-08-31,BR002,AO005,Kredit Konsumtif,Konsumtif,29000000,18.0,36
DSB0005305,APP0008867,PR0040560,2025-12-29,BR004,AO015,Kredit Konsumtif,Konsumtif,138000000,18.0,12
DSB0005306,APP0008868,PR0040565,2025-12-14,BR003,AO010,Kredit Konsumtif,Konsumtif,120000000,18.0,36
DSB0005307,APP0008869,PR0040576,2025-12-01,BR003,AO009,Kredit Payroll,Payroll,141500000,15.5,12
DSB0005308,APP0008870,PR0040577,2025-10-22,BR001,AO003,Kredit Mikro,Mikro,29000000,21.0,12
DSB0005309,APP0008871,PR0040581,2025-12-05,BR003,AO010,Kredit Mikro,Mikro,73000000,21.0,12
DSB0005310,APP0008872,PR0040584,2026-02-25,BR002,AO007,Kredit Payroll,Payroll,144000000,15.5,48
DSB0005311,APP0008873,PR0040585,2026-07-01,BR006,AO023,Kredit Konsumtif,Konsumtif,145500000,18.0,12
DSB0005312,APP0008875,PR0040597,2025-12-24,BR003,AO010,Kredit Konsumtif,Konsumtif,72500000,18.0,36
DSB0005313,APP0008876,PR0040598,2025-12-12,BR003,AO010,Kredit Konsumtif,Konsumtif,28500000,18.0,36
DSB0005314,APP0008877,PR0040599,2025-12-24,BR005,AO020,Kredit Mikro,Mikro,93000000,21.0,12
DSB0005315,APP0008879,PR0040605,2025-08-28,BR002,AO008,Kredit Mikro,Mikro,49500000,21.0,36
DSB0005316,APP0008880,PR0040612,2026-01-22,BR001,AO001,Kredit Payroll,Payroll,95500000,15.5,36
DSB0005317,APP0008881,PR0040615,2025-12-19,BR001,AO004,Kredit Payroll,Payroll,74000000,15.5,36
DSB0005318,APP0008882,PR0040618,2026-03-31,BR007,AO026,Kredit Produktif SME,SME,94000000,19.0,12
DSB0005319,APP0008883,PR0040622,2025-11-26,BR005,AO018,Kredit Mikro,Mikro,99500000,21.0,12
DSB0005320,APP0008885,PR0040624,2025-09-28,BR003,AO012,Kredit Konsumtif,Konsumtif,119000000,18.0,36
DSB0005321,APP0008888,PR0040639,2025-08-31,BR007,AO026,Kredit Payroll,Payroll,49000000,15.5,48
DSB0005322,APP0008889,PR0040642,2026-01-07,BR002,AO007,Kredit Mikro,Mikro,98500000,21.0,18
DSB0005323,APP0008890,PR0040643,2026-02-14,BR003,AO011,Kredit Produktif SME,SME,498000000,19.0,24
DSB0005324,APP0008891,PR0040644,2026-03-03,BR006,AO021,Kredit Produktif SME,SME,697000000,19.0,36
DSB0005325,APP0008893,PR0040653,2026-03-10,BR007,AO026,Kredit Payroll,Payroll,49500000,15.5,48
DSB0005326,APP0008894,PR0040658,2026-03-15,BR005,AO020,Kredit Payroll,Payroll,189000000,15.5,48
DSB0005327,APP0008897,PR0040687,2025-09-19,BR002,AO005,Kredit Produktif SME,SME,93000000,19.0,48
DSB0005328,APP0008899,PR0040695,2025-07-26,BR007,AO025,Kredit Mikro,Mikro,19000000,21.0,18
DSB0005329,APP0008900,PR0040698,2026-05-23,BR003,AO009,Kredit Konsumtif,Konsumtif,70000000,18.0,36
DSB0005330,APP0008901,PR0040712,2025-07-11,BR002,AO007,Kredit Mikro,Mikro,47000000,21.0,18
DSB0005331,APP0008902,PR0040717,2026-05-20,BR001,AO002,Kredit Payroll,Payroll,71000000,15.5,12
DSB0005332,APP0008903,PR0040720,2026-07-01,BR007,AO025,Kredit Mikro,Mikro,18500000,21.0,36
DSB0005333,APP0008904,PR0040728,2026-06-06,BR005,AO018,Kredit Produktif SME,SME,279000000,19.0,12
DSB0005334,APP0008906,PR0040735,2026-01-25,BR002,AO005,Kredit Konsumtif,Konsumtif,147500000,18.0,36
DSB0005335,APP0008907,PR0040764,2025-12-01,BR001,AO004,Kredit Konsumtif,Konsumtif,142000000,18.0,12
DSB0005336,APP0008910,PR0040774,2026-03-03,BR004,AO014,Kredit Payroll,Payroll,48500000,15.5,36
DSB0005337,APP0008911,PR0040779,2025-09-13,BR002,AO008,Kredit Mikro,Mikro,74000000,21.0,18
DSB0005338,APP0008912,PR0040789,2026-04-29,BR007,AO026,Kredit Mikro,Mikro,47500000,21.0,18
DSB0005339,APP0008913,PR0040794,2025-12-16,BR007,AO027,Kredit Mikro,Mikro,29500000,21.0,12
DSB0005340,APP0008918,PR0040823,2026-01-22,BR002,AO006,Kredit Konsumtif,Konsumtif,143000000,18.0,24
DSB0005341,APP0008919,PR0040825,2026-04-12,BR001,AO001,Kredit Mikro,Mikro,19000000,21.0,12
DSB0005342,APP0008920,PR0040832,2025-07-27,BR003,AO010,Kredit Payroll,Payroll,74500000,15.5,48
DSB0005343,APP0008921,PR0040833,2026-01-29,BR001,AO004,Kredit Payroll,Payroll,185500000,15.5,12
DSB0005344,APP0008922,PR0040834,2026-02-13,BR002,AO007,Kredit Mikro,Mikro,46500000,21.0,24
DSB0005345,APP0008923,PR0040839,2025-12-23,BR005,AO017,Kredit Payroll,Payroll,47000000,15.5,36
DSB0005346,APP0008924,PR0040845,2025-10-15,BR003,AO010,Kredit Produktif SME,SME,149000000,19.0,12
DSB0005347,APP0008925,PR0040857,2025-10-19,BR005,AO018,Kredit Konsumtif,Konsumtif,29500000,18.0,24
DSB0005348,APP0008926,PR0040859,2025-08-31,BR006,AO021,Kredit Mikro,Mikro,49500000,21.0,24
DSB0005349,APP0008927,PR0040861,2026-05-04,BR001,AO001,Kredit Konsumtif,Konsumtif,49500000,18.0,18
DSB0005350,APP0008929,PR0040873,2025-07-22,BR002,AO005,Kredit Mikro,Mikro,29000000,21.0,24
DSB0005351,APP0008931,PR0040881,2026-05-10,BR004,AO015,Kredit Mikro,Mikro,28500000,21.0,18
DSB0005352,APP0008932,PR0040882,2026-03-18,BR006,AO023,Kredit Mikro,Mikro,30000000,21.0,12
DSB0005353,APP0008933,PR0040884,2025-11-18,BR007,AO025,Kredit Produktif SME,SME,295500000,19.0,36
DSB0005354,APP0008934,PR0040892,2026-06-20,BR002,AO006,Kredit Produktif SME,SME,95000000,19.0,24
DSB0005355,APP0008935,PR0040893,2026-02-17,BR002,AO008,Kredit Mikro,Mikro,98000000,21.0,36
DSB0005356,APP0008936,PR0040895,2025-08-26,BR001,AO003,Kredit Produktif SME,SME,929000000,19.0,24
DSB0005357,APP0008937,PR0040899,2025-11-24,BR001,AO001,Kredit Konsumtif,Konsumtif,70500000,18.0,36
DSB0005358,APP0008939,PR0040914,2026-02-17,BR005,AO018,Kredit Payroll,Payroll,138500000,15.5,24
DSB0005359,APP0008941,PR0040922,2026-06-16,BR006,AO021,Kredit Konsumtif,Konsumtif,46000000,18.0,18
DSB0005360,APP0008942,PR0040932,2025-09-14,BR004,AO014,Kredit Konsumtif,Konsumtif,47000000,18.0,18
DSB0005361,APP0008943,PR0040939,2026-01-10,BR001,AO004,Kredit Konsumtif,Konsumtif,121000000,18.0,18
DSB0005362,APP0008945,PR0040945,2025-10-01,BR005,AO020,Kredit Produktif SME,SME,737000000,19.0,48
DSB0005363,APP0008947,PR0040959,2025-10-10,BR001,AO004,Kredit Payroll,Payroll,147500000,15.5,60
DSB0005364,APP0008949,PR0040967,2026-03-31,BR006,AO022,Kredit Konsumtif,Konsumtif,117000000,18.0,36
DSB0005365,APP0008950,PR0040973,2025-11-06,BR001,AO003,Kredit Konsumtif,Konsumtif,73000000,18.0,18
DSB0005366,APP0008953,PR0040992,2026-03-12,BR001,AO001,Kredit Produktif SME,SME,148500000,19.0,24
DSB0005367,APP0008956,PR0041002,2026-04-23,BR002,AO006,Kredit Mikro,Mikro,49000000,21.0,36
DSB0005368,APP0008957,PR0041005,2025-11-21,BR002,AO008,Kredit Mikro,Mikro,27500000,21.0,36
DSB0005369,APP0008958,PR0041006,2025-12-31,BR002,AO005,Kredit Produktif SME,SME,200000000,19.0,12
DSB0005370,APP0008959,PR0041009,2025-10-31,BR001,AO004,Kredit Payroll,Payroll,48000000,15.5,12
DSB0005371,APP0008961,PR0041013,2025-10-08,BR002,AO008,Kredit Payroll,Payroll,93500000,15.5,12
DSB0005372,APP0008962,PR0041014,2026-03-03,BR001,AO002,Kredit Payroll,Payroll,92500000,15.5,48
DSB0005373,APP0008963,PR0041016,2025-07-31,BR006,AO021,Kredit Payroll,Payroll,197000000,15.5,48
DSB0005374,APP0008964,PR0041020,2025-11-16,BR002,AO008,Kredit Payroll,Payroll,146500000,15.5,60
DSB0005375,APP0008967,PR0041024,2026-02-24,BR002,AO007,Kredit Mikro,Mikro,29000000,21.0,36
DSB0005376,APP0008969,PR0041039,2025-11-12,BR004,AO013,Kredit Mikro,Mikro,47500000,21.0,12
DSB0005377,APP0008971,PR0041048,2025-08-14,BR003,AO012,Kredit Produktif SME,SME,991000000,19.0,60
DSB0005378,APP0008973,PR0041052,2026-04-15,BR004,AO014,Kredit Mikro,Mikro,48500000,21.0,24
DSB0005379,APP0008977,PR0041076,2025-12-20,BR003,AO012,Kredit Konsumtif,Konsumtif,28000000,18.0,18
DSB0005380,APP0008979,PR0041079,2025-07-29,BR001,AO001,Kredit Konsumtif,Konsumtif,71000000,18.0,18
DSB0005381,APP0008980,PR0041085,2026-03-09,BR007,AO027,Kredit Konsumtif,Konsumtif,48500000,18.0,12
DSB0005382,APP0008981,PR0041090,2026-07-01,BR007,AO027,Kredit Mikro,Mikro,19500000,21.0,18
DSB0005383,APP0008982,PR0041091,2025-12-01,BR005,AO019,Kredit Konsumtif,Konsumtif,145000000,18.0,24
DSB0005384,APP0008984,PR0041112,2026-06-22,BR007,AO028,Kredit Mikro,Mikro,72500000,21.0,24
DSB0005385,APP0008987,PR0041119,2025-11-11,BR001,AO002,Kredit Payroll,Payroll,192500000,15.5,48
DSB0005386,APP0008989,PR0041131,2025-08-23,BR001,AO001,Kredit Produktif SME,SME,499500000,19.0,60
DSB0005387,APP0008990,PR0041141,2026-05-18,BR003,AO012,Kredit Payroll,Payroll,145500000,15.5,60
DSB0005388,APP0008993,PR0041147,2026-05-01,BR002,AO008,Kredit Payroll,Payroll,69000000,15.5,24
DSB0005389,APP0008994,PR0041154,2025-12-01,BR005,AO018,Kredit Mikro,Mikro,96500000,21.0,12
DSB0005390,APP0008995,PR0041157,2025-07-25,BR001,AO003,Kredit Payroll,Payroll,148000000,15.5,12
DSB0005391,APP0008998,PR0041171,2026-05-15,BR002,AO008,Kredit Konsumtif,Konsumtif,145000000,18.0,36
DSB0005392,APP0009000,PR0041188,2025-12-20,BR005,AO018,Kredit Konsumtif,Konsumtif,47000000,18.0,36
DSB0005393,APP0009001,PR0041197,2026-02-27,BR004,AO016,Kredit Payroll,Payroll,190000000,15.5,36
DSB0005394,APP0009002,PR0041199,2025-12-01,BR001,AO001,Kredit Konsumtif,Konsumtif,92500000,18.0,18
DSB0005395,APP0009008,PR0041238,2025-11-17,BR004,AO013,Kredit Mikro,Mikro,92000000,21.0,24
DSB0005396,APP0009009,PR0041240,2025-11-20,BR007,AO028,Kredit Konsumtif,Konsumtif,72500000,18.0,24
DSB0005397,APP0009012,PR0041244,2026-06-23,BR006,AO022,Kredit Payroll,Payroll,94500000,15.5,24
DSB0005398,APP0009014,PR0041248,2026-06-24,BR001,AO004,Kredit Payroll,Payroll,144000000,15.5,48
DSB0005399,APP0009016,PR0041253,2025-07-11,BR005,AO019,Kredit Payroll,Payroll,147000000,15.5,24
DSB0005400,APP0009017,PR0041257,2026-05-06,BR007,AO028,Kredit Produktif SME,SME,462500000,19.0,24
DSB0005401,APP0009019,PR0041270,2026-04-17,BR002,AO006,Kredit Produktif SME,SME,147000000,19.0,48
DSB0005402,APP0009020,PR0041280,2025-12-01,BR005,AO020,Kredit Konsumtif,Konsumtif,124000000,18.0,36
DSB0005403,APP0009025,PR0041304,2025-10-31,BR001,AO001,Kredit Mikro,Mikro,74000000,21.0,12
DSB0005404,APP0009026,PR0041307,2025-08-11,BR002,AO005,Kredit Produktif SME,SME,192500000,19.0,24
DSB0005405,APP0009027,PR0041313,2025-12-28,BR007,AO026,Kredit Mikro,Mikro,18500000,21.0,24
DSB0005406,APP0009028,PR0041314,2025-12-12,BR006,AO024,Kredit Konsumtif,Konsumtif,122500000,18.0,36
DSB0005407,APP0009029,PR0041319,2025-09-11,BR002,AO007,Kredit Payroll,Payroll,189000000,15.5,36
DSB0005408,APP0009030,PR0041322,2025-09-08,BR006,AO022,Kredit Produktif SME,SME,141000000,19.0,60
DSB0005409,APP0009031,PR0041327,2026-06-11,BR001,AO002,Kredit Payroll,Payroll,96500000,15.5,24
DSB0005410,APP0009033,PR0041333,2026-02-12,BR005,AO018,Kredit Konsumtif,Konsumtif,122500000,18.0,12
DSB0005411,APP0009034,PR0041343,2025-09-16,BR005,AO018,Kredit Payroll,Payroll,73500000,15.5,24
DSB0005412,APP0009035,PR0041344,2026-04-10,BR004,AO013,Kredit Payroll,Payroll,142500000,15.5,12
DSB0005413,APP0009036,PR0041346,2025-08-22,BR002,AO006,Kredit Konsumtif,Konsumtif,123500000,18.0,24
DSB0005414,APP0009037,PR0041356,2026-06-21,BR005,AO019,Kredit Payroll,Payroll,93500000,15.5,12
DSB0005415,APP0009040,PR0041400,2026-04-30,BR004,AO013,Kredit Produktif SME,SME,284500000,19.0,36
DSB0005416,APP0009041,PR0041402,2026-06-19,BR002,AO006,Kredit Mikro,Mikro,94000000,21.0,12
DSB0005417,APP0009044,PR0041405,2025-09-15,BR001,AO001,Kredit Payroll,Payroll,148000000,15.5,24
DSB0005418,APP0009045,PR0041406,2025-10-31,BR002,AO005,Kredit Konsumtif,Konsumtif,47500000,18.0,18
DSB0005419,APP0009047,PR0041410,2025-09-23,BR006,AO021,Kredit Payroll,Payroll,141000000,15.5,60
DSB0005420,APP0009048,PR0041412,2026-01-23,BR006,AO021,Kredit Payroll,Payroll,146000000,15.5,36
DSB0005421,APP0009049,PR0041436,2026-05-01,BR004,AO013,Kredit Konsumtif,Konsumtif,47500000,18.0,12
DSB0005422,APP0009050,PR0041438,2026-05-31,BR003,AO009,Kredit Konsumtif,Konsumtif,124500000,18.0,18
DSB0005423,APP0009051,PR0041440,2026-01-10,BR005,AO017,Kredit Konsumtif,Konsumtif,28000000,18.0,24
DSB0005424,APP0009053,PR0041445,2025-11-17,BR002,AO008,Kredit Mikro,Mikro,70500000,21.0,24
DSB0005425,APP0009055,PR0041453,2026-05-17,BR007,AO027,Kredit Payroll,Payroll,144000000,15.5,48
DSB0005426,APP0009056,PR0041457,2026-02-23,BR001,AO004,Kredit Konsumtif,Konsumtif,69000000,18.0,24
DSB0005427,APP0009057,PR0041460,2026-05-19,BR005,AO020,Kredit Mikro,Mikro,96500000,21.0,18
DSB0005428,APP0009058,PR0041478,2025-12-01,BR006,AO022,Kredit Mikro,Mikro,94000000,21.0,18
DSB0005429,APP0009059,PR0041483,2026-07-01,BR002,AO006,Kredit Konsumtif,Konsumtif,117500000,18.0,18
DSB0005430,APP0009060,PR0041486,2026-02-28,BR007,AO026,Kredit Payroll,Payroll,73000000,15.5,48
DSB0005431,APP0009062,PR0041492,2025-09-26,BR007,AO028,Kredit Konsumtif,Konsumtif,73500000,18.0,12
DSB0005432,APP0009065,PR0041502,2026-02-24,BR005,AO018,Kredit Produktif SME,SME,193500000,19.0,48
DSB0005433,APP0009066,PR0041504,2026-02-17,BR005,AO018,Kredit Payroll,Payroll,73000000,15.5,60
DSB0005434,APP0009067,PR0041506,2025-08-22,BR002,AO008,Kredit Mikro,Mikro,71000000,21.0,12
DSB0005435,APP0009068,PR0041508,2025-11-11,BR002,AO008,Kredit Konsumtif,Konsumtif,146000000,18.0,12
DSB0005436,APP0009070,PR0041515,2026-05-01,BR003,AO010,Kredit Konsumtif,Konsumtif,71500000,18.0,12
DSB0005437,APP0009071,PR0041523,2026-06-25,BR004,AO013,Kredit Mikro,Mikro,74000000,21.0,18
DSB0005438,APP0009076,PR0041541,2026-01-17,BR001,AO003,Kredit Mikro,Mikro,19000000,21.0,12
DSB0005439,APP0009077,PR0041558,2026-03-18,BR007,AO026,Kredit Konsumtif,Konsumtif,97000000,18.0,12
DSB0005440,APP0009078,PR0041568,2026-01-31,BR003,AO011,Kredit Payroll,Payroll,191000000,15.5,12
DSB0005441,APP0009079,PR0041569,2025-11-25,BR005,AO020,Kredit Mikro,Mikro,28500000,21.0,24
DSB0005442,APP0009080,PR0041573,2026-05-19,BR007,AO026,Kredit Payroll,Payroll,69500000,15.5,36
DSB0005443,APP0009085,PR0041585,2026-05-09,BR006,AO023,Kredit Payroll,Payroll,46500000,15.5,60
DSB0005444,APP0009086,PR0041591,2026-05-01,BR001,AO001,Kredit Mikro,Mikro,74000000,21.0,18
DSB0005445,APP0009087,PR0041603,2025-12-17,BR005,AO020,Kredit Payroll,Payroll,49000000,15.5,24
DSB0005446,APP0009089,PR0041608,2026-01-23,BR003,AO010,Kredit Konsumtif,Konsumtif,138000000,18.0,12
DSB0005447,APP0009090,PR0041611,2025-07-24,BR005,AO020,Kredit Mikro,Mikro,47000000,21.0,36
DSB0005448,APP0009091,PR0041612,2026-01-18,BR006,AO024,Kredit Payroll,Payroll,69500000,15.5,60
DSB0005449,APP0009092,PR0041639,2025-12-11,BR001,AO002,Kredit Payroll,Payroll,48000000,15.5,12
DSB0005450,APP0009093,PR0041640,2025-11-26,BR002,AO005,Kredit Konsumtif,Konsumtif,73500000,18.0,12
DSB0005451,APP0009094,PR0041641,2026-07-01,BR003,AO009,Kredit Mikro,Mikro,29500000,21.0,12
DSB0005452,APP0009095,PR0041646,2026-03-03,BR006,AO023,Kredit Konsumtif,Konsumtif,146000000,18.0,18
DSB0005453,APP0009096,PR0041648,2026-05-29,BR006,AO024,Kredit Payroll,Payroll,142500000,15.5,48
DSB0005454,APP0009097,PR0041650,2026-05-01,BR005,AO017,Kredit Konsumtif,Konsumtif,94500000,18.0,36
DSB0005455,APP0009099,PR0041657,2025-10-01,BR007,AO027,Kredit Mikro,Mikro,19000000,21.0,18
DSB0005456,APP0009102,PR0041666,2026-05-01,BR006,AO021,Kredit Payroll,Payroll,92000000,15.5,12
DSB0005457,APP0009103,PR0041679,2025-11-16,BR006,AO022,Kredit Konsumtif,Konsumtif,115500000,18.0,24
DSB0005458,APP0009104,PR0041681,2026-03-03,BR001,AO004,Kredit Konsumtif,Konsumtif,46500000,18.0,36
DSB0005459,APP0009106,PR0041695,2025-10-01,BR004,AO016,Kredit Konsumtif,Konsumtif,50000000,18.0,12
DSB0005460,APP0009107,PR0041696,2025-10-29,BR005,AO019,Kredit Konsumtif,Konsumtif,70000000,18.0,12
DSB0005461,APP0009109,PR0041704,2025-08-22,BR002,AO006,Kredit Konsumtif,Konsumtif,47500000,18.0,36
DSB0005462,APP0009110,PR0041718,2025-12-17,BR002,AO005,Kredit Mikro,Mikro,99500000,21.0,18
DSB0005463,APP0009111,PR0041723,2026-04-28,BR007,AO028,Kredit Konsumtif,Konsumtif,29000000,18.0,36
DSB0005464,APP0009112,PR0041726,2025-08-29,BR004,AO016,Kredit Produktif SME,SME,145500000,19.0,48
DSB0005465,APP0009113,PR0041732,2025-09-17,BR004,AO013,Kredit Mikro,Mikro,70000000,21.0,36
DSB0005466,APP0009114,PR0041734,2025-11-20,BR003,AO010,Kredit Konsumtif,Konsumtif,28000000,18.0,36
DSB0005467,APP0009116,PR0041745,2025-10-31,BR006,AO022,Kredit Konsumtif,Konsumtif,143000000,18.0,36
DSB0005468,APP0009120,PR0041765,2025-09-28,BR005,AO018,Kredit Mikro,Mikro,74000000,21.0,24
DSB0005469,APP0009124,PR0041776,2025-10-31,BR005,AO018,Kredit Payroll,Payroll,49000000,15.5,24
DSB0005470,APP0009125,PR0041777,2026-03-03,BR003,AO010,Kredit Mikro,Mikro,95000000,21.0,12
DSB0005471,APP0009128,PR0041781,2025-11-19,BR001,AO002,Kredit Konsumtif,Konsumtif,120500000,18.0,12
DSB0005472,APP0009135,PR0041838,2025-11-16,BR001,AO004,Kredit Payroll,Payroll,71500000,15.5,24
DSB0005473,APP0009136,PR0041843,2025-12-30,BR005,AO018,Kredit Konsumtif,Konsumtif,28500000,18.0,12
DSB0005474,APP0009137,PR0041845,2026-05-28,BR007,AO025,Kredit Konsumtif,Konsumtif,92500000,18.0,12
DSB0005475,APP0009138,PR0041847,2025-07-30,BR001,AO001,Kredit Konsumtif,Konsumtif,28500000,18.0,24
DSB0005476,APP0009140,PR0041858,2026-07-01,BR001,AO002,Kredit Konsumtif,Konsumtif,124000000,18.0,36
DSB0005477,APP0009142,PR0041874,2026-01-24,BR007,AO025,Kredit Konsumtif,Konsumtif,98500000,18.0,36
DSB0005478,APP0009143,PR0041885,2026-01-12,BR001,AO001,Kredit Mikro,Mikro,48000000,21.0,36
DSB0005479,APP0009145,PR0041901,2026-01-27,BR005,AO017,Kredit Mikro,Mikro,29000000,21.0,18
DSB0005480,APP0009146,PR0041902,2026-03-09,BR003,AO012,Kredit Payroll,Payroll,196000000,15.5,24
DSB0005481,APP0009147,PR0041918,2025-11-18,BR001,AO003,Kredit Produktif SME,SME,140000000,19.0,48
DSB0005482,APP0009157,PR0041961,2026-02-12,BR005,AO019,Kredit Konsumtif,Konsumtif,28000000,18.0,24
DSB0005483,APP0009159,PR0041969,2026-03-28,BR006,AO022,Kredit Konsumtif,Konsumtif,49500000,18.0,18
DSB0005484,APP0009164,PR0041999,2026-02-17,BR003,AO012,Kredit Konsumtif,Konsumtif,117500000,18.0,24
DSB0005485,APP0009167,PR0042009,2025-12-01,BR003,AO009,Kredit Payroll,Payroll,196500000,15.5,60
DSB0005486,APP0009169,PR0042014,2025-12-22,BR002,AO008,Kredit Payroll,Payroll,99500000,15.5,12
DSB0005487,APP0009172,PR0042052,2026-03-03,BR006,AO023,Kredit Mikro,Mikro,49500000,21.0,12
DSB0005488,APP0009173,PR0042053,2026-05-24,BR006,AO022,Kredit Konsumtif,Konsumtif,122000000,18.0,36
DSB0005489,APP0009174,PR0042054,2026-01-09,BR006,AO021,Kredit Konsumtif,Konsumtif,28500000,18.0,24
DSB0005490,APP0009175,PR0042057,2025-07-25,BR004,AO013,Kredit Payroll,Payroll,99500000,15.5,36
DSB0005491,APP0009177,PR0042060,2025-10-01,BR006,AO021,Kredit Konsumtif,Konsumtif,49000000,18.0,12
DSB0005492,APP0009182,PR0042089,2025-07-20,BR006,AO021,Kredit Payroll,Payroll,69500000,15.5,60
DSB0005493,APP0009185,PR0042105,2026-03-21,BR003,AO010,Kredit Payroll,Payroll,140000000,15.5,24
DSB0005494,APP0009186,PR0042114,2026-05-31,BR003,AO012,Kredit Mikro,Mikro,28000000,21.0,12
DSB0005495,APP0009187,PR0042119,2025-09-14,BR002,AO005,Kredit Payroll,Payroll,185000000,15.5,48
DSB0005496,APP0009191,PR0042138,2025-09-15,BR004,AO014,Kredit Payroll,Payroll,190500000,15.5,24
DSB0005497,APP0009193,PR0042145,2025-12-31,BR006,AO024,Kredit Payroll,Payroll,184500000,15.5,12
DSB0005498,APP0009194,PR0042156,2026-03-13,BR002,AO007,Kredit Konsumtif,Konsumtif,139000000,18.0,36
DSB0005499,APP0009197,PR0042167,2025-10-22,BR002,AO008,Kredit Mikro,Mikro,97500000,21.0,24
DSB0005500,APP0009198,PR0042172,2026-07-01,BR001,AO001,Kredit Konsumtif,Konsumtif,27500000,18.0,18
DSB0005501,APP0009200,PR0042175,2026-03-13,BR002,AO006,Kredit Konsumtif,Konsumtif,142000000,18.0,36
DSB0005502,APP0009201,PR0042182,2025-07-21,BR002,AO007,Kredit Konsumtif,Konsumtif,46500000,18.0,18
DSB0005503,APP0009202,PR0042183,2025-10-29,BR001,AO001,Kredit Produktif SME,SME,500000000,19.0,60
DSB0005504,APP0009204,PR0042193,2025-10-13,BR005,AO017,Kredit Produktif SME,SME,498500000,19.0,24
DSB0005505,APP0009205,PR0042195,2025-08-19,BR002,AO005,Kredit Produktif SME,SME,283500000,19.0,36
DSB0005506,APP0009206,PR0042196,2025-07-29,BR005,AO020,Kredit Produktif SME,SME,186500000,19.0,60
DSB0005507,APP0009207,PR0042214,2026-03-05,BR006,AO021,Kredit Mikro,Mikro,74500000,21.0,12
DSB0005508,APP0009208,PR0042215,2025-12-01,BR007,AO025,Kredit Payroll,Payroll,140500000,15.5,12
DSB0005509,APP0009209,PR0042216,2026-01-31,BR006,AO021,Kredit Payroll,Payroll,49500000,15.5,12
DSB0005510,APP0009210,PR0042240,2026-03-31,BR005,AO019,Kredit Mikro,Mikro,19500000,21.0,18
DSB0005511,APP0009212,PR0042261,2025-09-19,BR006,AO023,Kredit Konsumtif,Konsumtif,48000000,18.0,36
DSB0005512,APP0009216,PR0042275,2025-10-28,BR001,AO001,Kredit Mikro,Mikro,19500000,21.0,24
DSB0005513,APP0009218,PR0042282,2025-12-01,BR006,AO024,Kredit Konsumtif,Konsumtif,47500000,18.0,12
DSB0005514,APP0009219,PR0042298,2025-09-18,BR005,AO017,Kredit Payroll,Payroll,74500000,15.5,36
DSB0005515,APP0009224,PR0042320,2025-11-16,BR007,AO027,Kredit Konsumtif,Konsumtif,72500000,18.0,24
DSB0005516,APP0009225,PR0042329,2026-03-03,BR006,AO023,Kredit Produktif SME,SME,731000000,19.0,12
DSB0005517,APP0009227,PR0042337,2025-12-31,BR006,AO021,Kredit Payroll,Payroll,46500000,15.5,36
DSB0005518,APP0009229,PR0042350,2025-10-31,BR006,AO021,Kredit Payroll,Payroll,70500000,15.5,48
DSB0005519,APP0009230,PR0042354,2025-10-01,BR004,AO015,Kredit Payroll,Payroll,94500000,15.5,60
DSB0005520,APP0009233,PR0042376,2025-07-27,BR001,AO003,Kredit Produktif SME,SME,143000000,19.0,12
DSB0005521,APP0009238,PR0042399,2026-05-06,BR005,AO019,Kredit Payroll,Payroll,47500000,15.5,24
DSB0005522,APP0009239,PR0042405,2026-06-13,BR001,AO001,Kredit Payroll,Payroll,138500000,15.5,36
DSB0005523,APP0009240,PR0042407,2025-11-20,BR002,AO008,Kredit Konsumtif,Konsumtif,145500000,18.0,18
DSB0005524,APP0009241,PR0042410,2026-03-28,BR003,AO011,Kredit Payroll,Payroll,141500000,15.5,36
DSB0005525,APP0009245,PR0042431,2026-03-31,BR001,AO004,Kredit Payroll,Payroll,47500000,15.5,36
DSB0005526,APP0009246,PR0042438,2025-10-28,BR001,AO001,Kredit Payroll,Payroll,46500000,15.5,12
DSB0005527,APP0009247,PR0042439,2026-06-27,BR006,AO022,Kredit Payroll,Payroll,47500000,15.5,24
DSB0005528,APP0009248,PR0042441,2026-05-01,BR003,AO010,Kredit Konsumtif,Konsumtif,97000000,18.0,36
DSB0005529,APP0009249,PR0042446,2026-01-21,BR003,AO012,Kredit Payroll,Payroll,49500000,15.5,60
DSB0005530,APP0009251,PR0042449,2026-03-03,BR002,AO007,Kredit Payroll,Payroll,140500000,15.5,60
DSB0005531,APP0009252,PR0042455,2025-12-31,BR006,AO021,Kredit Payroll,Payroll,146500000,15.5,60
DSB0005532,APP0009254,PR0042469,2025-10-31,BR007,AO025,Kredit Payroll,Payroll,144500000,15.5,48
DSB0005533,APP0009256,PR0042472,2026-03-03,BR006,AO021,Kredit Produktif SME,SME,490500000,19.0,12
DSB0005534,APP0009257,PR0042476,2026-03-03,BR001,AO003,Kredit Produktif SME,SME,955000000,19.0,24
DSB0005535,APP0009259,PR0042485,2025-08-31,BR004,AO015,Kredit Konsumtif,Konsumtif,120500000,18.0,36
DSB0005536,APP0009260,PR0042489,2025-11-17,BR002,AO007,Kredit Konsumtif,Konsumtif,73000000,18.0,18
DSB0005537,APP0009262,PR0042496,2025-10-31,BR005,AO018,Kredit Produktif SME,SME,713000000,19.0,36
DSB0005538,APP0009263,PR0042500,2025-11-16,BR005,AO019,Kredit Payroll,Payroll,47000000,15.5,12
DSB0005539,APP0009265,PR0042509,2026-01-31,BR004,AO014,Kredit Mikro,Mikro,30000000,21.0,18
DSB0005540,APP0009266,PR0042511,2026-05-01,BR004,AO014,Kredit Konsumtif,Konsumtif,92500000,18.0,12
DSB0005541,APP0009271,PR0042534,2026-01-15,BR003,AO012,Kredit Produktif SME,SME,139500000,19.0,24
DSB0005542,APP0009272,PR0042536,2026-01-10,BR001,AO002,Kredit Mikro,Mikro,20000000,21.0,18
DSB0005543,APP0009273,PR0042546,2026-07-01,BR003,AO010,Kredit Payroll,Payroll,192500000,15.5,48
DSB0005544,APP0009274,PR0042549,2025-09-27,BR001,AO002,Kredit Payroll,Payroll,186500000,15.5,60
DSB0005545,APP0009275,PR0042554,2025-12-27,BR001,AO003,Kredit Payroll,Payroll,69000000,15.5,24
DSB0005546,APP0009276,PR0042560,2026-06-23,BR002,AO007,Kredit Konsumtif,Konsumtif,144000000,18.0,24
DSB0005547,APP0009277,PR0042567,2025-07-22,BR002,AO008,Kredit Mikro,Mikro,29000000,21.0,18
DSB0005548,APP0009278,PR0042574,2026-01-26,BR005,AO018,Kredit Mikro,Mikro,28500000,21.0,36
DSB0005549,APP0009279,PR0042577,2025-10-29,BR005,AO018,Kredit Produktif SME,SME,464500000,19.0,36
DSB0005550,APP0009280,PR0042578,2025-07-11,BR001,AO001,Kredit Produktif SME,SME,696500000,19.0,12
DSB0005551,APP0009282,PR0042582,2026-03-31,BR006,AO024,Kredit Payroll,Payroll,46000000,15.5,60
DSB0005552,APP0009284,PR0042588,2025-09-18,BR002,AO006,Kredit Payroll,Payroll,93000000,15.5,60
DSB0005553,APP0009286,PR0042592,2025-10-22,BR002,AO006,Kredit Mikro,Mikro,95500000,21.0,12
DSB0005554,APP0009290,PR0042606,2025-11-30,BR003,AO010,Kredit Payroll,Payroll,93000000,15.5,12
DSB0005555,APP0009291,PR0042607,2026-05-14,BR001,AO003,Kredit Produktif SME,SME,933000000,19.0,48
DSB0005556,APP0009292,PR0042619,2026-01-31,BR005,AO018,Kredit Mikro,Mikro,50000000,21.0,12
DSB0005557,APP0009294,PR0042626,2026-02-06,BR005,AO019,Kredit Payroll,Payroll,75000000,15.5,36
DSB0005558,APP0009296,PR0042640,2025-09-20,BR007,AO028,Kredit Konsumtif,Konsumtif,121500000,18.0,18
DSB0005559,APP0009297,PR0042641,2025-12-25,BR007,AO028,Kredit Payroll,Payroll,92500000,15.5,60
DSB0005560,APP0009299,PR0042649,2026-01-08,BR001,AO003,Kredit Konsumtif,Konsumtif,121000000,18.0,12
DSB0005561,APP0009302,PR0042663,2025-11-30,BR002,AO007,Kredit Payroll,Payroll,140500000,15.5,60
DSB0005562,APP0009303,PR0042678,2026-02-24,BR004,AO013,Kredit Produktif SME,SME,147000000,19.0,12
DSB0005563,APP0009306,PR0042684,2026-01-14,BR001,AO001,Kredit Payroll,Payroll,146500000,15.5,36
DSB0005564,APP0009307,PR0042689,2026-01-13,BR004,AO014,Kredit Konsumtif,Konsumtif,144500000,18.0,18
DSB0005565,APP0009309,PR0042692,2025-10-21,BR004,AO015,Kredit Mikro,Mikro,30000000,21.0,12
DSB0005566,APP0009311,PR0042698,2026-04-20,BR001,AO004,Kredit Produktif SME,SME,476000000,19.0,12
DSB0005567,APP0009314,PR0042713,2026-01-31,BR007,AO027,Kredit Payroll,Payroll,190500000,15.5,60
DSB0005568,APP0009315,PR0042733,2026-01-09,BR002,AO006,Kredit Konsumtif,Konsumtif,29500000,18.0,18
DSB0005569,APP0009316,PR0042738,2026-03-26,BR002,AO007,Kredit Produktif SME,SME,287000000,19.0,60
DSB0005570,APP0009317,PR0042739,2025-07-31,BR001,AO004,Kredit Konsumtif,Konsumtif,92500000,18.0,24
DSB0005571,APP0009318,PR0042744,2026-02-18,BR005,AO020,Kredit Payroll,Payroll,150000000,15.5,24
DSB0005572,APP0009319,PR0042760,2026-03-31,BR001,AO003,Kredit Payroll,Payroll,74500000,15.5,24
DSB0005573,APP0009320,PR0042761,2025-07-29,BR005,AO017,Kredit Konsumtif,Konsumtif,92000000,18.0,24
DSB0005574,APP0009323,PR0042768,2026-03-27,BR006,AO022,Kredit Konsumtif,Konsumtif,69500000,18.0,24
DSB0005575,APP0009324,PR0042786,2026-03-30,BR006,AO023,Kredit Payroll,Payroll,48500000,15.5,60
DSB0005576,APP0009326,PR0042790,2025-09-17,BR006,AO021,Kredit Payroll,Payroll,199000000,15.5,48
DSB0005577,APP0009332,PR0042810,2025-12-01,BR007,AO027,Kredit Konsumtif,Konsumtif,96000000,18.0,24
DSB0005578,APP0009334,PR0042830,2026-06-20,BR003,AO012,Kredit Mikro,Mikro,95500000,21.0,36
DSB0005579,APP0009335,PR0042842,2026-03-31,BR005,AO018,Kredit Mikro,Mikro,95000000,21.0,24
DSB0005580,APP0009336,PR0042845,2026-06-17,BR003,AO010,Kredit Konsumtif,Konsumtif,29500000,18.0,18
DSB0005581,APP0009338,PR0042853,2026-02-18,BR001,AO004,Kredit Konsumtif,Konsumtif,71500000,18.0,36
DSB0005582,APP0009339,PR0042862,2026-03-31,BR005,AO018,Kredit Konsumtif,Konsumtif,47500000,18.0,12
DSB0005583,APP0009342,PR0042874,2026-04-19,BR005,AO020,Kredit Payroll,Payroll,98500000,15.5,60
DSB0005584,APP0009344,PR0042887,2025-07-29,BR005,AO019,Kredit Mikro,Mikro,29500000,21.0,12
DSB0005585,APP0009345,PR0042889,2026-06-16,BR002,AO005,Kredit Mikro,Mikro,49000000,21.0,18
DSB0005586,APP0009347,PR0042898,2025-10-01,BR006,AO022,Kredit Payroll,Payroll,98500000,15.5,48
DSB0005587,APP0009348,PR0042904,2025-08-29,BR003,AO009,Kredit Konsumtif,Konsumtif,28000000,18.0,24
DSB0005588,APP0009349,PR0042909,2026-05-18,BR002,AO008,Kredit Konsumtif,Konsumtif,123500000,18.0,18
DSB0005589,APP0009350,PR0042911,2026-06-17,BR002,AO007,Kredit Produktif SME,SME,732000000,19.0,48
DSB0005590,APP0009352,PR0042915,2025-11-27,BR007,AO025,Kredit Payroll,Payroll,93500000,15.5,36
DSB0005591,APP0009355,PR0042924,2026-06-18,BR002,AO006,Kredit Produktif SME,SME,191500000,19.0,24
DSB0005592,APP0009356,PR0042931,2026-03-31,BR003,AO010,Kredit Payroll,Payroll,100000000,15.5,48
DSB0005593,APP0009359,PR0042954,2025-12-27,BR001,AO003,Kredit Mikro,Mikro,73500000,21.0,18
DSB0005594,APP0009360,PR0042955,2025-12-31,BR003,AO012,Kredit Payroll,Payroll,147500000,15.5,60
DSB0005595,APP0009361,PR0042960,2026-05-21,BR004,AO013,Kredit Konsumtif,Konsumtif,70000000,18.0,18
DSB0005596,APP0009365,PR0042976,2025-12-31,BR003,AO010,Kredit Konsumtif,Konsumtif,145500000,18.0,24
DSB0005597,APP0009366,PR0042980,2026-03-31,BR002,AO008,Kredit Mikro,Mikro,71500000,21.0,24
DSB0005598,APP0009370,PR0043009,2025-10-20,BR005,AO018,Kredit Konsumtif,Konsumtif,146500000,18.0,24
DSB0005599,APP0009371,PR0043012,2025-08-14,BR001,AO001,Kredit Konsumtif,Konsumtif,121500000,18.0,18
DSB0005600,APP0009372,PR0043020,2026-01-06,BR005,AO019,Kredit Mikro,Mikro,19500000,21.0,36
DSB0005601,APP0009373,PR0043025,2026-05-20,BR002,AO007,Kredit Payroll,Payroll,73000000,15.5,60
DSB0005602,APP0009374,PR0043028,2025-12-19,BR006,AO022,Kredit Konsumtif,Konsumtif,115000000,18.0,18
DSB0005603,APP0009375,PR0043029,2026-06-10,BR005,AO018,Kredit Payroll,Payroll,98500000,15.5,36
DSB0005604,APP0009376,PR0043030,2025-10-29,BR002,AO007,Kredit Mikro,Mikro,92000000,21.0,12
DSB0005605,APP0009378,PR0043036,2026-06-26,BR001,AO001,Kredit Konsumtif,Konsumtif,98500000,18.0,24
DSB0005606,APP0009379,PR0043042,2026-05-01,BR002,AO007,Kredit Konsumtif,Konsumtif,47000000,18.0,12
DSB0005607,APP0009380,PR0043045,2026-06-17,BR003,AO009,Kredit Konsumtif,Konsumtif,139000000,18.0,18
DSB0005608,APP0009381,PR0043052,2025-08-11,BR007,AO027,Kredit Payroll,Payroll,147500000,15.5,60
DSB0005609,APP0009383,PR0043056,2026-01-14,BR001,AO004,Kredit Payroll,Payroll,96000000,15.5,36
DSB0005610,APP0009384,PR0043059,2026-05-01,BR001,AO004,Kredit Konsumtif,Konsumtif,138500000,18.0,12
DSB0005611,APP0009387,PR0043068,2025-10-09,BR007,AO026,Kredit Payroll,Payroll,189000000,15.5,24
DSB0005612,APP0009389,PR0043077,2026-05-27,BR005,AO019,Kredit Mikro,Mikro,29000000,21.0,18
DSB0005613,APP0009390,PR0043081,2025-09-11,BR001,AO001,Kredit Mikro,Mikro,19000000,21.0,18
DSB0005614,APP0009391,PR0043082,2026-03-03,BR005,AO019,Kredit Konsumtif,Konsumtif,138500000,18.0,24
DSB0005615,APP0009393,PR0043094,2026-01-22,BR003,AO010,Kredit Mikro,Mikro,49500000,21.0,18
DSB0005616,APP0009394,PR0043103,2026-03-03,BR005,AO018,Kredit Payroll,Payroll,147500000,15.5,24
DSB0005617,APP0009395,PR0043108,2026-03-17,BR007,AO026,Kredit Konsumtif,Konsumtif,118000000,18.0,18
DSB0005618,APP0009397,PR0043115,2025-10-22,BR006,AO022,Kredit Produktif SME,SME,143000000,19.0,36
DSB0005619,APP0009399,PR0043118,2025-09-24,BR004,AO015,Kredit Mikro,Mikro,100000000,21.0,36
DSB0005620,APP0009401,PR0043127,2026-05-09,BR003,AO012,Kredit Konsumtif,Konsumtif,124000000,18.0,36
DSB0005621,APP0009402,PR0043129,2025-10-01,BR007,AO025,Kredit Payroll,Payroll,95500000,15.5,24
DSB0005622,APP0009404,PR0043133,2026-01-24,BR001,AO004,Kredit Produktif SME,SME,289000000,19.0,12
DSB0005623,APP0009406,PR0043136,2025-08-28,BR001,AO003,Kredit Mikro,Mikro,47000000,21.0,18
DSB0005624,APP0009407,PR0043144,2026-04-28,BR005,AO020,Kredit Payroll,Payroll,49000000,15.5,24
DSB0005625,APP0009408,PR0043147,2026-06-30,BR003,AO012,Kredit Konsumtif,Konsumtif,96500000,18.0,18
DSB0005626,APP0009411,PR0043159,2025-11-21,BR006,AO023,Kredit Payroll,Payroll,72500000,15.5,36
DSB0005627,APP0009413,PR0043176,2026-05-01,BR007,AO026,Kredit Payroll,Payroll,145000000,15.5,60
DSB0005628,APP0009414,PR0043177,2026-03-27,BR007,AO027,Kredit Payroll,Payroll,46500000,15.5,36
DSB0005629,APP0009415,PR0043179,2025-10-17,BR006,AO022,Kredit Produktif SME,SME,471500000,19.0,24
DSB0005630,APP0009416,PR0043186,2026-06-30,BR001,AO004,Kredit Mikro,Mikro,28000000,21.0,18
DSB0005631,APP0009418,PR0043195,2026-03-31,BR003,AO012,Kredit Payroll,Payroll,93500000,15.5,48
DSB0005632,APP0009419,PR0043205,2026-05-17,BR001,AO004,Kredit Payroll,Payroll,190500000,15.5,60
DSB0005633,APP0009420,PR0043208,2025-12-30,BR005,AO017,Kredit Payroll,Payroll,97500000,15.5,12
DSB0005634,APP0009421,PR0043212,2025-12-10,BR003,AO010,Kredit Mikro,Mikro,28500000,21.0,12
DSB0005635,APP0009423,PR0043217,2026-03-19,BR004,AO015,Kredit Payroll,Payroll,70500000,15.5,24
DSB0005636,APP0009424,PR0043218,2025-07-31,BR004,AO014,Kredit Payroll,Payroll,49500000,15.5,24
DSB0005637,APP0009425,PR0043219,2025-12-31,BR005,AO019,Kredit Konsumtif,Konsumtif,143000000,18.0,12
DSB0005638,APP0009426,PR0043223,2025-11-22,BR002,AO006,Kredit Konsumtif,Konsumtif,71500000,18.0,18
DSB0005639,APP0009428,PR0043226,2026-03-03,BR003,AO009,Kredit Mikro,Mikro,28500000,21.0,12
DSB0005640,APP0009430,PR0043243,2026-01-31,BR007,AO027,Kredit Mikro,Mikro,93000000,21.0,12
DSB0005641,APP0009432,PR0043254,2026-07-01,BR006,AO024,Kredit Payroll,Payroll,141000000,15.5,36
DSB0005642,APP0009433,PR0043264,2025-11-20,BR007,AO026,Kredit Produktif SME,SME,296000000,19.0,60
DSB0005643,APP0009434,PR0043268,2025-11-14,BR004,AO014,Kredit Konsumtif,Konsumtif,46500000,18.0,36
DSB0005644,APP0009435,PR0043281,2026-06-10,BR006,AO021,Kredit Konsumtif,Konsumtif,145500000,18.0,24
DSB0005645,APP0009436,PR0043288,2025-10-20,BR007,AO026,Kredit Mikro,Mikro,18500000,21.0,24
DSB0005646,APP0009437,PR0043289,2026-06-22,BR007,AO026,Kredit Payroll,Payroll,148000000,15.5,24
DSB0005647,APP0009439,PR0043300,2025-10-27,BR007,AO025,Kredit Payroll,Payroll,74000000,15.5,48
DSB0005648,APP0009441,PR0043313,2025-10-01,BR005,AO018,Kredit Konsumtif,Konsumtif,122000000,18.0,12
DSB0005649,APP0009442,PR0043321,2025-12-19,BR005,AO019,Kredit Mikro,Mikro,72000000,21.0,12
DSB0005650,APP0009444,PR0043326,2026-02-20,BR003,AO011,Kredit Produktif SME,SME,140000000,19.0,36
DSB0005651,APP0009446,PR0043331,2025-07-30,BR006,AO022,Kredit Mikro,Mikro,48500000,21.0,18
DSB0005652,APP0009449,PR0043358,2025-12-17,BR005,AO018,Kredit Konsumtif,Konsumtif,69500000,18.0,12
DSB0005653,APP0009450,PR0043360,2025-11-23,BR006,AO021,Kredit Payroll,Payroll,145500000,15.5,36
DSB0005654,APP0009452,PR0043366,2026-04-28,BR003,AO012,Kredit Konsumtif,Konsumtif,124000000,18.0,12
DSB0005655,APP0009456,PR0043389,2026-05-31,BR005,AO018,Kredit Mikro,Mikro,48500000,21.0,24
DSB0005656,APP0009458,PR0043393,2025-07-21,BR001,AO004,Kredit Payroll,Payroll,195000000,15.5,60
DSB0005657,APP0009463,PR0043427,2025-07-27,BR002,AO006,Kredit Produktif SME,SME,199500000,19.0,36
DSB0005658,APP0009464,PR0043431,2026-06-09,BR001,AO003,Kredit Mikro,Mikro,29500000,21.0,24
DSB0005659,APP0009467,PR0043459,2025-10-01,BR001,AO001,Kredit Produktif SME,SME,149500000,19.0,12
DSB0005660,APP0009470,PR0043521,2026-04-20,BR005,AO020,Kredit Payroll,Payroll,195500000,15.5,12
DSB0005661,APP0009471,PR0043524,2026-04-28,BR005,AO017,Kredit Payroll,Payroll,95000000,15.5,60
DSB0005662,APP0009474,PR0043534,2025-10-01,BR002,AO008,Kredit Konsumtif,Konsumtif,69500000,18.0,18
DSB0005663,APP0009475,PR0043542,2025-10-27,BR006,AO021,Kredit Mikro,Mikro,73500000,21.0,24
DSB0005664,APP0009476,PR0043548,2025-12-16,BR005,AO018,Kredit Konsumtif,Konsumtif,71500000,18.0,18
DSB0005665,APP0009479,PR0043562,2026-06-25,BR003,AO010,Kredit Konsumtif,Konsumtif,93500000,18.0,12
DSB0005666,APP0009482,PR0043573,2025-07-30,BR006,AO021,Kredit Konsumtif,Konsumtif,144500000,18.0,18
DSB0005667,APP0009483,PR0043579,2025-12-20,BR006,AO022,Kredit Konsumtif,Konsumtif,99000000,18.0,24
DSB0005668,APP0009484,PR0043581,2026-06-19,BR006,AO022,Kredit Konsumtif,Konsumtif,48000000,18.0,18
DSB0005669,APP0009486,PR0043596,2026-01-12,BR002,AO008,Kredit Produktif SME,SME,200000000,19.0,12
DSB0005670,APP0009489,PR0043610,2026-03-07,BR005,AO020,Kredit Mikro,Mikro,50000000,21.0,36
DSB0005671,APP0009491,PR0043616,2026-06-12,BR005,AO019,Kredit Produktif SME,SME,489000000,19.0,36
DSB0005672,APP0009492,PR0043623,2026-02-25,BR001,AO001,Kredit Payroll,Payroll,93000000,15.5,48
DSB0005673,APP0009495,PR0043645,2026-01-11,BR007,AO027,Kredit Produktif SME,SME,145000000,19.0,48
DSB0005674,APP0009496,PR0043648,2025-10-23,BR007,AO027,Kredit Mikro,Mikro,48500000,21.0,12
DSB0005675,APP0009498,PR0043656,2025-07-11,BR007,AO026,Kredit Konsumtif,Konsumtif,29500000,18.0,12
DSB0005676,APP0009500,PR0043677,2026-07-01,BR003,AO011,Kredit Konsumtif,Konsumtif,71500000,18.0,36
DSB0005677,APP0009503,PR0043699,2025-11-13,BR004,AO016,Kredit Konsumtif,Konsumtif,47000000,18.0,18
DSB0005678,APP0009505,PR0043710,2026-04-21,BR001,AO001,Kredit Konsumtif,Konsumtif,69500000,18.0,18
DSB0005679,APP0009506,PR0043738,2025-09-16,BR005,AO017,Kredit Mikro,Mikro,47500000,21.0,24
DSB0005680,APP0009511,PR0043772,2025-11-25,BR001,AO003,Kredit Payroll,Payroll,145500000,15.5,24
DSB0005681,APP0009512,PR0043774,2025-09-18,BR003,AO009,Kredit Mikro,Mikro,18500000,21.0,36
DSB0005682,APP0009515,PR0043780,2025-09-21,BR001,AO003,Kredit Mikro,Mikro,29000000,21.0,24
DSB0005683,APP0009516,PR0043785,2025-07-31,BR003,AO009,Kredit Produktif SME,SME,199000000,19.0,36
DSB0005684,APP0009517,PR0043793,2025-11-25,BR001,AO003,Kredit Mikro,Mikro,94000000,21.0,36
DSB0005685,APP0009518,PR0043798,2025-07-15,BR002,AO007,Kredit Konsumtif,Konsumtif,117000000,18.0,12
DSB0005686,APP0009522,PR0043822,2026-06-19,BR001,AO002,Kredit Produktif SME,SME,96500000,19.0,24
DSB0005687,APP0009525,PR0043829,2026-01-31,BR005,AO017,Kredit Konsumtif,Konsumtif,48000000,18.0,12
DSB0005688,APP0009529,PR0043844,2026-05-13,BR003,AO012,Kredit Mikro,Mikro,96000000,21.0,12
DSB0005689,APP0009532,PR0043854,2025-08-31,BR007,AO026,Kredit Payroll,Payroll,188000000,15.5,36
DSB0005690,APP0009533,PR0043857,2025-11-25,BR006,AO021,Kredit Mikro,Mikro,74500000,21.0,12
DSB0005691,APP0009535,PR0043860,2026-05-19,BR002,AO007,Kredit Konsumtif,Konsumtif,70000000,18.0,36
DSB0005692,APP0009537,PR0043866,2025-10-30,BR003,AO010,Kredit Produktif SME,SME,199000000,19.0,36
DSB0005693,APP0009538,PR0043867,2026-03-03,BR007,AO025,Kredit Payroll,Payroll,138500000,15.5,48
DSB0005694,APP0009539,PR0043870,2026-03-29,BR002,AO005,Kredit Payroll,Payroll,140000000,15.5,36
DSB0005695,APP0009541,PR0043888,2026-03-03,BR007,AO027,Kredit Payroll,Payroll,99500000,15.5,60
DSB0005696,APP0009542,PR0043889,2026-03-12,BR007,AO027,Kredit Konsumtif,Konsumtif,48500000,18.0,24
DSB0005697,APP0009543,PR0043890,2026-03-03,BR002,AO006,Kredit Produktif SME,SME,98500000,19.0,36
DSB0005698,APP0009544,PR0043894,2026-03-24,BR001,AO002,Kredit Produktif SME,SME,296500000,19.0,12
DSB0005699,APP0009545,PR0043898,2026-01-31,BR004,AO015,Kredit Produktif SME,SME,197500000,19.0,24
DSB0005700,APP0009547,PR0043904,2026-06-28,BR001,AO003,Kredit Produktif SME,SME,296500000,19.0,36
DSB0005701,APP0009548,PR0043910,2026-05-15,BR004,AO013,Kredit Mikro,Mikro,74500000,21.0,18
DSB0005702,APP0009549,PR0043914,2025-08-19,BR007,AO025,Kredit Produktif SME,SME,99500000,19.0,60
DSB0005703,APP0009550,PR0043918,2025-12-12,BR001,AO003,Kredit Payroll,Payroll,48500000,15.5,48
DSB0005704,APP0009551,PR0043921,2026-05-18,BR007,AO028,Kredit Payroll,Payroll,139000000,15.5,12
DSB0005705,APP0009555,PR0043950,2026-04-10,BR002,AO007,Kredit Mikro,Mikro,71500000,21.0,12
DSB0005706,APP0009556,PR0043958,2026-01-29,BR007,AO027,Kredit Payroll,Payroll,188500000,15.5,48
DSB0005707,APP0009557,PR0043964,2025-09-27,BR006,AO022,Kredit Mikro,Mikro,19000000,21.0,24
DSB0005708,APP0009558,PR0043970,2025-12-24,BR001,AO001,Kredit Produktif SME,SME,709500000,19.0,60
DSB0005709,APP0009559,PR0043973,2025-08-12,BR007,AO025,Kredit Konsumtif,Konsumtif,49000000,18.0,12
DSB0005710,APP0009560,PR0043974,2026-03-08,BR002,AO006,Kredit Produktif SME,SME,147000000,19.0,60
DSB0005711,APP0009562,PR0043984,2026-02-13,BR003,AO012,Kredit Mikro,Mikro,47000000,21.0,24
DSB0005712,APP0009563,PR0043987,2025-08-14,BR001,AO003,Kredit Konsumtif,Konsumtif,99500000,18.0,36
DSB0005713,APP0009565,PR0043996,2026-03-29,BR002,AO008,Kredit Konsumtif,Konsumtif,48000000,18.0,36
DSB0005714,APP0009566,PR0044003,2026-05-24,BR005,AO018,Kredit Konsumtif,Konsumtif,70500000,18.0,12
DSB0005715,APP0009567,PR0044005,2026-06-26,BR002,AO006,Kredit Payroll,Payroll,72500000,15.5,60
DSB0005716,APP0009571,PR0044033,2026-02-06,BR003,AO011,Kredit Mikro,Mikro,19000000,21.0,12
DSB0005717,APP0009574,PR0044042,2025-08-28,BR005,AO019,Kredit Konsumtif,Konsumtif,28000000,18.0,24
DSB0005718,APP0009577,PR0044070,2025-12-01,BR005,AO019,Kredit Konsumtif,Konsumtif,95000000,18.0,12
DSB0005719,APP0009578,PR0044074,2025-08-19,BR002,AO008,Kredit Mikro,Mikro,96500000,21.0,18
DSB0005720,APP0009579,PR0044080,2026-01-20,BR005,AO017,Kredit Mikro,Mikro,19000000,21.0,24
DSB0005721,APP0009580,PR0044085,2025-10-31,BR002,AO006,Kredit Konsumtif,Konsumtif,49500000,18.0,24
DSB0005722,APP0009581,PR0044090,2025-12-18,BR001,AO004,Kredit Konsumtif,Konsumtif,95000000,18.0,36
DSB0005723,APP0009582,PR0044094,2026-02-27,BR002,AO005,Kredit Konsumtif,Konsumtif,123500000,18.0,24
DSB0005724,APP0009585,PR0044108,2026-05-28,BR004,AO014,Kredit Konsumtif,Konsumtif,115000000,18.0,24
DSB0005725,APP0009586,PR0044109,2025-12-19,BR007,AO025,Kredit Produktif SME,SME,99500000,19.0,60
DSB0005726,APP0009587,PR0044110,2026-01-31,BR002,AO005,Kredit Produktif SME,SME,95000000,19.0,36
DSB0005727,APP0009588,PR0044111,2026-07-01,BR003,AO010,Kredit Payroll,Payroll,184500000,15.5,60
DSB0005728,APP0009592,PR0044131,2025-12-25,BR003,AO010,Kredit Mikro,Mikro,30000000,21.0,36
DSB0005729,APP0009594,PR0044135,2025-09-13,BR004,AO016,Kredit Konsumtif,Konsumtif,148000000,18.0,36
DSB0005730,APP0009595,PR0044137,2026-06-14,BR001,AO003,Kredit Konsumtif,Konsumtif,46500000,18.0,12
DSB0005731,APP0009596,PR0044141,2025-07-28,BR001,AO001,Kredit Konsumtif,Konsumtif,46500000,18.0,18
DSB0005732,APP0009597,PR0044143,2026-04-19,BR002,AO007,Kredit Konsumtif,Konsumtif,146500000,18.0,36
DSB0005733,APP0009598,PR0044150,2025-12-17,BR006,AO023,Kredit Payroll,Payroll,73000000,15.5,12
DSB0005734,APP0009601,PR0044155,2026-06-22,BR006,AO021,Kredit Produktif SME,SME,97500000,19.0,12
DSB0005735,APP0009602,PR0044162,2026-05-25,BR005,AO020,Kredit Konsumtif,Konsumtif,30000000,18.0,24
DSB0005736,APP0009604,PR0044167,2025-08-11,BR003,AO009,Kredit Konsumtif,Konsumtif,122500000,18.0,12
DSB0005737,APP0009605,PR0044171,2025-07-31,BR001,AO003,Kredit Konsumtif,Konsumtif,125000000,18.0,12
DSB0005738,APP0009609,PR0044195,2026-05-01,BR002,AO006,Kredit Mikro,Mikro,19000000,21.0,24
DSB0005739,APP0009610,PR0044196,2026-05-01,BR003,AO011,Kredit Payroll,Payroll,94000000,15.5,12
DSB0005740,APP0009612,PR0044200,2025-10-31,BR002,AO006,Kredit Konsumtif,Konsumtif,94500000,18.0,12
DSB0005741,APP0009613,PR0044221,2026-01-22,BR005,AO017,Kredit Konsumtif,Konsumtif,71000000,18.0,36
DSB0005742,APP0009614,PR0044224,2026-05-31,BR002,AO005,Kredit Produktif SME,SME,997500000,19.0,24
DSB0005743,APP0009615,PR0044231,2025-11-14,BR003,AO011,Kredit Konsumtif,Konsumtif,49500000,18.0,12
DSB0005744,APP0009619,PR0044238,2026-03-31,BR002,AO005,Kredit Konsumtif,Konsumtif,123500000,18.0,24
DSB0005745,APP0009620,PR0044243,2026-05-01,BR001,AO001,Kredit Mikro,Mikro,98000000,21.0,24
DSB0005746,APP0009622,PR0044255,2025-10-31,BR002,AO008,Kredit Konsumtif,Konsumtif,99500000,18.0,12
DSB0005747,APP0009623,PR0044256,2025-07-31,BR006,AO024,Kredit Konsumtif,Konsumtif,94500000,18.0,12
DSB0005748,APP0009624,PR0044258,2025-07-20,BR005,AO017,Kredit Produktif SME,SME,95500000,19.0,36
DSB0005749,APP0009625,PR0044259,2025-12-24,BR002,AO008,Kredit Konsumtif,Konsumtif,116000000,18.0,36
DSB0005750,APP0009626,PR0044260,2025-12-17,BR001,AO003,Kredit Konsumtif,Konsumtif,70000000,18.0,18
DSB0005751,APP0009629,PR0044284,2026-03-27,BR001,AO001,Kredit Mikro,Mikro,20000000,21.0,36
DSB0005752,APP0009632,PR0044300,2026-02-22,BR002,AO007,Kredit Konsumtif,Konsumtif,71500000,18.0,24
DSB0005753,APP0009637,PR0044315,2026-06-08,BR006,AO022,Kredit Mikro,Mikro,18500000,21.0,12
DSB0005754,APP0009638,PR0044320,2025-10-01,BR004,AO013,Kredit Konsumtif,Konsumtif,46000000,18.0,12
DSB0005755,APP0009639,PR0044323,2026-07-01,BR005,AO017,Kredit Konsumtif,Konsumtif,71000000,18.0,12
DSB0005756,APP0009641,PR0044328,2025-08-20,BR005,AO019,Kredit Mikro,Mikro,19000000,21.0,12
DSB0005757,APP0009644,PR0044340,2026-02-11,BR003,AO009,Kredit Konsumtif,Konsumtif,150000000,18.0,18
DSB0005758,APP0009646,PR0044347,2026-05-20,BR004,AO014,Kredit Produktif SME,SME,190000000,19.0,60
DSB0005759,APP0009648,PR0044350,2025-09-12,BR006,AO023,Kredit Mikro,Mikro,29000000,21.0,12
DSB0005760,APP0009649,PR0044356,2025-10-27,BR001,AO004,Kredit Mikro,Mikro,95500000,21.0,18
DSB0005761,APP0009652,PR0044374,2026-05-01,BR001,AO004,Kredit Produktif SME,SME,972500000,19.0,12
DSB0005762,APP0009653,PR0044383,2026-05-22,BR001,AO001,Kredit Konsumtif,Konsumtif,143500000,18.0,36
DSB0005763,APP0009654,PR0044385,2025-09-17,BR001,AO004,Kredit Produktif SME,SME,146000000,19.0,60
DSB0005764,APP0009657,PR0044400,2026-01-31,BR003,AO011,Kredit Konsumtif,Konsumtif,70500000,18.0,24
DSB0005765,APP0009658,PR0044402,2026-05-05,BR006,AO021,Kredit Produktif SME,SME,187500000,19.0,60
DSB0005766,APP0009659,PR0044405,2025-11-10,BR004,AO014,Kredit Konsumtif,Konsumtif,72000000,18.0,24
DSB0005767,APP0009660,PR0044406,2025-12-28,BR001,AO004,Kredit Produktif SME,SME,987000000,19.0,36
DSB0005768,APP0009661,PR0044413,2026-06-28,BR004,AO016,Kredit Mikro,Mikro,28000000,21.0,18
DSB0005769,APP0009662,PR0044419,2026-03-01,BR001,AO001,Kredit Mikro,Mikro,19000000,21.0,24
DSB0005770,APP0009663,PR0044423,2025-10-29,BR002,AO006,Kredit Produktif SME,SME,141000000,19.0,24
DSB0005771,APP0009664,PR0044424,2026-01-22,BR003,AO010,Kredit Payroll,Payroll,148500000,15.5,48
DSB0005772,APP0009666,PR0044431,2025-11-21,BR003,AO009,Kredit Produktif SME,SME,482000000,19.0,12
DSB0005773,APP0009668,PR0044435,2026-05-31,BR003,AO012,Kredit Mikro,Mikro,28500000,21.0,12
DSB0005774,APP0009669,PR0044438,2026-02-22,BR001,AO003,Kredit Produktif SME,SME,487500000,19.0,12
DSB0005775,APP0009673,PR0044448,2025-10-12,BR005,AO019,Kredit Konsumtif,Konsumtif,121000000,18.0,24
DSB0005776,APP0009674,PR0044454,2025-11-15,BR005,AO020,Kredit Produktif SME,SME,283500000,19.0,48
DSB0005777,APP0009675,PR0044456,2026-02-27,BR004,AO015,Kredit Konsumtif,Konsumtif,148500000,18.0,18
DSB0005778,APP0009676,PR0044461,2025-09-16,BR001,AO004,Kredit Mikro,Mikro,18500000,21.0,12
DSB0005779,APP0009677,PR0044471,2026-07-01,BR005,AO019,Kredit Produktif SME,SME,972000000,19.0,12
DSB0005780,APP0009678,PR0044484,2026-01-19,BR005,AO018,Kredit Konsumtif,Konsumtif,146500000,18.0,18
DSB0005781,APP0009679,PR0044485,2026-05-01,BR001,AO002,Kredit Konsumtif,Konsumtif,71000000,18.0,36
DSB0005782,APP0009680,PR0044489,2025-08-19,BR001,AO001,Kredit Payroll,Payroll,72000000,15.5,36
DSB0005783,APP0009681,PR0044495,2025-07-29,BR004,AO016,Kredit Payroll,Payroll,94000000,15.5,48
DSB0005784,APP0009683,PR0044512,2025-12-31,BR006,AO022,Kredit Konsumtif,Konsumtif,28500000,18.0,18
DSB0005785,APP0009684,PR0044521,2026-02-23,BR006,AO023,Kredit Payroll,Payroll,47500000,15.5,60
DSB0005786,APP0009687,PR0044528,2025-10-09,BR004,AO016,Kredit Payroll,Payroll,92500000,15.5,12
DSB0005787,APP0009689,PR0044538,2025-12-01,BR005,AO019,Kredit Konsumtif,Konsumtif,98500000,18.0,12
DSB0005788,APP0009690,PR0044545,2026-06-28,BR006,AO021,Kredit Payroll,Payroll,92000000,15.5,24
DSB0005789,APP0009692,PR0044550,2026-02-27,BR001,AO001,Kredit Konsumtif,Konsumtif,71500000,18.0,18
DSB0005790,APP0009694,PR0044557,2025-10-31,BR001,AO004,Kredit Produktif SME,SME,187500000,19.0,36
DSB0005791,APP0009698,PR0044583,2025-12-20,BR003,AO012,Kredit Payroll,Payroll,48500000,15.5,36
DSB0005792,APP0009699,PR0044584,2025-07-24,BR001,AO001,Kredit Konsumtif,Konsumtif,97500000,18.0,18
DSB0005793,APP0009700,PR0044592,2026-05-27,BR005,AO017,Kredit Konsumtif,Konsumtif,121500000,18.0,24
DSB0005794,APP0009702,PR0044598,2025-08-26,BR007,AO027,Kredit Mikro,Mikro,69500000,21.0,12
DSB0005795,APP0009704,PR0044608,2026-03-03,BR001,AO004,Kredit Produktif SME,SME,296000000,19.0,24
DSB0005796,APP0009706,PR0044624,2025-10-17,BR004,AO013,Kredit Produktif SME,SME,139500000,19.0,24
DSB0005797,APP0009710,PR0044646,2025-10-01,BR005,AO017,Kredit Konsumtif,Konsumtif,124000000,18.0,12
DSB0005798,APP0009711,PR0044648,2025-12-31,BR003,AO011,Kredit Konsumtif,Konsumtif,124000000,18.0,24
DSB0005799,APP0009712,PR0044649,2026-01-21,BR002,AO005,Kredit Produktif SME,SME,976500000,19.0,24
DSB0005800,APP0009713,PR0044654,2025-08-31,BR006,AO022,Kredit Konsumtif,Konsumtif,28500000,18.0,18
DSB0005801,APP0009715,PR0044678,2026-03-27,BR005,AO019,Kredit Konsumtif,Konsumtif,122000000,18.0,12
DSB0005802,APP0009716,PR0044680,2026-06-14,BR001,AO004,Kredit Konsumtif,Konsumtif,143500000,18.0,36
DSB0005803,APP0009717,PR0044684,2026-02-11,BR004,AO016,Kredit Payroll,Payroll,48500000,15.5,24
DSB0005804,APP0009718,PR0044685,2025-12-31,BR003,AO011,Kredit Payroll,Payroll,199000000,15.5,36
DSB0005805,APP0009719,PR0044713,2025-07-26,BR001,AO003,Kredit Konsumtif,Konsumtif,93500000,18.0,18
DSB0005806,APP0009720,PR0044715,2026-03-11,BR006,AO022,Kredit Mikro,Mikro,29000000,21.0,24
DSB0005807,APP0009726,PR0044740,2025-12-01,BR005,AO019,Kredit Konsumtif,Konsumtif,70000000,18.0,12
DSB0005808,APP0009727,PR0044741,2025-12-18,BR006,AO024,Kredit Konsumtif,Konsumtif,48000000,18.0,18
DSB0005809,APP0009729,PR0044749,2026-04-12,BR007,AO026,Kredit Konsumtif,Konsumtif,98000000,18.0,36
DSB0005810,APP0009733,PR0044772,2026-01-31,BR005,AO020,Kredit Payroll,Payroll,197500000,15.5,24
DSB0005811,APP0009735,PR0044781,2026-02-26,BR002,AO007,Kredit Mikro,Mikro,29500000,21.0,12
DSB0005812,APP0009738,PR0044795,2025-12-21,BR007,AO026,Kredit Payroll,Payroll,95000000,15.5,36
DSB0005813,APP0009740,PR0044801,2025-10-31,BR002,AO008,Kredit Payroll,Payroll,147500000,15.5,60
DSB0005814,APP0009741,PR0044802,2026-04-26,BR005,AO020,Kredit Produktif SME,SME,496000000,19.0,12
DSB0005815,APP0009742,PR0044810,2025-10-07,BR002,AO008,Kredit Konsumtif,Konsumtif,73000000,18.0,12
DSB0005816,APP0009743,PR0044814,2025-12-31,BR007,AO028,Kredit Payroll,Payroll,49500000,15.5,24
DSB0005817,APP0009745,PR0044832,2026-01-31,BR003,AO011,Kredit Payroll,Payroll,196500000,15.5,12
DSB0005818,APP0009746,PR0044836,2025-10-31,BR006,AO021,Kredit Konsumtif,Konsumtif,148500000,18.0,36
DSB0005819,APP0009747,PR0044840,2026-02-23,BR005,AO020,Kredit Mikro,Mikro,93500000,21.0,24
DSB0005820,APP0009748,PR0044857,2025-07-21,BR007,AO025,Kredit Konsumtif,Konsumtif,122500000,18.0,12
DSB0005821,APP0009749,PR0044860,2026-06-13,BR005,AO019,Kredit Payroll,Payroll,94500000,15.5,60
DSB0005822,APP0009751,PR0044863,2026-03-28,BR007,AO025,Kredit Produktif SME,SME,296500000,19.0,60
DSB0005823,APP0009753,PR0044866,2025-12-17,BR006,AO022,Kredit Konsumtif,Konsumtif,119500000,18.0,36
DSB0005824,APP0009754,PR0044875,2025-09-22,BR003,AO009,Kredit Payroll,Payroll,199000000,15.5,48
DSB0005825,APP0009755,PR0044876,2026-05-31,BR001,AO003,Kredit Konsumtif,Konsumtif,71500000,18.0,36
DSB0005826,APP0009757,PR0044885,2026-01-31,BR003,AO012,Kredit Mikro,Mikro,46500000,21.0,18
DSB0005827,APP0009758,PR0044887,2025-11-26,BR004,AO016,Kredit Payroll,Payroll,47000000,15.5,60
DSB0005828,APP0009759,PR0044890,2026-02-19,BR007,AO025,Kredit Payroll,Payroll,195000000,15.5,48
DSB0005829,APP0009760,PR0044894,2025-12-23,BR004,AO013,Kredit Payroll,Payroll,194500000,15.5,24
DSB0005830,APP0009766,PR0044934,2025-10-14,BR007,AO027,Kredit Payroll,Payroll,141500000,15.5,60
DSB0005831,APP0009767,PR0044936,2026-03-31,BR006,AO021,Kredit Produktif SME,SME,292000000,19.0,36
DSB0005832,APP0009768,PR0044938,2026-03-27,BR005,AO018,Kredit Mikro,Mikro,73500000,21.0,18
DSB0005833,APP0009771,PR0044950,2026-05-11,BR003,AO012,Kredit Konsumtif,Konsumtif,49500000,18.0,36
DSB0005834,APP0009772,PR0044954,2025-07-20,BR005,AO018,Kredit Mikro,Mikro,99500000,21.0,36
DSB0005835,APP0009773,PR0044958,2025-08-31,BR006,AO024,Kredit Konsumtif,Konsumtif,28500000,18.0,24
DSB0005836,APP0009774,PR0044960,2026-01-24,BR007,AO025,Kredit Payroll,Payroll,72500000,15.5,24
DSB0005837,APP0009775,PR0044963,2026-06-14,BR003,AO011,Kredit Payroll,Payroll,49000000,15.5,12
DSB0005838,APP0009776,PR0044965,2025-09-23,BR006,AO023,Kredit Konsumtif,Konsumtif,49500000,18.0,24
DSB0005839,APP0009777,PR0044968,2025-08-25,BR002,AO005,Kredit Produktif SME,SME,290500000,19.0,48
DSB0005840,APP0009778,PR0044973,2025-07-31,BR002,AO007,Kredit Konsumtif,Konsumtif,146500000,18.0,36
DSB0005841,APP0009779,PR0044978,2025-08-30,BR003,AO009,Kredit Produktif SME,SME,285500000,19.0,12
DSB0005842,APP0009780,PR0044984,2025-07-10,BR005,AO018,Kredit Konsumtif,Konsumtif,138500000,18.0,18
DSB0005843,APP0009781,PR0044990,2026-01-08,BR006,AO024,Kredit Konsumtif,Konsumtif,140000000,18.0,24
DSB0005844,APP0009787,PR0045025,2026-05-06,BR002,AO005,Kredit Payroll,Payroll,185500000,15.5,36
DSB0005845,APP0009792,PR0045049,2025-08-31,BR007,AO026,Kredit Konsumtif,Konsumtif,29000000,18.0,36
DSB0005846,APP0009793,PR0045058,2026-02-13,BR004,AO016,Kredit Payroll,Payroll,184000000,15.5,12
DSB0005847,APP0009797,PR0045074,2026-06-21,BR006,AO023,Kredit Mikro,Mikro,20000000,21.0,12
DSB0005848,APP0009803,PR0045103,2026-02-15,BR002,AO007,Kredit Payroll,Payroll,97000000,15.5,24
DSB0005849,APP0009806,PR0045120,2026-03-03,BR001,AO003,Kredit Konsumtif,Konsumtif,49500000,18.0,24
DSB0005850,APP0009807,PR0045127,2026-03-02,BR003,AO009,Kredit Payroll,Payroll,186000000,15.5,60
DSB0005851,APP0009808,PR0045128,2026-04-27,BR002,AO006,Kredit Konsumtif,Konsumtif,30000000,18.0,18
DSB0005852,APP0009812,PR0045143,2026-01-31,BR002,AO005,Kredit Mikro,Mikro,99000000,21.0,24
DSB0005853,APP0009813,PR0045147,2026-06-28,BR006,AO021,Kredit Payroll,Payroll,48000000,15.5,24
DSB0005854,APP0009814,PR0045149,2026-04-08,BR002,AO007,Kredit Konsumtif,Konsumtif,29500000,18.0,24
DSB0005855,APP0009815,PR0045154,2025-07-21,BR005,AO018,Kredit Konsumtif,Konsumtif,94500000,18.0,18
DSB0005856,APP0009816,PR0045164,2025-07-31,BR007,AO026,Kredit Payroll,Payroll,145500000,15.5,12
DSB0005857,APP0009822,PR0045189,2025-12-25,BR002,AO006,Kredit Konsumtif,Konsumtif,47000000,18.0,12
DSB0005858,APP0009824,PR0045195,2025-12-22,BR001,AO003,Kredit Mikro,Mikro,96500000,21.0,18
DSB0005859,APP0009825,PR0045200,2025-11-10,BR004,AO014,Kredit Payroll,Payroll,139500000,15.5,12
DSB0005860,APP0009826,PR0045205,2025-12-16,BR002,AO007,Kredit Konsumtif,Konsumtif,125000000,18.0,24
DSB0005861,APP0009830,PR0045219,2025-10-20,BR002,AO007,Kredit Konsumtif,Konsumtif,140000000,18.0,18
DSB0005862,APP0009833,PR0045239,2026-05-01,BR002,AO008,Kredit Konsumtif,Konsumtif,99000000,18.0,36
DSB0005863,APP0009834,PR0045240,2025-11-23,BR001,AO001,Kredit Mikro,Mikro,73000000,21.0,18
DSB0005864,APP0009835,PR0045241,2025-12-01,BR001,AO002,Kredit Konsumtif,Konsumtif,50000000,18.0,18
DSB0005865,APP0009836,PR0045244,2025-12-15,BR004,AO016,Kredit Produktif SME,SME,936500000,19.0,12
DSB0005866,APP0009837,PR0045246,2025-08-21,BR002,AO006,Kredit Payroll,Payroll,96500000,15.5,48
DSB0005867,APP0009838,PR0045252,2026-01-29,BR007,AO025,Kredit Produktif SME,SME,298000000,19.0,24
DSB0005868,APP0009840,PR0045258,2026-04-21,BR007,AO027,Kredit Payroll,Payroll,147500000,15.5,36
DSB0005869,APP0009842,PR0045261,2026-03-17,BR005,AO018,Kredit Konsumtif,Konsumtif,120500000,18.0,18
DSB0005870,APP0009843,PR0045264,2026-06-19,BR007,AO028,Kredit Produktif SME,SME,491500000,19.0,36
DSB0005871,APP0009846,PR0045288,2025-08-27,BR004,AO015,Kredit Konsumtif,Konsumtif,28000000,18.0,36
DSB0005872,APP0009849,PR0045296,2026-01-13,BR006,AO022,Kredit Produktif SME,SME,488500000,19.0,36
DSB0005873,APP0009851,PR0045298,2025-09-28,BR001,AO003,Kredit Produktif SME,SME,145000000,19.0,48
DSB0005874,APP0009852,PR0045301,2026-03-31,BR001,AO003,Kredit Konsumtif,Konsumtif,71500000,18.0,18
DSB0005875,APP0009853,PR0045308,2025-08-31,BR005,AO019,Kredit Produktif SME,SME,146000000,19.0,60
DSB0005876,APP0009854,PR0045310,2026-03-03,BR002,AO007,Kredit Produktif SME,SME,483000000,19.0,24
DSB0005877,APP0009855,PR0045313,2026-06-16,BR004,AO013,Kredit Produktif SME,SME,713500000,19.0,24
DSB0005878,APP0009858,PR0045326,2026-03-25,BR001,AO001,Kredit Konsumtif,Konsumtif,74500000,18.0,12
DSB0005879,APP0009859,PR0045328,2026-05-27,BR001,AO004,Kredit Payroll,Payroll,138500000,15.5,12
DSB0005880,APP0009860,PR0045331,2026-04-30,BR002,AO005,Kredit Payroll,Payroll,194000000,15.5,36
DSB0005881,APP0009861,PR0045335,2026-01-10,BR001,AO001,Kredit Payroll,Payroll,46500000,15.5,24
DSB0005882,APP0009862,PR0045337,2025-11-16,BR002,AO005,Kredit Payroll,Payroll,74500000,15.5,12
DSB0005883,APP0009863,PR0045341,2025-10-01,BR005,AO018,Kredit Mikro,Mikro,92000000,21.0,12
DSB0005884,APP0009865,PR0045350,2025-10-01,BR001,AO004,Kredit Mikro,Mikro,47500000,21.0,24
DSB0005885,APP0009866,PR0045353,2026-05-31,BR006,AO022,Kredit Mikro,Mikro,19500000,21.0,24
DSB0005886,APP0009867,PR0045356,2025-09-29,BR007,AO028,Kredit Konsumtif,Konsumtif,71500000,18.0,12
DSB0005887,APP0009868,PR0045358,2026-05-19,BR007,AO025,Kredit Produktif SME,SME,142000000,19.0,36
DSB0005888,APP0009869,PR0045359,2025-11-27,BR007,AO027,Kredit Konsumtif,Konsumtif,49500000,18.0,12
DSB0005889,APP0009871,PR0045369,2026-04-26,BR002,AO007,Kredit Mikro,Mikro,71500000,21.0,24
DSB0005890,APP0009873,PR0045371,2026-01-20,BR002,AO008,Kredit Payroll,Payroll,145000000,15.5,36
DSB0005891,APP0009874,PR0045375,2026-05-01,BR006,AO023,Kredit Mikro,Mikro,20000000,21.0,36
DSB0005892,APP0009875,PR0045393,2026-02-17,BR004,AO015,Kredit Payroll,Payroll,95500000,15.5,36
DSB0005893,APP0009876,PR0045394,2026-06-12,BR005,AO018,Kredit Produktif SME,SME,930000000,19.0,36
DSB0005894,APP0009880,PR0045402,2025-10-31,BR003,AO010,Kredit Konsumtif,Konsumtif,117500000,18.0,36
DSB0005895,APP0009882,PR0045417,2025-09-23,BR002,AO005,Kredit Payroll,Payroll,147500000,15.5,48
DSB0005896,APP0009887,PR0045431,2026-01-31,BR007,AO027,Kredit Payroll,Payroll,99000000,15.5,12
DSB0005897,APP0009888,PR0045436,2026-06-11,BR003,AO012,Kredit Payroll,Payroll,143000000,15.5,60
DSB0005898,APP0009889,PR0045437,2026-05-31,BR007,AO025,Kredit Produktif SME,SME,467500000,19.0,36
DSB0005899,APP0009891,PR0045443,2025-11-29,BR001,AO004,Kredit Produktif SME,SME,143000000,19.0,60
DSB0005900,APP0009893,PR0045446,2025-10-24,BR001,AO001,Kredit Konsumtif,Konsumtif,100000000,18.0,24
DSB0005901,APP0009894,PR0045451,2026-03-12,BR001,AO003,Kredit Konsumtif,Konsumtif,120500000,18.0,36
DSB0005902,APP0009895,PR0045459,2026-01-20,BR003,AO012,Kredit Konsumtif,Konsumtif,95500000,18.0,12
DSB0005903,APP0009898,PR0045468,2026-01-25,BR001,AO004,Kredit Produktif SME,SME,279500000,19.0,24
DSB0005904,APP0009899,PR0045470,2026-02-24,BR005,AO019,Kredit Konsumtif,Konsumtif,47000000,18.0,18
DSB0005905,APP0009902,PR0045509,2025-07-28,BR002,AO008,Kredit Mikro,Mikro,49000000,21.0,36
DSB0005906,APP0009903,PR0045511,2025-09-25,BR005,AO020,Kredit Konsumtif,Konsumtif,94000000,18.0,24
DSB0005907,APP0009904,PR0045519,2025-10-23,BR001,AO004,Kredit Payroll,Payroll,145500000,15.5,12
DSB0005908,APP0009906,PR0045531,2026-02-16,BR002,AO005,Kredit Produktif SME,SME,144000000,19.0,12
DSB0005909,APP0009907,PR0045535,2025-09-21,BR007,AO026,Kredit Payroll,Payroll,148000000,15.5,48
DSB0005910,APP0009909,PR0045557,2025-10-01,BR006,AO024,Kredit Mikro,Mikro,28500000,21.0,36
DSB0005911,APP0009911,PR0045574,2026-06-21,BR002,AO006,Kredit Payroll,Payroll,98500000,15.5,24
DSB0005912,APP0009912,PR0045575,2025-10-14,BR002,AO008,Kredit Mikro,Mikro,71500000,21.0,36
DSB0005913,APP0009914,PR0045578,2026-03-03,BR006,AO023,Kredit Payroll,Payroll,139500000,15.5,24
DSB0005914,APP0009916,PR0045593,2025-11-06,BR006,AO021,Kredit Payroll,Payroll,199500000,15.5,24
DSB0005915,APP0009922,PR0045617,2026-04-23,BR007,AO028,Kredit Konsumtif,Konsumtif,117000000,18.0,12
DSB0005916,APP0009923,PR0045622,2025-10-01,BR005,AO018,Kredit Payroll,Payroll,48000000,15.5,24
DSB0005917,APP0009925,PR0045630,2025-11-30,BR007,AO027,Kredit Payroll,Payroll,69500000,15.5,36
DSB0005918,APP0009926,PR0045642,2025-09-19,BR005,AO018,Kredit Payroll,Payroll,188500000,15.5,36
DSB0005919,APP0009928,PR0045650,2026-01-31,BR005,AO020,Kredit Konsumtif,Konsumtif,29000000,18.0,24
DSB0005920,APP0009929,PR0045652,2025-08-07,BR006,AO022,Kredit Payroll,Payroll,47000000,15.5,24
DSB0005921,APP0009931,PR0045655,2025-12-26,BR003,AO012,Kredit Konsumtif,Konsumtif,27500000,18.0,12
DSB0005922,APP0009934,PR0045678,2026-05-17,BR005,AO017,Kredit Konsumtif,Konsumtif,72500000,18.0,18
DSB0005923,APP0009935,PR0045679,2026-02-27,BR001,AO001,Kredit Mikro,Mikro,46500000,21.0,18
DSB0005924,APP0009937,PR0045684,2025-12-24,BR006,AO021,Kredit Produktif SME,SME,98000000,19.0,24
DSB0005925,APP0009938,PR0045686,2026-03-03,BR002,AO007,Kredit Payroll,Payroll,69000000,15.5,12
DSB0005926,APP0009939,PR0045688,2026-04-24,BR003,AO010,Kredit Konsumtif,Konsumtif,71000000,18.0,36
DSB0005927,APP0009940,PR0045694,2025-08-31,BR007,AO025,Kredit Produktif SME,SME,193000000,19.0,24
DSB0005928,APP0009941,PR0045698,2026-03-03,BR004,AO016,Kredit Mikro,Mikro,97000000,21.0,18
DSB0005929,APP0009942,PR0045703,2026-06-22,BR007,AO027,Kredit Mikro,Mikro,29000000,21.0,24
DSB0005930,APP0009943,PR0045708,2026-02-19,BR004,AO014,Kredit Mikro,Mikro,74500000,21.0,12
DSB0005931,APP0009944,PR0045709,2026-05-23,BR003,AO009,Kredit Payroll,Payroll,96000000,15.5,12
DSB0005932,APP0009946,PR0045721,2025-12-24,BR002,AO006,Kredit Konsumtif,Konsumtif,148000000,18.0,36
DSB0005933,APP0009949,PR0045735,2025-12-27,BR007,AO027,Kredit Produktif SME,SME,492000000,19.0,48
DSB0005934,APP0009950,PR0045738,2025-11-22,BR004,AO013,Kredit Produktif SME,SME,467000000,19.0,60
DSB0005935,APP0009951,PR0045746,2025-12-14,BR002,AO008,Kredit Payroll,Payroll,198000000,15.5,60
DSB0005936,APP0009953,PR0045756,2026-03-03,BR005,AO018,Kredit Konsumtif,Konsumtif,30000000,18.0,24
DSB0005937,APP0009955,PR0045767,2025-12-29,BR004,AO014,Kredit Mikro,Mikro,47000000,21.0,36
DSB0005938,APP0009958,PR0045773,2026-06-09,BR002,AO007,Kredit Produktif SME,SME,722000000,19.0,24
DSB0005939,APP0009961,PR0045806,2026-05-31,BR002,AO007,Kredit Konsumtif,Konsumtif,74500000,18.0,36
DSB0005940,APP0009962,PR0045814,2026-03-19,BR005,AO019,Kredit Payroll,Payroll,74500000,15.5,12
DSB0005941,APP0009963,PR0045827,2026-03-27,BR002,AO006,Kredit Konsumtif,Konsumtif,93000000,18.0,18
DSB0005942,APP0009964,PR0045835,2026-05-17,BR003,AO010,Kredit Payroll,Payroll,148500000,15.5,60
DSB0005943,APP0009965,PR0045842,2026-07-01,BR001,AO004,Kredit Payroll,Payroll,48000000,15.5,48
DSB0005944,APP0009967,PR0045847,2025-11-15,BR001,AO002,Kredit Konsumtif,Konsumtif,96500000,18.0,18
DSB0005945,APP0009968,PR0045851,2026-05-10,BR001,AO003,Kredit Konsumtif,Konsumtif,99500000,18.0,24
DSB0005946,APP0009969,PR0045866,2025-08-18,BR001,AO004,Kredit Konsumtif,Konsumtif,99000000,18.0,18
DSB0005947,APP0009970,PR0045871,2025-09-27,BR004,AO014,Kredit Payroll,Payroll,193000000,15.5,24
DSB0005948,APP0009971,PR0045876,2025-08-26,BR007,AO025,Kredit Konsumtif,Konsumtif,48000000,18.0,12
DSB0005949,APP0009973,PR0045882,2026-04-30,BR005,AO020,Kredit Produktif SME,SME,185500000,19.0,36
DSB0005950,APP0009974,PR0045883,2026-05-23,BR003,AO011,Kredit Konsumtif,Konsumtif,48500000,18.0,36
DSB0005951,APP0009976,PR0045895,2026-06-22,BR002,AO008,Kredit Mikro,Mikro,19000000,21.0,12
DSB0005952,APP0009978,PR0045900,2026-03-31,BR007,AO026,Kredit Payroll,Payroll,96000000,15.5,12
DSB0005953,APP0009979,PR0045913,2026-01-30,BR006,AO024,Kredit Payroll,Payroll,49000000,15.5,60
DSB0005954,APP0009980,PR0045928,2026-03-09,BR001,AO001,Kredit Mikro,Mikro,30000000,21.0,12
DSB0005955,APP0009981,PR0045932,2026-02-28,BR006,AO023,Kredit Payroll,Payroll,73000000,15.5,60
DSB0005956,APP0009983,PR0045937,2026-05-26,BR004,AO014,Kredit Mikro,Mikro,71500000,21.0,36
DSB0005957,APP0009987,PR0045954,2026-05-26,BR005,AO020,Kredit Konsumtif,Konsumtif,29000000,18.0,18
DSB0005958,APP0009988,PR0045955,2025-08-20,BR001,AO003,Kredit Produktif SME,SME,191500000,19.0,12
DSB0005959,APP0009989,PR0045958,2026-02-18,BR004,AO013,Kredit Produktif SME,SME,481500000,19.0,48
DSB0005960,APP0009990,PR0045966,2025-08-10,BR003,AO011,Kredit Produktif SME,SME,476000000,19.0,48
DSB0005961,APP0009991,PR0045967,2025-09-13,BR001,AO004,Kredit Payroll,Payroll,188500000,15.5,48
DSB0005962,APP0009992,PR0045970,2025-08-26,BR004,AO016,Kredit Produktif SME,SME,499000000,19.0,12
DSB0005963,APP0009993,PR0045975,2026-06-30,BR002,AO006,Kredit Payroll,Payroll,198500000,15.5,24
DSB0005964,APP0009995,PR0045980,2026-01-26,BR002,AO006,Kredit Konsumtif,Konsumtif,72000000,18.0,24
DSB0005965,APP0009996,PR0045982,2026-04-17,BR005,AO018,Kredit Mikro,Mikro,19500000,21.0,18
DSB0005966,APP0009997,PR0045995,2025-09-17,BR001,AO002,Kredit Konsumtif,Konsumtif,115500000,18.0,24
DSB0005967,APP0009998,PR0045999,2025-12-28,BR007,AO027,Kredit Konsumtif,Konsumtif,148500000,18.0,36
DSB0005968,APP0009999,PR0046000,2025-11-20,BR007,AO027,Kredit Payroll,Payroll,194500000,15.5,36
DSB0005969,APP0010000,PR0046012,2025-12-31,BR006,AO022,Kredit Mikro,Mikro,46500000,21.0,12
DSB0005970,APP0010002,PR0046017,2025-10-14,BR003,AO010,Kredit Produktif SME,SME,924000000,19.0,12
DSB0005971,APP0010003,PR0046020,2026-05-12,BR004,AO013,Kredit Konsumtif,Konsumtif,145500000,18.0,24
DSB0005972,APP0010004,PR0046030,2026-03-03,BR002,AO008,Kredit Mikro,Mikro,74000000,21.0,24
DSB0005973,APP0010005,PR0046035,2026-03-14,BR002,AO007,Kredit Konsumtif,Konsumtif,49000000,18.0,24
DSB0005974,APP0010006,PR0046040,2025-07-16,BR001,AO001,Kredit Konsumtif,Konsumtif,28000000,18.0,24
DSB0005975,APP0010007,PR0046041,2026-04-27,BR005,AO020,Kredit Payroll,Payroll,49500000,15.5,24
DSB0005976,APP0010008,PR0046045,2026-03-29,BR006,AO021,Kredit Mikro,Mikro,94500000,21.0,12
DSB0005977,APP0010010,PR0046058,2026-05-11,BR002,AO008,Kredit Payroll,Payroll,188000000,15.5,36
DSB0005978,APP0010011,PR0046065,2025-11-19,BR004,AO014,Kredit Payroll,Payroll,185000000,15.5,48
DSB0005979,APP0010013,PR0046072,2026-03-17,BR003,AO011,Kredit Mikro,Mikro,74500000,21.0,12
DSB0005980,APP0010015,PR0046078,2025-08-31,BR007,AO028,Kredit Payroll,Payroll,73500000,15.5,12
DSB0005981,APP0010016,PR0046082,2025-12-24,BR005,AO019,Kredit Produktif SME,SME,99500000,19.0,48
DSB0005982,APP0010017,PR0046086,2025-10-30,BR001,AO003,Kredit Konsumtif,Konsumtif,140500000,18.0,36
DSB0005983,APP0010019,PR0046092,2025-08-13,BR003,AO009,Kredit Payroll,Payroll,73000000,15.5,12
DSB0005984,APP0010020,PR0046093,2026-05-31,BR001,AO003,Kredit Mikro,Mikro,46500000,21.0,18
DSB0005985,APP0010021,PR0046095,2025-08-22,BR002,AO006,Kredit Konsumtif,Konsumtif,148000000,18.0,24
DSB0005986,APP0010023,PR0046098,2026-03-13,BR004,AO016,Kredit Payroll,Payroll,196500000,15.5,12
DSB0005987,APP0010024,PR0046106,2025-07-11,BR006,AO021,Kredit Produktif SME,SME,195000000,19.0,48
DSB0005988,APP0010025,PR0046107,2026-03-03,BR001,AO004,Kredit Konsumtif,Konsumtif,72500000,18.0,18
DSB0005989,APP0010026,PR0046109,2025-11-13,BR007,AO027,Kredit Mikro,Mikro,19500000,21.0,18
DSB0005990,APP0010027,PR0046114,2025-09-24,BR006,AO024,Kredit Mikro,Mikro,19000000,21.0,12
DSB0005991,APP0010028,PR0046119,2026-06-30,BR002,AO007,Kredit Konsumtif,Konsumtif,46500000,18.0,24
DSB0005992,APP0010032,PR0046140,2026-01-15,BR004,AO015,Kredit Konsumtif,Konsumtif,70500000,18.0,18
DSB0005993,APP0010033,PR0046142,2026-02-26,BR001,AO002,Kredit Produktif SME,SME,141500000,19.0,12
DSB0005994,APP0010036,PR0046150,2025-12-12,BR005,AO018,Kredit Konsumtif,Konsumtif,30000000,18.0,36
DSB0005995,APP0010037,PR0046151,2025-11-14,BR001,AO001,Kredit Mikro,Mikro,92500000,21.0,12
DSB0005996,APP0010038,PR0046161,2025-10-01,BR002,AO008,Kredit Konsumtif,Konsumtif,143000000,18.0,12
DSB0005997,APP0010040,PR0046163,2026-05-16,BR002,AO008,Kredit Konsumtif,Konsumtif,96000000,18.0,36
DSB0005998,APP0010041,PR0046168,2026-04-29,BR006,AO021,Kredit Payroll,Payroll,97000000,15.5,36
DSB0005999,APP0010042,PR0046169,2025-09-27,BR006,AO021,Kredit Mikro,Mikro,74500000,21.0,12
DSB0006000,APP0010043,PR0046172,2026-05-09,BR006,AO024,Kredit Konsumtif,Konsumtif,118500000,18.0,12
DSB0006001,APP0010045,PR0046184,2026-04-13,BR001,AO003,Kredit Produktif SME,SME,147000000,19.0,12
DSB0006002,APP0010046,PR0046192,2025-11-17,BR006,AO021,Kredit Konsumtif,Konsumtif,142500000,18.0,24
DSB0006003,APP0010047,PR0046193,2026-03-14,BR004,AO015,Kredit Payroll,Payroll,47500000,15.5,48
DSB0006004,APP0010050,PR0046219,2026-01-25,BR004,AO015,Kredit Produktif SME,SME,99000000,19.0,48
DSB0006005,APP0010051,PR0046222,2026-03-21,BR002,AO008,Kredit Mikro,Mikro,18500000,21.0,24
DSB0006006,APP0010053,PR0046226,2025-10-22,BR005,AO017,Kredit Payroll,Payroll,199000000,15.5,36
DSB0006007,APP0010056,PR0046242,2026-02-21,BR003,AO012,Kredit Konsumtif,Konsumtif,72000000,18.0,18
DSB0006008,APP0010057,PR0046255,2025-12-31,BR004,AO014,Kredit Payroll,Payroll,147500000,15.5,24
DSB0006009,APP0010058,PR0046257,2026-03-30,BR001,AO004,Kredit Mikro,Mikro,98000000,21.0,36
DSB0006010,APP0010060,PR0046270,2026-03-31,BR004,AO013,Kredit Konsumtif,Konsumtif,100000000,18.0,12
DSB0006011,APP0010063,PR0046282,2025-12-31,BR005,AO018,Kredit Mikro,Mikro,73000000,21.0,24
DSB0006012,APP0010064,PR0046285,2025-11-13,BR002,AO005,Kredit Konsumtif,Konsumtif,95000000,18.0,12
DSB0006013,APP0010065,PR0046286,2025-07-31,BR001,AO001,Kredit Mikro,Mikro,49000000,21.0,36
DSB0006014,APP0010067,PR0046298,2025-11-27,BR006,AO024,Kredit Payroll,Payroll,49500000,15.5,36
DSB0006015,APP0010068,PR0046304,2025-10-09,BR002,AO007,Kredit Mikro,Mikro,74000000,21.0,24
DSB0006016,APP0010069,PR0046306,2025-09-21,BR007,AO026,Kredit Payroll,Payroll,75000000,15.5,24
DSB0006017,APP0010071,PR0046316,2025-10-29,BR006,AO024,Kredit Produktif SME,SME,144500000,19.0,24
DSB0006018,APP0010074,PR0046354,2025-11-25,BR002,AO006,Kredit Mikro,Mikro,47500000,21.0,12
DSB0006019,APP0010075,PR0046357,2026-01-29,BR005,AO019,Kredit Payroll,Payroll,98000000,15.5,12
DSB0006020,APP0010076,PR0046366,2025-12-31,BR001,AO004,Kredit Produktif SME,SME,97000000,19.0,60
DSB0006021,APP0010077,PR0046370,2025-12-08,BR007,AO025,Kredit Payroll,Payroll,69500000,15.5,48
DSB0006022,APP0010078,PR0046372,2026-05-31,BR003,AO010,Kredit Produktif SME,SME,712500000,19.0,48
DSB0006023,APP0010080,PR0046384,2026-04-12,BR006,AO021,Kredit Payroll,Payroll,47000000,15.5,36
DSB0006024,APP0010083,PR0046397,2025-11-14,BR002,AO008,Kredit Konsumtif,Konsumtif,138500000,18.0,12
DSB0006025,APP0010084,PR0046399,2025-08-23,BR004,AO016,Kredit Konsumtif,Konsumtif,70500000,18.0,12
DSB0006026,APP0010085,PR0046404,2026-02-25,BR004,AO015,Kredit Payroll,Payroll,198000000,15.5,24
DSB0006027,APP0010086,PR0046405,2026-06-11,BR006,AO024,Kredit Payroll,Payroll,146000000,15.5,48
DSB0006028,APP0010088,PR0046410,2025-07-08,BR004,AO016,Kredit Mikro,Mikro,28000000,21.0,24
DSB0006029,APP0010089,PR0046411,2025-10-26,BR002,AO008,Kredit Mikro,Mikro,94000000,21.0,24
DSB0006030,APP0010090,PR0046426,2025-11-12,BR005,AO019,Kredit Mikro,Mikro,29000000,21.0,12
DSB0006031,APP0010091,PR0046428,2026-05-30,BR005,AO019,Kredit Payroll,Payroll,70500000,15.5,48
DSB0006032,APP0010093,PR0046438,2026-01-19,BR003,AO010,Kredit Produktif SME,SME,940500000,19.0,60
DSB0006033,APP0010094,PR0046439,2025-10-31,BR006,AO022,Kredit Produktif SME,SME,95000000,19.0,12
DSB0006034,APP0010095,PR0046441,2025-08-13,BR001,AO004,Kredit Mikro,Mikro,93000000,21.0,36
DSB0006035,APP0010096,PR0046445,2026-03-09,BR001,AO003,Kredit Mikro,Mikro,74000000,21.0,24
DSB0006036,APP0010097,PR0046448,2026-03-29,BR001,AO001,Kredit Mikro,Mikro,29000000,21.0,24
DSB0006037,APP0010098,PR0046450,2026-01-27,BR007,AO025,Kredit Payroll,Payroll,143000000,15.5,60
DSB0006038,APP0010099,PR0046454,2025-11-20,BR002,AO008,Kredit Produktif SME,SME,293500000,19.0,24
DSB0006039,APP0010100,PR0046455,2025-10-26,BR003,AO011,Kredit Payroll,Payroll,70500000,15.5,48
DSB0006040,APP0010102,PR0046464,2026-06-17,BR006,AO024,Kredit Konsumtif,Konsumtif,123000000,18.0,18
DSB0006041,APP0010103,PR0046468,2026-02-19,BR006,AO024,Kredit Mikro,Mikro,99500000,21.0,18
DSB0006042,APP0010104,PR0046471,2026-05-15,BR002,AO006,Kredit Payroll,Payroll,73000000,15.5,24
DSB0006043,APP0010107,PR0046491,2026-06-14,BR001,AO001,Kredit Payroll,Payroll,185000000,15.5,12
DSB0006044,APP0010108,PR0046492,2026-02-11,BR006,AO022,Kredit Payroll,Payroll,72500000,15.5,48
DSB0006045,APP0010109,PR0046494,2026-02-28,BR007,AO026,Kredit Mikro,Mikro,18500000,21.0,18
DSB0006046,APP0010110,PR0046496,2026-02-28,BR001,AO002,Kredit Konsumtif,Konsumtif,94000000,18.0,24
DSB0006047,APP0010111,PR0046502,2025-11-12,BR001,AO003,Kredit Produktif SME,SME,144500000,19.0,60
DSB0006048,APP0010112,PR0046507,2025-10-26,BR002,AO007,Kredit Konsumtif,Konsumtif,75000000,18.0,24
DSB0006049,APP0010114,PR0046523,2025-08-20,BR007,AO025,Kredit Mikro,Mikro,28500000,21.0,18
DSB0006050,APP0010115,PR0046528,2025-09-24,BR003,AO012,Kredit Konsumtif,Konsumtif,74000000,18.0,12
DSB0006051,APP0010118,PR0046560,2026-03-03,BR001,AO001,Kredit Payroll,Payroll,97000000,15.5,24
DSB0006052,APP0010119,PR0046561,2026-05-27,BR003,AO010,Kredit Payroll,Payroll,46500000,15.5,36
DSB0006053,APP0010120,PR0046562,2025-11-10,BR001,AO002,Kredit Konsumtif,Konsumtif,149000000,18.0,24
DSB0006054,APP0010124,PR0046571,2025-07-24,BR001,AO004,Kredit Konsumtif,Konsumtif,138500000,18.0,12
DSB0006055,APP0010125,PR0046574,2026-03-31,BR006,AO023,Kredit Payroll,Payroll,146500000,15.5,24
DSB0006056,APP0010126,PR0046576,2025-12-31,BR001,AO004,Kredit Payroll,Payroll,148000000,15.5,12
DSB0006057,APP0010127,PR0046577,2025-09-28,BR007,AO027,Kredit Mikro,Mikro,48500000,21.0,24
DSB0006058,APP0010128,PR0046578,2025-11-25,BR006,AO021,Kredit Payroll,Payroll,188000000,15.5,48
DSB0006059,APP0010129,PR0046582,2026-06-14,BR001,AO003,Kredit Konsumtif,Konsumtif,29500000,18.0,18
DSB0006060,APP0010132,PR0046595,2026-05-01,BR002,AO008,Kredit Konsumtif,Konsumtif,147500000,18.0,36
DSB0006061,APP0010134,PR0046601,2026-02-20,BR005,AO020,Kredit Konsumtif,Konsumtif,139500000,18.0,24
DSB0006062,APP0010135,PR0046603,2026-01-19,BR004,AO014,Kredit Produktif SME,SME,980000000,19.0,48
DSB0006063,APP0010136,PR0046607,2025-10-16,BR003,AO011,Kredit Mikro,Mikro,71500000,21.0,18
DSB0006064,APP0010137,PR0046608,2026-05-20,BR001,AO001,Kredit Payroll,Payroll,71000000,15.5,12
DSB0006065,APP0010138,PR0046611,2026-01-31,BR006,AO023,Kredit Konsumtif,Konsumtif,121000000,18.0,36
DSB0006066,APP0010141,PR0046623,2025-12-18,BR001,AO003,Kredit Produktif SME,SME,95000000,19.0,12
DSB0006067,APP0010142,PR0046629,2026-05-22,BR001,AO002,Kredit Konsumtif,Konsumtif,29000000,18.0,36
DSB0006068,APP0010143,PR0046641,2026-06-28,BR002,AO008,Kredit Mikro,Mikro,47500000,21.0,36
DSB0006069,APP0010147,PR0046671,2025-12-28,BR002,AO006,Kredit Payroll,Payroll,195500000,15.5,48
DSB0006070,APP0010149,PR0046681,2025-08-31,BR006,AO021,Kredit Konsumtif,Konsumtif,29000000,18.0,36
DSB0006071,APP0010150,PR0046682,2025-12-01,BR003,AO011,Kredit Payroll,Payroll,96000000,15.5,36
DSB0006072,APP0010152,PR0046688,2025-08-19,BR001,AO003,Kredit Konsumtif,Konsumtif,96500000,18.0,24
DSB0006073,APP0010154,PR0046698,2026-04-24,BR005,AO020,Kredit Konsumtif,Konsumtif,48500000,18.0,12
DSB0006074,APP0010155,PR0046699,2025-12-01,BR003,AO010,Kredit Konsumtif,Konsumtif,125000000,18.0,18
DSB0006075,APP0010159,PR0046713,2026-07-01,BR001,AO003,Kredit Mikro,Mikro,97000000,21.0,12
DSB0006076,APP0010160,PR0046717,2026-06-20,BR003,AO010,Kredit Produktif SME,SME,93000000,19.0,60
DSB0006077,APP0010163,PR0046735,2025-10-01,BR007,AO028,Kredit Payroll,Payroll,73500000,15.5,48
DSB0006078,APP0010166,PR0046740,2025-10-01,BR002,AO006,Kredit Payroll,Payroll,144000000,15.5,60
DSB0006079,APP0010167,PR0046741,2026-01-31,BR004,AO015,Kredit Mikro,Mikro,29500000,21.0,18
DSB0006080,APP0010168,PR0046743,2025-10-01,BR002,AO007,Kredit Produktif SME,SME,93500000,19.0,36
DSB0006081,APP0010170,PR0046761,2025-10-15,BR004,AO015,Kredit Produktif SME,SME,733500000,19.0,60
DSB0006082,APP0010174,PR0046787,2026-05-25,BR005,AO017,Kredit Payroll,Payroll,69500000,15.5,60
DSB0006083,APP0010175,PR0046789,2026-01-21,BR006,AO024,Kredit Payroll,Payroll,193500000,15.5,36
DSB0006084,APP0010177,PR0046791,2026-05-31,BR003,AO010,Kredit Konsumtif,Konsumtif,140500000,18.0,12
DSB0006085,APP0010181,PR0046798,2026-02-15,BR001,AO003,Kredit Konsumtif,Konsumtif,47500000,18.0,12
DSB0006086,APP0010182,PR0046807,2026-04-30,BR002,AO006,Kredit Payroll,Payroll,188000000,15.5,48
DSB0006087,APP0010183,PR0046815,2025-12-31,BR001,AO004,Kredit Konsumtif,Konsumtif,71000000,18.0,12
DSB0006088,APP0010185,PR0046824,2025-12-12,BR003,AO010,Kredit Konsumtif,Konsumtif,122500000,18.0,12
DSB0006089,APP0010186,PR0046830,2025-12-01,BR002,AO005,Kredit Produktif SME,SME,139000000,19.0,24
DSB0006090,APP0010187,PR0046831,2026-04-22,BR004,AO014,Kredit Konsumtif,Konsumtif,72000000,18.0,18
DSB0006091,APP0010189,PR0046835,2026-01-12,BR005,AO018,Kredit Produktif SME,SME,494000000,19.0,24
DSB0006092,APP0010191,PR0046840,2026-01-17,BR001,AO004,Kredit Konsumtif,Konsumtif,120500000,18.0,12
DSB0006093,APP0010193,PR0046847,2025-12-22,BR007,AO028,Kredit Payroll,Payroll,139500000,15.5,60
DSB0006094,APP0010195,PR0046859,2026-06-20,BR004,AO015,Kredit Mikro,Mikro,30000000,21.0,12
DSB0006095,APP0010196,PR0046863,2025-11-09,BR002,AO008,Kredit Konsumtif,Konsumtif,75000000,18.0,12
DSB0006096,APP0010197,PR0046874,2026-03-14,BR005,AO018,Kredit Produktif SME,SME,197500000,19.0,36
DSB0006097,APP0010201,PR0046894,2025-09-26,BR005,AO017,Kredit Produktif SME,SME,95000000,19.0,36
DSB0006098,APP0010202,PR0046895,2025-11-16,BR007,AO026,Kredit Payroll,Payroll,46500000,15.5,48
DSB0006099,APP0010203,PR0046908,2025-08-13,BR007,AO028,Kredit Konsumtif,Konsumtif,119500000,18.0,24
DSB0006100,APP0010204,PR0046916,2026-03-21,BR002,AO008,Kredit Mikro,Mikro,48000000,21.0,18
DSB0006101,APP0010205,PR0046931,2025-10-09,BR001,AO001,Kredit Produktif SME,SME,195000000,19.0,60
DSB0006102,APP0010206,PR0046950,2025-10-16,BR006,AO022,Kredit Produktif SME,SME,717000000,19.0,36
DSB0006103,APP0010210,PR0046962,2026-02-28,BR005,AO020,Kredit Produktif SME,SME,96500000,19.0,60
DSB0006104,APP0010211,PR0046965,2025-12-31,BR004,AO014,Kredit Konsumtif,Konsumtif,30000000,18.0,18
DSB0006105,APP0010214,PR0046976,2025-09-21,BR004,AO013,Kredit Mikro,Mikro,93500000,21.0,36
DSB0006106,APP0010215,PR0046977,2026-03-24,BR006,AO022,Kredit Mikro,Mikro,20000000,21.0,18
DSB0006107,APP0010218,PR0046986,2026-01-21,BR003,AO010,Kredit Payroll,Payroll,145000000,15.5,36
DSB0006108,APP0010219,PR0046988,2026-04-12,BR001,AO004,Kredit Produktif SME,SME,720000000,19.0,60
DSB0006109,APP0010220,PR0046990,2026-03-11,BR003,AO011,Kredit Payroll,Payroll,70000000,15.5,12
DSB0006110,APP0010222,PR0046993,2026-04-26,BR006,AO024,Kredit Mikro,Mikro,99500000,21.0,36
DSB0006111,APP0010223,PR0046999,2025-11-28,BR002,AO008,Kredit Konsumtif,Konsumtif,49000000,18.0,18
DSB0006112,APP0010226,PR0047007,2026-03-01,BR001,AO002,Kredit Konsumtif,Konsumtif,119000000,18.0,12
DSB0006113,APP0010229,PR0047025,2026-01-23,BR002,AO008,Kredit Konsumtif,Konsumtif,139000000,18.0,12
DSB0006114,APP0010230,PR0047031,2025-08-14,BR007,AO027,Kredit Payroll,Payroll,142500000,15.5,48
DSB0006115,APP0010231,PR0047038,2025-07-20,BR002,AO006,Kredit Konsumtif,Konsumtif,29000000,18.0,18
DSB0006116,APP0010232,PR0047051,2026-01-14,BR005,AO017,Kredit Konsumtif,Konsumtif,116000000,18.0,12
DSB0006117,APP0010233,PR0047053,2026-03-13,BR001,AO001,Kredit Mikro,Mikro,97500000,21.0,36
DSB0006118,APP0010235,PR0047064,2026-02-10,BR005,AO018,Kredit Payroll,Payroll,46000000,15.5,36
DSB0006119,APP0010236,PR0047067,2026-01-13,BR001,AO004,Kredit Produktif SME,SME,147500000,19.0,36
DSB0006120,APP0010237,PR0047079,2025-10-19,BR002,AO008,Kredit Konsumtif,Konsumtif,92500000,18.0,12
DSB0006121,APP0010238,PR0047081,2025-12-22,BR002,AO007,Kredit Payroll,Payroll,49500000,15.5,24
DSB0006122,APP0010239,PR0047090,2026-03-03,BR002,AO008,Kredit Konsumtif,Konsumtif,150000000,18.0,36
DSB0006123,APP0010248,PR0047144,2025-08-31,BR004,AO013,Kredit Konsumtif,Konsumtif,96000000,18.0,24
DSB0006124,APP0010249,PR0047148,2026-05-01,BR006,AO022,Kredit Konsumtif,Konsumtif,123000000,18.0,18
DSB0006125,APP0010252,PR0047160,2026-05-01,BR006,AO023,Kredit Konsumtif,Konsumtif,29000000,18.0,24
DSB0006126,APP0010253,PR0047162,2026-05-31,BR006,AO021,Kredit Konsumtif,Konsumtif,96000000,18.0,24
DSB0006127,APP0010254,PR0047165,2025-12-01,BR006,AO021,Kredit Konsumtif,Konsumtif,71500000,18.0,36
DSB0006128,APP0010255,PR0047168,2025-09-25,BR004,AO015,Kredit Payroll,Payroll,186500000,15.5,60
DSB0006129,APP0010257,PR0047173,2025-12-01,BR003,AO009,Kredit Mikro,Mikro,46500000,21.0,36
DSB0006130,APP0010258,PR0047179,2025-10-14,BR004,AO016,Kredit Payroll,Payroll,192000000,15.5,24
DSB0006131,APP0010259,PR0047185,2026-06-26,BR006,AO021,Kredit Konsumtif,Konsumtif,69500000,18.0,36
DSB0006132,APP0010260,PR0047189,2026-06-21,BR001,AO003,Kredit Payroll,Payroll,184500000,15.5,24
DSB0006133,APP0010261,PR0047194,2026-05-27,BR001,AO002,Kredit Payroll,Payroll,143500000,15.5,24
DSB0006134,APP0010262,PR0047201,2025-07-24,BR001,AO003,Kredit Konsumtif,Konsumtif,123000000,18.0,36
DSB0006135,APP0010264,PR0047212,2026-03-22,BR002,AO007,Kredit Payroll,Payroll,94000000,15.5,60
DSB0006136,APP0010268,PR0047226,2026-04-23,BR003,AO011,Kredit Konsumtif,Konsumtif,99000000,18.0,18
DSB0006137,APP0010270,PR0047239,2025-11-12,BR007,AO028,Kredit Konsumtif,Konsumtif,47000000,18.0,12
DSB0006138,APP0010271,PR0047242,2026-07-01,BR006,AO021,Kredit Mikro,Mikro,18500000,21.0,36
DSB0006139,APP0010272,PR0047243,2026-06-18,BR003,AO010,Kredit Konsumtif,Konsumtif,99500000,18.0,36
DSB0006140,APP0010273,PR0047244,2026-01-31,BR001,AO003,Kredit Konsumtif,Konsumtif,120000000,18.0,18
DSB0006141,APP0010275,PR0047248,2025-08-12,BR002,AO008,Kredit Mikro,Mikro,28500000,21.0,36
DSB0006142,APP0010276,PR0047250,2025-12-17,BR007,AO025,Kredit Konsumtif,Konsumtif,27500000,18.0,12
DSB0006143,APP0010277,PR0047260,2026-05-01,BR005,AO018,Kredit Konsumtif,Konsumtif,47500000,18.0,36
DSB0006144,APP0010280,PR0047277,2026-03-24,BR003,AO010,Kredit Produktif SME,SME,497000000,19.0,60
DSB0006145,APP0010281,PR0047279,2026-01-17,BR002,AO005,Kredit Mikro,Mikro,19000000,21.0,24
DSB0006146,APP0010282,PR0047280,2026-07-01,BR005,AO019,Kredit Mikro,Mikro,98500000,21.0,24
DSB0006147,APP0010283,PR0047281,2025-07-31,BR001,AO001,Kredit Konsumtif,Konsumtif,140000000,18.0,24
DSB0006148,APP0010288,PR0047314,2025-11-16,BR005,AO017,Kredit Payroll,Payroll,97000000,15.5,36
DSB0006149,APP0010289,PR0047317,2026-05-19,BR003,AO012,Kredit Konsumtif,Konsumtif,69500000,18.0,12
DSB0006150,APP0010290,PR0047322,2025-08-30,BR003,AO012,Kredit Payroll,Payroll,139500000,15.5,36
DSB0006151,APP0010291,PR0047326,2025-11-17,BR001,AO001,Kredit Payroll,Payroll,191500000,15.5,60
DSB0006152,APP0010292,PR0047329,2026-06-08,BR004,AO016,Kredit Konsumtif,Konsumtif,98500000,18.0,24
DSB0006153,APP0010293,PR0047333,2025-07-26,BR001,AO002,Kredit Payroll,Payroll,71500000,15.5,12
DSB0006154,APP0010295,PR0047344,2026-03-31,BR007,AO027,Kredit Payroll,Payroll,69500000,15.5,12
DSB0006155,APP0010296,PR0047347,2025-08-10,BR007,AO027,Kredit Mikro,Mikro,46500000,21.0,12
DSB0006156,APP0010298,PR0047353,2025-10-12,BR007,AO026,Kredit Payroll,Payroll,69500000,15.5,12
DSB0006157,APP0010299,PR0047354,2025-10-31,BR006,AO023,Kredit Payroll,Payroll,70000000,15.5,60
DSB0006158,APP0010301,PR0047367,2025-12-21,BR005,AO019,Kredit Produktif SME,SME,187000000,19.0,48
DSB0006159,APP0010303,PR0047381,2025-12-16,BR001,AO001,Kredit Mikro,Mikro,72500000,21.0,36
DSB0006160,APP0010304,PR0047384,2025-12-01,BR001,AO001,Kredit Produktif SME,SME,707500000,19.0,36
DSB0006161,APP0010305,PR0047385,2025-12-31,BR006,AO024,Kredit Konsumtif,Konsumtif,69500000,18.0,12
DSB0006162,APP0010306,PR0047388,2026-01-11,BR005,AO018,Kredit Produktif SME,SME,198000000,19.0,48
DSB0006163,APP0010307,PR0047398,2025-11-23,BR006,AO024,Kredit Konsumtif,Konsumtif,96000000,18.0,12
DSB0006164,APP0010309,PR0047402,2026-05-23,BR006,AO022,Kredit Payroll,Payroll,194000000,15.5,36
DSB0006165,APP0010310,PR0047408,2025-11-19,BR002,AO007,Kredit Mikro,Mikro,98000000,21.0,18
DSB0006166,APP0010314,PR0047431,2025-07-15,BR005,AO019,Kredit Payroll,Payroll,71500000,15.5,36
DSB0006167,APP0010315,PR0047432,2025-08-29,BR002,AO008,Kredit Konsumtif,Konsumtif,149000000,18.0,36
DSB0006168,APP0010317,PR0047441,2026-06-25,BR002,AO007,Kredit Payroll,Payroll,71000000,15.5,24
DSB0006169,APP0010319,PR0047445,2026-06-15,BR005,AO018,Kredit Payroll,Payroll,46500000,15.5,36
DSB0006170,APP0010321,PR0047452,2025-07-21,BR001,AO003,Kredit Payroll,Payroll,138500000,15.5,36
DSB0006171,APP0010323,PR0047459,2026-04-26,BR001,AO003,Kredit Konsumtif,Konsumtif,47500000,18.0,18
DSB0006172,APP0010325,PR0047471,2026-03-31,BR005,AO017,Kredit Konsumtif,Konsumtif,98500000,18.0,12
DSB0006173,APP0010328,PR0047476,2026-01-14,BR005,AO018,Kredit Mikro,Mikro,70000000,21.0,18
DSB0006174,APP0010329,PR0047479,2026-02-13,BR001,AO003,Kredit Payroll,Payroll,95000000,15.5,36
DSB0006175,APP0010330,PR0047487,2026-05-31,BR006,AO023,Kredit Konsumtif,Konsumtif,28500000,18.0,12
DSB0006176,APP0010331,PR0047492,2026-03-08,BR006,AO022,Kredit Mikro,Mikro,29500000,21.0,18
DSB0006177,APP0010332,PR0047495,2026-03-26,BR006,AO022,Kredit Konsumtif,Konsumtif,48000000,18.0,36
DSB0006178,APP0010334,PR0047516,2025-09-25,BR001,AO004,Kredit Payroll,Payroll,191000000,15.5,36
DSB0006179,APP0010335,PR0047518,2026-05-20,BR006,AO024,Kredit Mikro,Mikro,47000000,21.0,18
DSB0006180,APP0010337,PR0047523,2025-11-29,BR005,AO017,Kredit Payroll,Payroll,93000000,15.5,24
DSB0006181,APP0010338,PR0047526,2025-07-15,BR002,AO006,Kredit Produktif SME,SME,745000000,19.0,24
DSB0006182,APP0010339,PR0047533,2026-01-29,BR001,AO003,Kredit Mikro,Mikro,69500000,21.0,12
DSB0006183,APP0010341,PR0047551,2026-05-31,BR007,AO027,Kredit Konsumtif,Konsumtif,124500000,18.0,24
DSB0006184,APP0010342,PR0047552,2025-07-29,BR001,AO001,Kredit Konsumtif,Konsumtif,74500000,18.0,12
DSB0006185,APP0010343,PR0047554,2026-06-28,BR007,AO027,Kredit Konsumtif,Konsumtif,70000000,18.0,12
DSB0006186,APP0010345,PR0047562,2025-08-28,BR005,AO019,Kredit Produktif SME,SME,291500000,19.0,12
DSB0006187,APP0010350,PR0047584,2025-12-27,BR005,AO018,Kredit Payroll,Payroll,192000000,15.5,36
DSB0006188,APP0010351,PR0047591,2026-04-10,BR001,AO003,Kredit Mikro,Mikro,28500000,21.0,36
DSB0006189,APP0010352,PR0047594,2025-10-19,BR003,AO012,Kredit Payroll,Payroll,193500000,15.5,24
DSB0006190,APP0010354,PR0047600,2025-10-07,BR001,AO004,Kredit Produktif SME,SME,478000000,19.0,12
DSB0006191,APP0010355,PR0047610,2026-06-24,BR007,AO028,Kredit Produktif SME,SME,141500000,19.0,60
DSB0006192,APP0010357,PR0047613,2026-04-12,BR007,AO028,Kredit Payroll,Payroll,193500000,15.5,24
DSB0006193,APP0010358,PR0047619,2025-10-31,BR005,AO019,Kredit Produktif SME,SME,475500000,19.0,48
DSB0006194,APP0010359,PR0047621,2026-03-31,BR007,AO026,Kredit Konsumtif,Konsumtif,143000000,18.0,18
DSB0006195,APP0010362,PR0047633,2025-12-31,BR003,AO009,Kredit Produktif SME,SME,294500000,19.0,48
DSB0006196,APP0010363,PR0047636,2025-12-11,BR007,AO028,Kredit Produktif SME,SME,280500000,19.0,36
DSB0006197,APP0010365,PR0047639,2026-01-30,BR005,AO019,Kredit Payroll,Payroll,71000000,15.5,12
DSB0006198,APP0010366,PR0047643,2025-11-20,BR004,AO014,Kredit Konsumtif,Konsumtif,46500000,18.0,36
DSB0006199,APP0010367,PR0047650,2026-01-31,BR003,AO012,Kredit Produktif SME,SME,493000000,19.0,48
DSB0006200,APP0010368,PR0047658,2026-05-24,BR004,AO015,Kredit Mikro,Mikro,93500000,21.0,12
DSB0006201,APP0010370,PR0047667,2026-07-01,BR002,AO007,Kredit Payroll,Payroll,72500000,15.5,60
DSB0006202,APP0010371,PR0047675,2026-03-22,BR006,AO021,Kredit Konsumtif,Konsumtif,70500000,18.0,36
DSB0006203,APP0010372,PR0047682,2025-10-31,BR004,AO016,Kredit Payroll,Payroll,188000000,15.5,48
DSB0006204,APP0010373,PR0047683,2025-08-15,BR002,AO005,Kredit Payroll,Payroll,49500000,15.5,24
DSB0006205,APP0010378,PR0047711,2025-07-27,BR005,AO018,Kredit Mikro,Mikro,47500000,21.0,36
DSB0006206,APP0010379,PR0047713,2026-03-15,BR004,AO014,Kredit Produktif SME,SME,461500000,19.0,60
DSB0006207,APP0010380,PR0047714,2026-04-08,BR004,AO013,Kredit Konsumtif,Konsumtif,47500000,18.0,24
DSB0006208,APP0010383,PR0047721,2025-10-01,BR007,AO028,Kredit Mikro,Mikro,28000000,21.0,12
DSB0006209,APP0010384,PR0047727,2026-06-21,BR003,AO012,Kredit Mikro,Mikro,93000000,21.0,36
DSB0006210,APP0010385,PR0047729,2026-07-01,BR005,AO019,Kredit Konsumtif,Konsumtif,97000000,18.0,24
DSB0006211,APP0010386,PR0047740,2025-12-29,BR003,AO011,Kredit Konsumtif,Konsumtif,71000000,18.0,18
DSB0006212,APP0010387,PR0047741,2025-11-22,BR007,AO026,Kredit Payroll,Payroll,94000000,15.5,48
DSB0006213,APP0010388,PR0047743,2025-10-27,BR002,AO007,Kredit Konsumtif,Konsumtif,27500000,18.0,24
DSB0006214,APP0010390,PR0047761,2026-01-28,BR004,AO016,Kredit Mikro,Mikro,30000000,21.0,36
DSB0006215,APP0010391,PR0047766,2026-05-10,BR007,AO025,Kredit Payroll,Payroll,188000000,15.5,24
DSB0006216,APP0010392,PR0047767,2025-08-31,BR004,AO013,Kredit Konsumtif,Konsumtif,29000000,18.0,24
DSB0006217,APP0010393,PR0047768,2026-01-22,BR006,AO021,Kredit Payroll,Payroll,98500000,15.5,48
DSB0006218,APP0010395,PR0047785,2025-09-23,BR004,AO013,Kredit Produktif SME,SME,194500000,19.0,24
DSB0006219,APP0010398,PR0047802,2025-12-01,BR007,AO025,Kredit Payroll,Payroll,148500000,15.5,48
DSB0006220,APP0010399,PR0047803,2026-01-31,BR002,AO008,Kredit Payroll,Payroll,195000000,15.5,36
DSB0006221,APP0010400,PR0047807,2025-12-26,BR007,AO027,Kredit Mikro,Mikro,72500000,21.0,12
DSB0006222,APP0010402,PR0047822,2026-06-29,BR001,AO001,Kredit Konsumtif,Konsumtif,72500000,18.0,24
DSB0006223,APP0010403,PR0047836,2025-09-25,BR002,AO006,Kredit Konsumtif,Konsumtif,143500000,18.0,36
DSB0006224,APP0010404,PR0047839,2026-03-03,BR005,AO020,Kredit Konsumtif,Konsumtif,29000000,18.0,18
DSB0006225,APP0010405,PR0047844,2025-09-22,BR002,AO008,Kredit Produktif SME,SME,726500000,19.0,48
DSB0006226,APP0010407,PR0047848,2025-09-29,BR007,AO025,Kredit Payroll,Payroll,141000000,15.5,36
DSB0006227,APP0010408,PR0047852,2025-09-27,BR001,AO003,Kredit Produktif SME,SME,746000000,19.0,48
DSB0006228,APP0010409,PR0047853,2025-12-23,BR002,AO005,Kredit Konsumtif,Konsumtif,120500000,18.0,24
DSB0006229,APP0010410,PR0047855,2026-03-26,BR005,AO017,Kredit Konsumtif,Konsumtif,100000000,18.0,36
DSB0006230,APP0010411,PR0047857,2026-01-10,BR006,AO021,Kredit Produktif SME,SME,98000000,19.0,12
DSB0006231,APP0010412,PR0047858,2026-06-09,BR004,AO013,Kredit Konsumtif,Konsumtif,49000000,18.0,24
DSB0006232,APP0010414,PR0047861,2026-01-31,BR007,AO027,Kredit Konsumtif,Konsumtif,46500000,18.0,36
DSB0006233,APP0010415,PR0047869,2026-01-26,BR006,AO021,Kredit Konsumtif,Konsumtif,71500000,18.0,12
DSB0006234,APP0010417,PR0047881,2025-09-25,BR007,AO028,Kredit Payroll,Payroll,97000000,15.5,60
DSB0006235,APP0010418,PR0047887,2026-02-17,BR003,AO010,Kredit Konsumtif,Konsumtif,94000000,18.0,12
DSB0006236,APP0010419,PR0047897,2025-07-28,BR005,AO020,Kredit Payroll,Payroll,184500000,15.5,24
DSB0006237,APP0010421,PR0047909,2025-11-22,BR004,AO015,Kredit Payroll,Payroll,96000000,15.5,36
DSB0006238,APP0010423,PR0047913,2025-10-19,BR004,AO013,Kredit Payroll,Payroll,98000000,15.5,48
DSB0006239,APP0010425,PR0047926,2026-03-21,BR002,AO007,Kredit Produktif SME,SME,142000000,19.0,48
DSB0006240,APP0010426,PR0047929,2025-09-28,BR001,AO004,Kredit Konsumtif,Konsumtif,29500000,18.0,12
DSB0006241,APP0010427,PR0047933,2026-05-31,BR002,AO006,Kredit Payroll,Payroll,71000000,15.5,48
DSB0006242,APP0010428,PR0047941,2025-10-24,BR001,AO003,Kredit Mikro,Mikro,95000000,21.0,18
DSB0006243,APP0010429,PR0047942,2025-10-27,BR006,AO022,Kredit Produktif SME,SME,96000000,19.0,24
DSB0006244,APP0010430,PR0047945,2025-12-31,BR004,AO015,Kredit Payroll,Payroll,74500000,15.5,24
DSB0006245,APP0010431,PR0047947,2026-03-10,BR001,AO003,Kredit Mikro,Mikro,93500000,21.0,24
DSB0006246,APP0010432,PR0047956,2025-07-31,BR005,AO018,Kredit Payroll,Payroll,71500000,15.5,60
DSB0006247,APP0010434,PR0047959,2025-08-31,BR002,AO006,Kredit Konsumtif,Konsumtif,29000000,18.0,18
DSB0006248,APP0010436,PR0047969,2026-03-31,BR006,AO023,Kredit Mikro,Mikro,74500000,21.0,36
DSB0006249,APP0010437,PR0047971,2025-09-18,BR002,AO008,Kredit Konsumtif,Konsumtif,29500000,18.0,36
DSB0006250,APP0010438,PR0047992,2026-01-25,BR002,AO007,Kredit Produktif SME,SME,139000000,19.0,48
DSB0006251,APP0010439,PR0048019,2025-12-01,BR006,AO022,Kredit Produktif SME,SME,95000000,19.0,12
DSB0006252,APP0010440,PR0048044,2026-06-29,BR007,AO026,Kredit Konsumtif,Konsumtif,70500000,18.0,18
DSB0006253,APP0010442,PR0048055,2025-08-09,BR001,AO002,Kredit Konsumtif,Konsumtif,142500000,18.0,24
DSB0006254,APP0010444,PR0048061,2026-04-30,BR002,AO005,Kredit Konsumtif,Konsumtif,142500000,18.0,24
DSB0006255,APP0010445,PR0048066,2026-03-11,BR002,AO006,Kredit Konsumtif,Konsumtif,48000000,18.0,24
DSB0006256,APP0010446,PR0048068,2025-12-28,BR004,AO013,Kredit Produktif SME,SME,293500000,19.0,24
DSB0006257,APP0010448,PR0048070,2025-12-01,BR007,AO028,Kredit Konsumtif,Konsumtif,142500000,18.0,18
DSB0006258,APP0010449,PR0048072,2025-12-25,BR004,AO014,Kredit Konsumtif,Konsumtif,28500000,18.0,36
DSB0006259,APP0010450,PR0048086,2026-03-31,BR003,AO009,Kredit Payroll,Payroll,99500000,15.5,48
DSB0006260,APP0010451,PR0048087,2025-08-14,BR002,AO007,Kredit Mikro,Mikro,47500000,21.0,18
DSB0006261,APP0010452,PR0048088,2026-04-21,BR005,AO020,Kredit Mikro,Mikro,49000000,21.0,36
DSB0006262,APP0010454,PR0048113,2025-09-25,BR007,AO028,Kredit Payroll,Payroll,144000000,15.5,60
DSB0006263,APP0010455,PR0048115,2026-02-27,BR002,AO005,Kredit Konsumtif,Konsumtif,75000000,18.0,12
DSB0006264,APP0010456,PR0048125,2025-12-01,BR002,AO006,Kredit Payroll,Payroll,71000000,15.5,24
DSB0006265,APP0010458,PR0048141,2026-01-31,BR005,AO019,Kredit Konsumtif,Konsumtif,121500000,18.0,36
DSB0006266,APP0010462,PR0048178,2026-02-22,BR001,AO001,Kredit Konsumtif,Konsumtif,29500000,18.0,24
DSB0006267,APP0010463,PR0048182,2025-10-15,BR004,AO013,Kredit Konsumtif,Konsumtif,71500000,18.0,36
DSB0006268,APP0010464,PR0048184,2025-08-15,BR005,AO020,Kredit Mikro,Mikro,70500000,21.0,18
DSB0006269,APP0010465,PR0048189,2026-05-14,BR002,AO005,Kredit Payroll,Payroll,143500000,15.5,36
DSB0006270,APP0010471,PR0048202,2025-12-01,BR006,AO023,Kredit Konsumtif,Konsumtif,95000000,18.0,18
DSB0006271,APP0010472,PR0048210,2025-11-17,BR004,AO015,Kredit Payroll,Payroll,94500000,15.5,36
DSB0006272,APP0010477,PR0048229,2026-06-26,BR003,AO011,Kredit Konsumtif,Konsumtif,47000000,18.0,18
DSB0006273,APP0010478,PR0048232,2025-07-23,BR003,AO009,Kredit Payroll,Payroll,69500000,15.5,60
DSB0006274,APP0010480,PR0048242,2026-04-17,BR004,AO013,Kredit Mikro,Mikro,19000000,21.0,18
DSB0006275,APP0010481,PR0048249,2026-01-31,BR001,AO003,Kredit Konsumtif,Konsumtif,29000000,18.0,24
DSB0006276,APP0010486,PR0048285,2026-05-19,BR007,AO028,Kredit Konsumtif,Konsumtif,124500000,18.0,12
DSB0006277,APP0010489,PR0048296,2025-09-13,BR003,AO010,Kredit Mikro,Mikro,19000000,21.0,12
DSB0006278,APP0010490,PR0048299,2026-04-18,BR002,AO006,Kredit Payroll,Payroll,146000000,15.5,60
DSB0006279,APP0010493,PR0048311,2026-01-30,BR007,AO027,Kredit Konsumtif,Konsumtif,94000000,18.0,24
DSB0006280,APP0010494,PR0048312,2025-12-31,BR007,AO026,Kredit Produktif SME,SME,703500000,19.0,36
DSB0006281,APP0010495,PR0048315,2025-07-24,BR002,AO006,Kredit Payroll,Payroll,140000000,15.5,60
DSB0006282,APP0010496,PR0048323,2025-09-16,BR006,AO022,Kredit Konsumtif,Konsumtif,116500000,18.0,36
DSB0006283,APP0010497,PR0048328,2026-06-15,BR001,AO004,Kredit Konsumtif,Konsumtif,119000000,18.0,12
DSB0006284,APP0010498,PR0048329,2025-09-09,BR002,AO006,Kredit Produktif SME,SME,298000000,19.0,60
DSB0006285,APP0010499,PR0048332,2025-12-31,BR004,AO015,Kredit Mikro,Mikro,19000000,21.0,36
DSB0006286,APP0010501,PR0048337,2026-03-20,BR001,AO001,Kredit Konsumtif,Konsumtif,47500000,18.0,36
DSB0006287,APP0010503,PR0048342,2025-11-08,BR006,AO022,Kredit Konsumtif,Konsumtif,47000000,18.0,24
DSB0006288,APP0010504,PR0048343,2026-03-02,BR005,AO019,Kredit Konsumtif,Konsumtif,95500000,18.0,36
DSB0006289,APP0010506,PR0048347,2025-12-18,BR001,AO001,Kredit Mikro,Mikro,92500000,21.0,18
DSB0006290,APP0010507,PR0048349,2026-03-02,BR007,AO028,Kredit Payroll,Payroll,47000000,15.5,24
DSB0006291,APP0010508,PR0048350,2025-07-30,BR004,AO016,Kredit Konsumtif,Konsumtif,49000000,18.0,24
DSB0006292,APP0010512,PR0048368,2026-01-16,BR004,AO014,Kredit Payroll,Payroll,100000000,15.5,12
DSB0006293,APP0010513,PR0048369,2026-03-24,BR002,AO006,Kredit Konsumtif,Konsumtif,93500000,18.0,24
DSB0006294,APP0010514,PR0048370,2025-07-29,BR004,AO015,Kredit Konsumtif,Konsumtif,116500000,18.0,12
DSB0006295,APP0010516,PR0048379,2025-12-31,BR005,AO020,Kredit Mikro,Mikro,96500000,21.0,18
DSB0006296,APP0010517,PR0048387,2026-01-12,BR005,AO017,Kredit Payroll,Payroll,96000000,15.5,48
DSB0006297,APP0010518,PR0048389,2026-01-31,BR006,AO021,Kredit Payroll,Payroll,100000000,15.5,48
DSB0006298,APP0010520,PR0048404,2026-04-14,BR003,AO010,Kredit Konsumtif,Konsumtif,28500000,18.0,24
DSB0006299,APP0010527,PR0048419,2026-02-23,BR001,AO003,Kredit Produktif SME,SME,921500000,19.0,24
DSB0006300,APP0010528,PR0048421,2025-11-16,BR006,AO021,Kredit Payroll,Payroll,93000000,15.5,24
DSB0006301,APP0010529,PR0048427,2026-02-22,BR003,AO010,Kredit Konsumtif,Konsumtif,139000000,18.0,24
DSB0006302,APP0010530,PR0048430,2026-05-01,BR002,AO006,Kredit Konsumtif,Konsumtif,96500000,18.0,18
DSB0006303,APP0010533,PR0048445,2026-05-11,BR002,AO008,Kredit Payroll,Payroll,49500000,15.5,60
DSB0006304,APP0010535,PR0048453,2026-03-31,BR003,AO010,Kredit Produktif SME,SME,735000000,19.0,12
DSB0006305,APP0010541,PR0048483,2026-03-03,BR003,AO010,Kredit Payroll,Payroll,98000000,15.5,60
DSB0006306,APP0010542,PR0048487,2025-09-23,BR003,AO012,Kredit Konsumtif,Konsumtif,149000000,18.0,18
DSB0006307,APP0010544,PR0048491,2026-05-19,BR002,AO005,Kredit Konsumtif,Konsumtif,97500000,18.0,36
DSB0006308,APP0010545,PR0048495,2026-03-31,BR003,AO010,Kredit Konsumtif,Konsumtif,73500000,18.0,12
DSB0006309,APP0010547,PR0048510,2026-01-31,BR002,AO008,Kredit Payroll,Payroll,141000000,15.5,12
DSB0006310,APP0010548,PR0048512,2026-05-24,BR002,AO007,Kredit Konsumtif,Konsumtif,50000000,18.0,18
DSB0006311,APP0010549,PR0048519,2026-01-23,BR001,AO004,Kredit Konsumtif,Konsumtif,122000000,18.0,36
DSB0006312,APP0010550,PR0048524,2025-12-31,BR005,AO018,Kredit Payroll,Payroll,49500000,15.5,36
DSB0006313,APP0010551,PR0048525,2025-09-20,BR007,AO027,Kredit Payroll,Payroll,191500000,15.5,48
DSB0006314,APP0010552,PR0048526,2026-05-16,BR001,AO003,Kredit Mikro,Mikro,19500000,21.0,36
DSB0006315,APP0010554,PR0048536,2026-05-15,BR005,AO020,Kredit Konsumtif,Konsumtif,117000000,18.0,18
DSB0006316,APP0010555,PR0048538,2026-02-25,BR002,AO005,Kredit Produktif SME,SME,299000000,19.0,36
DSB0006317,APP0010557,PR0048542,2025-09-16,BR002,AO006,Kredit Konsumtif,Konsumtif,47500000,18.0,12
DSB0006318,APP0010559,PR0048548,2026-06-19,BR007,AO026,Kredit Produktif SME,SME,296000000,19.0,24
DSB0006319,APP0010560,PR0048560,2025-12-16,BR002,AO007,Kredit Mikro,Mikro,98000000,21.0,12
DSB0006320,APP0010561,PR0048563,2026-03-31,BR003,AO011,Kredit Mikro,Mikro,75000000,21.0,12
DSB0006321,APP0010564,PR0048580,2025-11-19,BR004,AO016,Kredit Konsumtif,Konsumtif,28000000,18.0,12
DSB0006322,APP0010565,PR0048583,2026-04-23,BR004,AO016,Kredit Konsumtif,Konsumtif,48000000,18.0,24
DSB0006323,APP0010566,PR0048598,2026-05-20,BR002,AO008,Kredit Konsumtif,Konsumtif,28500000,18.0,36
DSB0006324,APP0010567,PR0048601,2026-07-01,BR002,AO006,Kredit Konsumtif,Konsumtif,143000000,18.0,36
DSB0006325,APP0010569,PR0048614,2025-08-15,BR001,AO003,Kredit Payroll,Payroll,194000000,15.5,24
DSB0006326,APP0010572,PR0048623,2025-09-08,BR001,AO001,Kredit Konsumtif,Konsumtif,148500000,18.0,36
DSB0006327,APP0010573,PR0048624,2026-04-30,BR001,AO004,Kredit Payroll,Payroll,47000000,15.5,48
DSB0006328,APP0010574,PR0048634,2025-09-26,BR003,AO012,Kredit Payroll,Payroll,47500000,15.5,24
DSB0006329,APP0010577,PR0048646,2025-12-31,BR002,AO005,Kredit Konsumtif,Konsumtif,149500000,18.0,12
DSB0006330,APP0010579,PR0048660,2026-03-29,BR005,AO020,Kredit Mikro,Mikro,93000000,21.0,24
DSB0006331,APP0010580,PR0048663,2025-11-17,BR002,AO008,Kredit Payroll,Payroll,95000000,15.5,12
DSB0006332,APP0010582,PR0048674,2025-11-29,BR006,AO022,Kredit Konsumtif,Konsumtif,97000000,18.0,18
DSB0006333,APP0010583,PR0048675,2025-08-19,BR003,AO010,Kredit Produktif SME,SME,143500000,19.0,12
DSB0006334,APP0010586,PR0048681,2026-06-20,BR004,AO013,Kredit Mikro,Mikro,71000000,21.0,18
DSB0006335,APP0010587,PR0048688,2026-03-28,BR002,AO007,Kredit Mikro,Mikro,29000000,21.0,12
DSB0006336,APP0010589,PR0048694,2026-06-25,BR005,AO020,Kredit Produktif SME,SME,94500000,19.0,24
DSB0006337,APP0010590,PR0048702,2025-08-31,BR001,AO004,Kredit Konsumtif,Konsumtif,145500000,18.0,12
DSB0006338,APP0010591,PR0048711,2026-05-23,BR003,AO011,Kredit Konsumtif,Konsumtif,120000000,18.0,24
DSB0006339,APP0010592,PR0048716,2026-03-22,BR001,AO002,Kredit Mikro,Mikro,19000000,21.0,24
DSB0006340,APP0010593,PR0048717,2026-03-03,BR002,AO006,Kredit Konsumtif,Konsumtif,48500000,18.0,12
DSB0006341,APP0010595,PR0048730,2026-02-08,BR007,AO026,Kredit Payroll,Payroll,148000000,15.5,60
DSB0006342,APP0010596,PR0048732,2025-12-31,BR001,AO002,Kredit Payroll,Payroll,70000000,15.5,48
DSB0006343,APP0010597,PR0048738,2025-12-01,BR003,AO010,Kredit Payroll,Payroll,96000000,15.5,36
DSB0006344,APP0010598,PR0048743,2026-01-31,BR004,AO013,Kredit Mikro,Mikro,73000000,21.0,24
DSB0006345,APP0010599,PR0048745,2025-09-21,BR003,AO010,Kredit Mikro,Mikro,74000000,21.0,24
DSB0006346,APP0010601,PR0048748,2026-03-03,BR005,AO020,Kredit Mikro,Mikro,28500000,21.0,18
DSB0006347,APP0010603,PR0048753,2026-05-01,BR001,AO004,Kredit Konsumtif,Konsumtif,119000000,18.0,18
DSB0006348,APP0010605,PR0048766,2026-01-07,BR007,AO026,Kredit Payroll,Payroll,74000000,15.5,24
DSB0006349,APP0010607,PR0048770,2025-08-31,BR007,AO026,Kredit Payroll,Payroll,71000000,15.5,60
DSB0006350,APP0010608,PR0048774,2025-10-18,BR001,AO004,Kredit Konsumtif,Konsumtif,96500000,18.0,36
DSB0006351,APP0010610,PR0048795,2026-02-20,BR002,AO008,Kredit Mikro,Mikro,93500000,21.0,18
DSB0006352,APP0010611,PR0048796,2026-01-28,BR001,AO003,Kredit Mikro,Mikro,19000000,21.0,36
DSB0006353,APP0010614,PR0048818,2026-05-31,BR003,AO011,Kredit Produktif SME,SME,295500000,19.0,24
DSB0006354,APP0010624,PR0048859,2026-03-17,BR005,AO019,Kredit Konsumtif,Konsumtif,48000000,18.0,12
DSB0006355,APP0010626,PR0048864,2025-10-23,BR004,AO013,Kredit Mikro,Mikro,19000000,21.0,12
DSB0006356,APP0010630,PR0048888,2025-08-28,BR004,AO014,Kredit Mikro,Mikro,20000000,21.0,36
DSB0006357,APP0010631,PR0048891,2025-07-27,BR003,AO009,Kredit Mikro,Mikro,73000000,21.0,24
DSB0006358,APP0010632,PR0048895,2025-12-10,BR004,AO016,Kredit Payroll,Payroll,95000000,15.5,36
DSB0006359,APP0010633,PR0048898,2025-12-27,BR006,AO024,Kredit Konsumtif,Konsumtif,47500000,18.0,36
DSB0006360,APP0010635,PR0048908,2025-10-31,BR007,AO028,Kredit Mikro,Mikro,47500000,21.0,36
DSB0006361,APP0010636,PR0048913,2026-03-26,BR006,AO022,Kredit Konsumtif,Konsumtif,145500000,18.0,24
DSB0006362,APP0010637,PR0048917,2026-05-31,BR006,AO021,Kredit Konsumtif,Konsumtif,124000000,18.0,24
DSB0006363,APP0010638,PR0048924,2025-07-21,BR003,AO011,Kredit Payroll,Payroll,48000000,15.5,60
DSB0006364,APP0010639,PR0048929,2025-09-28,BR006,AO021,Kredit Mikro,Mikro,49500000,21.0,18
DSB0006365,APP0010640,PR0048938,2026-01-20,BR003,AO010,Kredit Produktif SME,SME,283000000,19.0,12
DSB0006366,APP0010641,PR0048943,2026-06-22,BR001,AO004,Kredit Konsumtif,Konsumtif,70000000,18.0,36
DSB0006367,APP0010643,PR0048950,2025-10-29,BR005,AO017,Kredit Payroll,Payroll,48500000,15.5,60
DSB0006368,APP0010645,PR0048960,2026-02-27,BR001,AO001,Kredit Konsumtif,Konsumtif,48000000,18.0,36
DSB0006369,APP0010646,PR0048961,2026-04-29,BR007,AO025,Kredit Mikro,Mikro,95000000,21.0,36
DSB0006370,APP0010649,PR0048974,2025-12-31,BR002,AO006,Kredit Mikro,Mikro,18500000,21.0,24
DSB0006371,APP0010650,PR0048995,2026-03-24,BR003,AO011,Kredit Produktif SME,SME,140000000,19.0,12
DSB0006372,APP0010651,PR0048996,2025-10-01,BR007,AO026,Kredit Produktif SME,SME,184500000,19.0,60
DSB0006373,APP0010652,PR0049005,2025-08-12,BR001,AO004,Kredit Payroll,Payroll,195000000,15.5,48
DSB0006374,APP0010653,PR0049006,2025-12-01,BR002,AO007,Kredit Konsumtif,Konsumtif,119500000,18.0,36
DSB0006375,APP0010654,PR0049010,2026-02-25,BR002,AO005,Kredit Payroll,Payroll,50000000,15.5,60
DSB0006376,APP0010655,PR0049017,2025-12-15,BR002,AO008,Kredit Konsumtif,Konsumtif,47000000,18.0,12
DSB0006377,APP0010658,PR0049028,2026-04-16,BR006,AO021,Kredit Konsumtif,Konsumtif,72500000,18.0,12
DSB0006378,APP0010665,PR0049055,2026-05-10,BR004,AO013,Kredit Produktif SME,SME,192500000,19.0,48
DSB0006379,APP0010667,PR0049060,2026-01-20,BR003,AO010,Kredit Produktif SME,SME,496000000,19.0,12
DSB0006380,APP0010669,PR0049067,2026-03-09,BR002,AO008,Kredit Payroll,Payroll,184500000,15.5,60
DSB0006381,APP0010671,PR0049076,2025-08-12,BR003,AO010,Kredit Konsumtif,Konsumtif,147500000,18.0,12
DSB0006382,APP0010672,PR0049077,2026-05-27,BR001,AO002,Kredit Konsumtif,Konsumtif,72500000,18.0,18
DSB0006383,APP0010674,PR0049092,2025-12-01,BR002,AO008,Kredit Konsumtif,Konsumtif,118500000,18.0,36
DSB0006384,APP0010677,PR0049104,2025-08-10,BR004,AO015,Kredit Konsumtif,Konsumtif,99500000,18.0,36
DSB0006385,APP0010678,PR0049105,2026-06-16,BR005,AO019,Kredit Produktif SME,SME,488500000,19.0,48
DSB0006386,APP0010679,PR0049109,2026-01-18,BR005,AO020,Kredit Payroll,Payroll,145500000,15.5,60
DSB0006387,APP0010680,PR0049111,2026-03-03,BR004,AO013,Kredit Konsumtif,Konsumtif,73500000,18.0,18
DSB0006388,APP0010682,PR0049120,2026-05-13,BR005,AO018,Kredit Payroll,Payroll,184000000,15.5,24
DSB0006389,APP0010683,PR0049121,2025-08-14,BR005,AO020,Kredit Payroll,Payroll,94000000,15.5,24
DSB0006390,APP0010684,PR0049124,2026-06-09,BR007,AO025,Kredit Konsumtif,Konsumtif,143500000,18.0,12
DSB0006391,APP0010688,PR0049144,2025-12-31,BR005,AO020,Kredit Produktif SME,SME,495000000,19.0,24
DSB0006392,APP0010689,PR0049146,2025-10-25,BR005,AO017,Kredit Produktif SME,SME,466000000,19.0,24
DSB0006393,APP0010690,PR0049147,2025-07-24,BR004,AO015,Kredit Mikro,Mikro,49000000,21.0,36
DSB0006394,APP0010691,PR0049149,2025-12-17,BR006,AO021,Kredit Payroll,Payroll,187000000,15.5,60
DSB0006395,APP0010695,PR0049166,2026-01-29,BR001,AO004,Kredit Payroll,Payroll,70000000,15.5,36
DSB0006396,APP0010696,PR0049175,2026-03-31,BR007,AO025,Kredit Mikro,Mikro,46000000,21.0,12
DSB0006397,APP0010698,PR0049188,2026-03-10,BR003,AO010,Kredit Konsumtif,Konsumtif,50000000,18.0,12
DSB0006398,APP0010699,PR0049192,2025-12-16,BR007,AO025,Kredit Produktif SME,SME,93000000,19.0,48
DSB0006399,APP0010701,PR0049197,2025-12-13,BR004,AO013,Kredit Mikro,Mikro,71500000,21.0,18
DSB0006400,APP0010703,PR0049201,2026-06-28,BR003,AO011,Kredit Payroll,Payroll,50000000,15.5,60
DSB0006401,APP0010704,PR0049207,2026-06-21,BR006,AO024,Kredit Mikro,Mikro,72000000,21.0,36
DSB0006402,APP0010705,PR0049208,2026-03-27,BR003,AO010,Kredit Payroll,Payroll,145000000,15.5,60
DSB0006403,APP0010706,PR0049215,2026-01-27,BR002,AO007,Kredit Konsumtif,Konsumtif,74500000,18.0,18
DSB0006404,APP0010707,PR0049232,2025-07-13,BR007,AO027,Kredit Konsumtif,Konsumtif,47500000,18.0,24
DSB0006405,APP0010708,PR0049234,2025-08-28,BR006,AO021,Kredit Payroll,Payroll,72500000,15.5,24
DSB0006406,APP0010709,PR0049239,2026-03-23,BR003,AO011,Kredit Konsumtif,Konsumtif,48500000,18.0,24
DSB0006407,APP0010710,PR0049244,2025-10-16,BR006,AO022,Kredit Payroll,Payroll,48000000,15.5,36
DSB0006408,APP0010712,PR0049253,2025-11-10,BR003,AO009,Kredit Payroll,Payroll,93000000,15.5,48
DSB0006409,APP0010713,PR0049256,2026-03-24,BR007,AO028,Kredit Produktif SME,SME,196000000,19.0,12
DSB0006410,APP0010714,PR0049259,2026-06-19,BR006,AO023,Kredit Konsumtif,Konsumtif,29500000,18.0,18
DSB0006411,APP0010717,PR0049265,2026-03-27,BR006,AO022,Kredit Produktif SME,SME,929000000,19.0,24
DSB0006412,APP0010718,PR0049266,2026-01-31,BR007,AO027,Kredit Konsumtif,Konsumtif,69500000,18.0,36
DSB0006413,APP0010719,PR0049271,2026-01-24,BR001,AO004,Kredit Mikro,Mikro,46500000,21.0,36
DSB0006414,APP0010720,PR0049274,2025-07-31,BR005,AO020,Kredit Mikro,Mikro,71000000,21.0,24
DSB0006415,APP0010721,PR0049284,2025-09-27,BR002,AO008,Kredit Konsumtif,Konsumtif,71500000,18.0,24
DSB0006416,APP0010723,PR0049291,2026-05-31,BR007,AO025,Kredit Konsumtif,Konsumtif,141000000,18.0,18
DSB0006417,APP0010725,PR0049295,2025-10-10,BR002,AO005,Kredit Payroll,Payroll,99500000,15.5,24
DSB0006418,APP0010726,PR0049297,2026-05-17,BR002,AO006,Kredit Produktif SME,SME,94000000,19.0,24
DSB0006419,APP0010727,PR0049300,2026-01-23,BR001,AO001,Kredit Konsumtif,Konsumtif,140500000,18.0,12
DSB0006420,APP0010728,PR0049304,2026-05-28,BR003,AO011,Kredit Produktif SME,SME,704000000,19.0,60
DSB0006421,APP0010733,PR0049331,2026-05-15,BR005,AO018,Kredit Produktif SME,SME,198500000,19.0,24
DSB0006422,APP0010734,PR0049333,2025-10-10,BR003,AO012,Kredit Konsumtif,Konsumtif,116000000,18.0,18
DSB0006423,APP0010735,PR0049336,2026-03-03,BR001,AO001,Kredit Mikro,Mikro,47000000,21.0,24
DSB0006424,APP0010736,PR0049342,2025-12-18,BR004,AO014,Kredit Konsumtif,Konsumtif,73500000,18.0,12
DSB0006425,APP0010741,PR0049363,2026-02-22,BR004,AO016,Kredit Konsumtif,Konsumtif,97000000,18.0,36
DSB0006426,APP0010742,PR0049364,2026-01-31,BR002,AO005,Kredit Payroll,Payroll,146500000,15.5,36
DSB0006427,APP0010743,PR0049365,2026-05-01,BR002,AO007,Kredit Payroll,Payroll,72500000,15.5,12
DSB0006428,APP0010744,PR0049373,2026-04-14,BR003,AO011,Kredit Konsumtif,Konsumtif,73500000,18.0,18
DSB0006429,APP0010745,PR0049377,2026-05-01,BR004,AO016,Kredit Payroll,Payroll,47000000,15.5,60
DSB0006430,APP0010746,PR0049382,2025-10-31,BR002,AO005,Kredit Payroll,Payroll,73500000,15.5,60
DSB0006431,APP0010748,PR0049392,2026-04-07,BR002,AO005,Kredit Konsumtif,Konsumtif,148500000,18.0,36
DSB0006432,APP0010749,PR0049394,2026-05-01,BR004,AO013,Kredit Konsumtif,Konsumtif,95000000,18.0,36
DSB0006433,APP0010751,PR0049403,2025-11-19,BR001,AO004,Kredit Payroll,Payroll,47500000,15.5,60
DSB0006434,APP0010752,PR0049404,2025-12-29,BR001,AO002,Kredit Mikro,Mikro,73000000,21.0,24
DSB0006435,APP0010753,PR0049406,2025-08-31,BR003,AO010,Kredit Konsumtif,Konsumtif,123500000,18.0,24
DSB0006436,APP0010756,PR0049420,2025-11-11,BR003,AO010,Kredit Mikro,Mikro,49000000,21.0,12
DSB0006437,APP0010760,PR0049455,2025-07-22,BR001,AO003,Kredit Konsumtif,Konsumtif,46500000,18.0,24
DSB0006438,APP0010761,PR0049456,2025-10-01,BR003,AO012,Kredit Payroll,Payroll,72500000,15.5,12
DSB0006439,APP0010763,PR0049463,2026-05-21,BR001,AO001,Kredit Payroll,Payroll,95500000,15.5,12
DSB0006440,APP0010765,PR0049468,2026-02-20,BR003,AO009,Kredit Mikro,Mikro,29000000,21.0,18
DSB0006441,APP0010766,PR0049469,2026-01-25,BR005,AO019,Kredit Payroll,Payroll,49500000,15.5,48
DSB0006442,APP0010767,PR0049471,2026-05-31,BR003,AO011,Kredit Payroll,Payroll,191000000,15.5,48
DSB0006443,APP0010772,PR0049501,2026-05-01,BR001,AO001,Kredit Konsumtif,Konsumtif,72000000,18.0,12
DSB0006444,APP0010773,PR0049503,2025-09-16,BR007,AO025,Kredit Konsumtif,Konsumtif,49000000,18.0,36
DSB0006445,APP0010778,PR0049529,2026-05-01,BR006,AO021,Kredit Mikro,Mikro,94000000,21.0,18
DSB0006446,APP0010779,PR0049532,2026-06-22,BR001,AO001,Kredit Konsumtif,Konsumtif,96000000,18.0,12
DSB0006447,APP0010780,PR0049540,2026-02-10,BR003,AO010,Kredit Konsumtif,Konsumtif,30000000,18.0,12
DSB0006448,APP0010781,PR0049543,2025-12-24,BR007,AO028,Kredit Konsumtif,Konsumtif,94500000,18.0,24
DSB0006449,APP0010783,PR0049555,2025-07-31,BR003,AO011,Kredit Konsumtif,Konsumtif,70500000,18.0,24
DSB0006450,APP0010784,PR0049568,2026-05-31,BR002,AO008,Kredit Produktif SME,SME,722500000,19.0,36
DSB0006451,APP0010787,PR0049584,2025-11-25,BR005,AO020,Kredit Mikro,Mikro,73500000,21.0,12
DSB0006452,APP0010789,PR0049590,2026-04-20,BR004,AO013,Kredit Payroll,Payroll,187000000,15.5,48
DSB0006453,APP0010791,PR0049598,2025-09-13,BR006,AO021,Kredit Konsumtif,Konsumtif,95000000,18.0,18
DSB0006454,APP0010792,PR0049602,2025-10-31,BR007,AO025,Kredit Konsumtif,Konsumtif,30000000,18.0,24
DSB0006455,APP0010793,PR0049607,2025-10-22,BR003,AO009,Kredit Payroll,Payroll,188000000,15.5,24
DSB0006456,APP0010795,PR0049609,2025-10-01,BR005,AO019,Kredit Payroll,Payroll,72500000,15.5,36
DSB0006457,APP0010796,PR0049615,2025-07-31,BR005,AO019,Kredit Mikro,Mikro,48000000,21.0,12
DSB0006458,APP0010797,PR0049622,2025-11-14,BR002,AO007,Kredit Payroll,Payroll,49500000,15.5,36
DSB0006459,APP0010798,PR0049627,2026-05-27,BR007,AO025,Kredit Payroll,Payroll,70000000,15.5,24
DSB0006460,APP0010800,PR0049630,2025-07-15,BR005,AO017,Kredit Konsumtif,Konsumtif,49000000,18.0,36
DSB0006461,APP0010801,PR0049631,2026-03-17,BR002,AO006,Kredit Payroll,Payroll,139000000,15.5,24
DSB0006462,APP0010803,PR0049635,2025-09-24,BR003,AO011,Kredit Payroll,Payroll,70000000,15.5,12
DSB0006463,APP0010805,PR0049651,2025-09-23,BR002,AO008,Kredit Konsumtif,Konsumtif,48000000,18.0,24
DSB0006464,APP0010807,PR0049656,2026-06-08,BR001,AO004,Kredit Mikro,Mikro,95500000,21.0,12
DSB0006465,APP0010808,PR0049660,2026-02-15,BR004,AO013,Kredit Mikro,Mikro,28000000,21.0,36
DSB0006466,APP0010809,PR0049667,2026-07-01,BR005,AO020,Kredit Payroll,Payroll,187000000,15.5,12
DSB0006467,APP0010811,PR0049673,2025-11-11,BR006,AO021,Kredit Konsumtif,Konsumtif,28500000,18.0,36
DSB0006468,APP0010812,PR0049685,2026-04-20,BR005,AO018,Kredit Mikro,Mikro,49500000,21.0,18
DSB0006469,APP0010813,PR0049693,2025-07-09,BR001,AO004,Kredit Payroll,Payroll,48500000,15.5,60
DSB0006470,APP0010814,PR0049697,2026-05-25,BR002,AO007,Kredit Konsumtif,Konsumtif,149500000,18.0,12
DSB0006471,APP0010816,PR0049708,2025-08-18,BR004,AO013,Kredit Payroll,Payroll,192000000,15.5,48
DSB0006472,APP0010817,PR0049711,2026-06-13,BR001,AO002,Kredit Mikro,Mikro,19500000,21.0,36
DSB0006473,APP0010820,PR0049724,2026-05-21,BR006,AO024,Kredit Payroll,Payroll,143500000,15.5,24
DSB0006474,APP0010821,PR0049725,2025-10-09,BR005,AO019,Kredit Konsumtif,Konsumtif,96500000,18.0,18
DSB0006475,APP0010823,PR0049727,2025-11-27,BR003,AO011,Kredit Payroll,Payroll,74000000,15.5,48
DSB0006476,APP0010826,PR0049753,2025-08-23,BR004,AO014,Kredit Konsumtif,Konsumtif,93500000,18.0,18
DSB0006477,APP0010827,PR0049755,2026-05-10,BR005,AO018,Kredit Mikro,Mikro,49500000,21.0,36
DSB0006478,APP0010828,PR0049758,2025-10-08,BR006,AO024,Kredit Konsumtif,Konsumtif,29500000,18.0,12
DSB0006479,APP0010829,PR0049760,2026-02-24,BR007,AO026,Kredit Produktif SME,SME,195500000,19.0,12
DSB0006480,APP0010833,PR0049781,2026-04-19,BR005,AO019,Kredit Konsumtif,Konsumtif,47000000,18.0,12
DSB0006481,APP0010834,PR0049784,2026-01-31,BR001,AO001,Kredit Payroll,Payroll,96000000,15.5,24
DSB0006482,APP0010836,PR0049807,2025-09-09,BR003,AO009,Kredit Konsumtif,Konsumtif,117500000,18.0,12
DSB0006483,APP0010837,PR0049811,2026-01-31,BR006,AO021,Kredit Payroll,Payroll,92500000,15.5,36
DSB0006484,APP0010838,PR0049812,2025-07-31,BR002,AO008,Kredit Payroll,Payroll,97000000,15.5,12
DSB0006485,APP0010840,PR0049816,2026-06-17,BR006,AO024,Kredit Payroll,Payroll,46500000,15.5,60
DSB0006486,APP0010841,PR0049820,2026-06-25,BR003,AO012,Kredit Payroll,Payroll,93500000,15.5,36
DSB0006487,APP0010843,PR0049828,2025-07-17,BR006,AO021,Kredit Konsumtif,Konsumtif,47000000,18.0,36
DSB0006488,APP0010844,PR0049838,2025-11-25,BR005,AO018,Kredit Konsumtif,Konsumtif,28500000,18.0,24
DSB0006489,APP0010845,PR0049843,2025-09-24,BR004,AO014,Kredit Payroll,Payroll,46500000,15.5,60
DSB0006490,APP0010846,PR0049847,2026-01-31,BR001,AO001,Kredit Konsumtif,Konsumtif,71500000,18.0,24
DSB0006491,APP0010847,PR0049853,2025-07-23,BR006,AO024,Kredit Payroll,Payroll,139000000,15.5,48
DSB0006492,APP0010848,PR0049862,2025-12-28,BR003,AO010,Kredit Mikro,Mikro,95000000,21.0,12
DSB0006493,APP0010851,PR0049884,2025-11-20,BR003,AO011,Kredit Payroll,Payroll,146000000,15.5,48
DSB0006494,APP0010852,PR0049886,2026-06-23,BR005,AO020,Kredit Produktif SME,SME,474500000,19.0,36
DSB0006495,APP0010853,PR0049897,2025-12-31,BR001,AO004,Kredit Konsumtif,Konsumtif,30000000,18.0,36
DSB0006496,APP0010854,PR0049898,2026-06-06,BR001,AO004,Kredit Payroll,Payroll,145500000,15.5,36
DSB0006497,APP0010855,PR0049900,2026-02-21,BR005,AO019,Kredit Konsumtif,Konsumtif,72000000,18.0,18
DSB0006498,APP0010856,PR0049906,2026-06-26,BR003,AO009,Kredit Payroll,Payroll,48000000,15.5,24
DSB0006499,APP0010858,PR0049914,2026-06-30,BR003,AO011,Kredit Payroll,Payroll,149500000,15.5,24
DSB0006500,APP0010860,PR0049929,2026-01-17,BR001,AO002,Kredit Mikro,Mikro,72500000,21.0,36
DSB0006501,APP0010861,PR0049950,2025-11-20,BR002,AO008,Kredit Konsumtif,Konsumtif,47000000,18.0,24
DSB0006502,APP0010863,PR0049957,2026-04-28,BR003,AO010,Kredit Konsumtif,Konsumtif,74500000,18.0,36
DSB0006503,APP0010864,PR0049959,2026-05-25,BR003,AO012,Kredit Payroll,Payroll,73500000,15.5,48
DSB0006504,APP0010865,PR0049961,2026-04-14,BR006,AO021,Kredit Payroll,Payroll,74500000,15.5,12
DSB0006505,APP0010866,PR0049967,2026-01-25,BR005,AO019,Kredit Mikro,Mikro,47000000,21.0,36
DSB0006506,APP0010867,PR0049974,2025-10-31,BR001,AO004,Kredit Konsumtif,Konsumtif,29500000,18.0,24
DSB0006507,APP0010868,PR0049988,2026-05-21,BR003,AO012,Kredit Produktif SME,SME,282500000,19.0,24
DSB0006508,APP0010869,PR0049990,2025-10-19,BR001,AO001,Kredit Mikro,Mikro,46500000,21.0,12
DSB0006509,APP0010871,PR0049997,2026-01-31,BR003,AO010,Kredit Produktif SME,SME,293000000,19.0,60
DSB0006510,APP0010872,PR0049998,2025-07-17,BR001,AO004,Kredit Konsumtif,Konsumtif,47500000,18.0,18
